Country,Year,Rank,Total,C1: Security Apparatus,C2: Factionalized Elites,C3: Group Grievance,E1: Economy,E2: Economic Inequality,E3: Human Flight and Brain Drain,P1: State Legitimacy,P2: Public Services,P3: Human Rights,S1: Demographic Pressures,S2: Refugees and IDPs,X1: External Intervention,source_url,source_detail
Afghanistan,2006,10.000000,99.800000,8.200000,8.000000,9.100000,7.500000,8.000000,7.000000,8.300000,8.000000,8.200000,7.900000,9.600000,10.000000,https://fragilestatesindex.org/excel/ (archived in MainCode/fsi-2006.xlsx),thesis_archived_workbook
Afghanistan,2007,8.000000,102.300000,9.000000,8.500000,9.100000,8.300000,8.000000,7.000000,8.800000,8.000000,8.200000,8.500000,8.900000,10.000000,https://fragilestatesindex.org/excel/ (archived in MainCode/fsi-2007.xlsx),thesis_archived_workbook
Afghanistan,2008,7.000000,105.400000,9.600000,8.800000,9.500000,8.500000,8.100000,7.000000,9.200000,8.300000,8.400000,9.100000,8.900000,10.000000,https://fragilestatesindex.org/excel/ (archived in MainCode/fsi-2008.xlsx),thesis_archived_workbook
Afghanistan,2009,7.000000,108.200000,9.900000,9.100000,9.600000,8.300000,8.400000,7.200000,9.800000,8.900000,8.800000,9.300000,8.900000,10.000000,https://fragilestatesindex.org/excel/ (archived in MainCode/fsi-2009.xlsx),thesis_archived_workbook
Afghanistan,2010,6.000000,109.300000,9.700000,9.400000,9.700000,8.300000,8.200000,7.200000,10.000000,8.900000,9.200000,9.500000,9.200000,10.000000,https://fragilestatesindex.org/excel/ (archived in MainCode/fsi-2010.xlsx),thesis_archived_workbook
Afghanistan,2011,7.000000,107.500000,9.800000,9.400000,9.300000,8.000000,8.400000,7.200000,9.700000,8.500000,8.800000,9.100000,9.300000,10.000000,https://fragilestatesindex.org/excel/ (archived in MainCode/fsi-2011.xlsx),thesis_archived_workbook
Afghanistan,2012,6.000000,106.000000,9.700000,9.400000,9.400000,7.700000,8.100000,7.400000,9.500000,8.500000,8.500000,8.900000,9.000000,10.000000,https://fragilestatesindex.org/excel/ (archived in MainCode/fsi-2012.xlsx),thesis_archived_workbook
Afghanistan,2013,7.000000,106.700000,9.900000,9.400000,9.200000,8.200000,7.800000,7.200000,9.400000,8.800000,8.400000,9.300000,9.200000,10.000000,https://fragilestatesindex.org/excel/ (archived in MainCode/fsi-2013.xlsx),thesis_archived_workbook
Afghanistan,2014,7.000000,106.500000,10.000000,9.400000,8.700000,8.300000,7.500000,7.800000,9.500000,9.000000,8.300000,8.800000,9.300000,9.900000,https://fragilestatesindex.org/excel/ (archived in MainCode/fsi-2014.xlsx),thesis_archived_workbook
Afghanistan,2015,8.000000,107.900000,10.000000,9.300000,8.900000,8.600000,7.200000,8.100000,9.700000,9.300000,8.600000,9.300000,9.100000,9.800000,https://fragilestatesindex.org/excel/ (archived in MainCode/fsi-2015.xlsx),thesis_archived_workbook
Afghanistan,2016,9.000000,107.900000,10.000000,8.600000,8.600000,8.500000,7.500000,8.400000,9.100000,9.600000,8.700000,9.500000,9.500000,9.900000,https://fragilestatesindex.org/excel/ (archived in MainCode/fsi-2016.xlsx),thesis_archived_workbook
Afghanistan,2017,9.000000,107.300000,10.000000,8.600000,8.400000,8.300000,7.500000,8.200000,9.100000,9.900000,8.500000,9.300000,9.800000,9.700000,https://fragilestatesindex.org/excel/ (archived in MainCode/fsi-2017.xlsx),thesis_archived_workbook
Afghanistan,2018,9.000000,106.620768,10.000000,8.600000,8.100000,8.314048,7.800000,8.100000,9.073801,9.950000,8.200000,9.182918,9.900000,9.400000,https://fragilestatesindex.org/excel/ (archived in MainCode/fsi-2018.xlsx),thesis_archived_workbook
Afghanistan,2019,9.000000,105.000000,10.000000,8.600000,7.800000,8.600000,7.500000,7.800000,9.000000,9.800000,7.900000,9.300000,9.600000,9.100000,https://fragilestatesindex.org/excel/ (archived in MainCode/fsi-2019.xlsx),thesis_archived_workbook
Afghanistan,2020,9.000000,102.901187,9.932963,8.900000,7.500000,8.300000,7.729526,7.500000,9.006570,9.500000,7.600000,9.000000,9.300000,8.632129,https://fragilestatesindex.org/excel/ (archived in MainCode/fsi-2020.xlsx),thesis_archived_workbook
Afghanistan,2021,9.000000,102.100000,10.000000,8.600000,7.200000,9.200000,8.100000,7.000000,8.700000,9.800000,7.400000,9.000000,8.800000,8.300000,https://fragilestatesindex.org/wp-content/uploads/2021/05/fsi-2021.xlsx,publisher_workbook
Afghanistan,2022,8.000000,105.900000,10.000000,8.700000,8.200000,9.300000,8.200000,8.000000,9.200000,9.900000,8.400000,9.100000,8.900000,8.000000,https://fragilestatesindex.org/wp-content/uploads/2022/07/fsi-2022-download.xlsx,publisher_workbook
Afghanistan,2023,6.000000,106.600000,9.700000,8.700000,8.300000,9.600000,8.200000,8.500000,9.400000,10.000000,8.700000,9.200000,8.600000,7.700000,https://fragilestatesindex.org/wp-content/uploads/2023/06/FSI-2023-DOWNLOAD.xlsx,publisher_workbook
Albania,2006,94.000000,68.600000,5.500000,4.500000,4.500000,7.000000,6.000000,7.000000,7.000000,6.900000,5.500000,6.000000,2.700000,6.000000,https://fragilestatesindex.org/excel/ (archived in MainCode/fsi-2006.xlsx),thesis_archived_workbook
Albania,2007,110.000000,70.500000,5.500000,5.400000,5.400000,6.800000,6.100000,7.500000,7.400000,6.200000,5.400000,6.500000,2.700000,5.600000,https://fragilestatesindex.org/excel/ (archived in MainCode/fsi-2007.xlsx),thesis_archived_workbook
Albania,2008,112.000000,69.700000,5.500000,5.700000,5.400000,6.300000,6.100000,7.500000,7.200000,5.900000,5.400000,6.200000,2.700000,5.800000,https://fragilestatesindex.org/excel/ (archived in MainCode/fsi-2008.xlsx),thesis_archived_workbook
Albania,2009,109.000000,70.000000,5.500000,5.900000,5.400000,6.500000,5.900000,7.200000,7.300000,5.800000,5.800000,6.400000,2.600000,5.700000,https://fragilestatesindex.org/excel/ (archived in MainCode/fsi-2009.xlsx),thesis_archived_workbook
Albania,2010,121.000000,67.100000,5.400000,6.000000,4.900000,6.100000,5.700000,7.100000,6.800000,5.600000,5.300000,5.900000,2.800000,5.500000,https://fragilestatesindex.org/excel/ (archived in MainCode/fsi-2010.xlsx),thesis_archived_workbook
Albania,2011,121.000000,66.100000,5.400000,6.300000,5.100000,5.900000,5.400000,6.800000,6.400000,5.000000,5.000000,5.500000,3.100000,6.300000,https://fragilestatesindex.org/excel/ (archived in MainCode/fsi-2011.xlsx),thesis_archived_workbook
Albania,2012,118.000000,66.100000,5.400000,6.600000,5.100000,5.600000,5.100000,6.800000,7.300000,4.900000,5.500000,5.000000,2.800000,6.000000,https://fragilestatesindex.org/excel/ (archived in MainCode/fsi-2012.xlsx),thesis_archived_workbook
Albania,2013,119.000000,65.200000,5.500000,6.300000,4.800000,5.300000,4.800000,6.600000,7.000000,4.800000,6.000000,4.700000,3.100000,6.300000,https://fragilestatesindex.org/excel/ (archived in MainCode/fsi-2013.xlsx),thesis_archived_workbook
Albania,2014,123.000000,63.600000,5.000000,6.200000,4.700000,5.500000,4.500000,6.900000,6.500000,4.800000,5.500000,4.400000,3.400000,6.200000,https://fragilestatesindex.org/excel/ (archived in MainCode/fsi-2014.xlsx),thesis_archived_workbook
Albania,2015,125.000000,61.900000,4.700000,6.200000,5.000000,5.200000,4.200000,7.100000,6.200000,4.500000,5.500000,4.100000,3.100000,6.100000,https://fragilestatesindex.org/excel/ (archived in MainCode/fsi-2015.xlsx),thesis_archived_workbook
Albania,2016,124.000000,61.200000,4.400000,6.200000,4.700000,5.500000,3.800000,7.600000,5.900000,4.200000,5.000000,4.200000,3.300000,6.400000,https://fragilestatesindex.org/excel/ (archived in MainCode/fsi-2016.xlsx),thesis_archived_workbook
Albania,2017,124.000000,60.500000,4.700000,6.200000,4.500000,5.400000,3.600000,7.600000,5.700000,4.000000,4.800000,3.700000,3.600000,6.700000,https://fragilestatesindex.org/excel/ (archived in MainCode/fsi-2017.xlsx),thesis_archived_workbook
Albania,2018,122.000000,60.079308,4.843615,6.500000,4.200000,5.700000,3.300000,7.500000,6.000000,3.835694,4.500000,3.400000,3.300000,7.000000,https://fragilestatesindex.org/excel/ (archived in MainCode/fsi-2018.xlsx),thesis_archived_workbook
Albania,2019,121.000000,58.900000,5.100000,6.200000,4.300000,6.000000,3.000000,7.800000,5.700000,3.800000,4.200000,3.100000,3.000000,6.700000,https://fragilestatesindex.org/excel/ (archived in MainCode/fsi-2019.xlsx),thesis_archived_workbook
Albania,2020,119.000000,58.753811,5.072586,6.200000,4.400000,5.773246,2.700000,8.100000,5.800000,3.872738,3.900000,3.600000,2.935241,6.400000,https://fragilestatesindex.org/excel/ (archived in MainCode/fsi-2020.xlsx),thesis_archived_workbook
Albania,2021,119.000000,59.000000,4.800000,6.200000,4.100000,6.400000,2.900000,8.300000,5.500000,4.400000,3.600000,4.100000,2.600000,6.100000,https://fragilestatesindex.org/wp-content/uploads/2021/05/fsi-2021.xlsx,publisher_workbook
Albania,2022,121.000000,56.700000,4.500000,6.200000,3.800000,6.000000,2.600000,8.300000,5.200000,4.100000,3.300000,4.400000,2.500000,5.800000,https://fragilestatesindex.org/wp-content/uploads/2022/07/fsi-2022-download.xlsx,publisher_workbook
Albania,2023,121.000000,56.800000,4.800000,6.200000,3.500000,6.100000,2.900000,8.500000,5.000000,3.800000,3.600000,4.100000,2.800000,5.500000,https://fragilestatesindex.org/wp-content/uploads/2023/06/FSI-2023-DOWNLOAD.xlsx,publisher_workbook
Algeria,2006,72.000000,77.800000,6.800000,6.400000,7.100000,3.500000,7.400000,5.600000,7.500000,7.600000,7.500000,6.000000,6.600000,5.800000,https://fragilestatesindex.org/excel/ (archived in MainCode/fsi-2006.xlsx),thesis_archived_workbook
Algeria,2007,88.000000,75.900000,6.400000,5.900000,7.000000,3.500000,7.300000,5.600000,7.300000,7.000000,7.400000,6.100000,6.700000,5.700000,https://fragilestatesindex.org/excel/ (archived in MainCode/fsi-2007.xlsx),thesis_archived_workbook
Algeria,2008,80.000000,77.800000,6.700000,6.200000,7.200000,4.000000,7.300000,5.900000,7.500000,6.800000,7.600000,6.100000,6.800000,5.700000,https://fragilestatesindex.org/excel/ (archived in MainCode/fsi-2008.xlsx),thesis_archived_workbook
Algeria,2009,73.000000,80.600000,7.000000,6.700000,7.700000,4.600000,7.300000,6.200000,7.700000,6.700000,7.600000,6.700000,6.700000,5.700000,https://fragilestatesindex.org/excel/ (archived in MainCode/fsi-2009.xlsx),thesis_archived_workbook
Algeria,2010,71.000000,81.300000,7.500000,6.800000,8.200000,5.100000,7.100000,6.100000,7.500000,6.500000,7.600000,6.700000,6.500000,5.700000,https://fragilestatesindex.org/excel/ (archived in MainCode/fsi-2010.xlsx),thesis_archived_workbook
Algeria,2011,81.000000,78.000000,7.200000,6.800000,7.800000,5.200000,6.800000,5.700000,7.100000,6.100000,7.500000,6.400000,6.100000,5.300000,https://fragilestatesindex.org/excel/ (archived in MainCode/fsi-2011.xlsx),thesis_archived_workbook
Algeria,2012,77.000000,78.100000,7.100000,6.800000,8.100000,5.500000,6.500000,5.400000,7.200000,5.900000,7.400000,6.100000,6.500000,5.500000,https://fragilestatesindex.org/excel/ (archived in MainCode/fsi-2012.xlsx),thesis_archived_workbook
Algeria,2013,73.000000,78.700000,7.400000,7.300000,7.800000,5.800000,6.200000,5.100000,7.400000,5.900000,7.700000,5.800000,7.000000,5.200000,https://fragilestatesindex.org/excel/ (archived in MainCode/fsi-2013.xlsx),thesis_archived_workbook
Algeria,2014,71.000000,78.800000,7.500000,7.300000,7.900000,6.100000,5.900000,5.000000,7.500000,6.100000,7.400000,5.700000,6.700000,5.700000,https://fragilestatesindex.org/excel/ (archived in MainCode/fsi-2014.xlsx),thesis_archived_workbook
Algeria,2015,67.000000,79.600000,8.000000,7.700000,8.200000,6.400000,6.000000,5.100000,7.800000,5.800000,7.100000,5.700000,6.400000,5.400000,https://fragilestatesindex.org/excel/ (archived in MainCode/fsi-2015.xlsx),thesis_archived_workbook
Algeria,2016,76.000000,78.300000,7.700000,7.100000,7.900000,6.800000,6.300000,5.400000,7.800000,5.500000,6.800000,5.400000,6.500000,5.100000,https://fragilestatesindex.org/excel/ (archived in MainCode/fsi-2016.xlsx),thesis_archived_workbook
Algeria,2017,77.000000,76.800000,7.200000,7.100000,7.100000,6.600000,6.600000,5.800000,6.900000,6.000000,6.600000,5.200000,6.800000,4.900000,https://fragilestatesindex.org/excel/ (archived in MainCode/fsi-2017.xlsx),thesis_archived_workbook
Algeria,2018,73.000000,75.785052,6.900000,7.100000,7.338706,6.300000,6.300000,6.046346,7.200000,5.700000,6.300000,4.900000,7.100000,4.600000,https://fragilestatesindex.org/excel/ (archived in MainCode/fsi-2018.xlsx),thesis_archived_workbook
Algeria,2019,72.000000,75.400000,6.600000,7.100000,7.400000,6.300000,6.000000,6.100000,7.400000,5.400000,6.600000,4.600000,7.400000,4.300000,https://fragilestatesindex.org/excel/ (archived in MainCode/fsi-2019.xlsx),thesis_archived_workbook
Algeria,2020,71.000000,74.575183,6.317767,7.810000,7.472407,6.200000,5.700000,5.800000,8.270366,5.100000,6.300000,4.504643,7.100000,4.000000,https://fragilestatesindex.org/excel/ (archived in MainCode/fsi-2020.xlsx),thesis_archived_workbook
Algeria,2021,74.000000,73.600000,6.000000,7.500000,7.200000,6.800000,5.600000,5.500000,7.800000,5.600000,6.300000,4.800000,6.800000,3.700000,https://fragilestatesindex.org/wp-content/uploads/2021/05/fsi-2021.xlsx,publisher_workbook
Algeria,2022,77.000000,72.200000,6.100000,7.200000,6.900000,6.300000,5.300000,5.400000,7.900000,5.300000,6.600000,5.300000,6.500000,3.400000,https://fragilestatesindex.org/wp-content/uploads/2022/07/fsi-2022-download.xlsx,publisher_workbook
Algeria,2023,83.000000,70.000000,5.800000,6.900000,7.000000,6.200000,5.200000,5.100000,7.600000,5.000000,6.900000,5.000000,6.200000,3.100000,https://fragilestatesindex.org/wp-content/uploads/2023/06/FSI-2023-DOWNLOAD.xlsx,publisher_workbook
Angola,2006,37.000000,88.300000,6.800000,8.000000,6.300000,4.900000,9.000000,5.000000,8.800000,7.600000,7.800000,8.000000,8.500000,7.600000,https://fragilestatesindex.org/excel/ (archived in MainCode/fsi-2006.xlsx),thesis_archived_workbook
Angola,2007,53.000000,84.900000,6.200000,7.500000,5.900000,4.200000,8.700000,5.000000,8.600000,7.700000,7.500000,8.500000,7.500000,7.600000,https://fragilestatesindex.org/excel/ (archived in MainCode/fsi-2007.xlsx),thesis_archived_workbook
Angola,2008,56.000000,83.800000,6.200000,7.500000,5.900000,4.000000,9.000000,5.000000,8.400000,7.600000,7.500000,8.600000,6.900000,7.200000,https://fragilestatesindex.org/excel/ (archived in MainCode/fsi-2008.xlsx),thesis_archived_workbook
Angola,2009,55.000000,85.000000,6.200000,7.300000,6.100000,4.500000,9.400000,5.500000,8.000000,8.000000,7.200000,8.600000,7.000000,7.200000,https://fragilestatesindex.org/excel/ (archived in MainCode/fsi-2009.xlsx),thesis_archived_workbook
Angola,2010,59.000000,83.700000,5.900000,6.800000,5.900000,5.000000,9.100000,5.600000,8.100000,8.000000,7.300000,8.400000,6.900000,6.700000,https://fragilestatesindex.org/excel/ (archived in MainCode/fsi-2010.xlsx),thesis_archived_workbook
Angola,2011,52.000000,84.600000,6.200000,7.000000,6.200000,4.500000,8.800000,5.900000,8.500000,8.200000,7.500000,8.600000,6.600000,6.700000,https://fragilestatesindex.org/excel/ (archived in MainCode/fsi-2011.xlsx),thesis_archived_workbook
Angola,2012,48.000000,85.100000,5.900000,7.000000,6.500000,4.800000,9.100000,5.600000,8.200000,8.300000,7.600000,8.900000,6.900000,6.400000,https://fragilestatesindex.org/excel/ (archived in MainCode/fsi-2012.xlsx),thesis_archived_workbook
Angola,2013,43.000000,87.100000,6.100000,7.300000,6.800000,5.100000,9.400000,5.900000,8.600000,8.400000,7.300000,8.900000,7.200000,6.100000,https://fragilestatesindex.org/excel/ (archived in MainCode/fsi-2013.xlsx),thesis_archived_workbook
Angola,2014,43.000000,87.400000,5.800000,7.200000,7.100000,5.400000,9.500000,6.000000,8.000000,9.100000,7.000000,9.000000,7.500000,5.800000,https://fragilestatesindex.org/excel/ (archived in MainCode/fsi-2014.xlsx),thesis_archived_workbook
Angola,2015,42.000000,87.900000,6.000000,7.200000,7.300000,5.600000,9.600000,6.000000,8.300000,8.900000,7.300000,8.700000,7.600000,5.600000,https://fragilestatesindex.org/excel/ (archived in MainCode/fsi-2015.xlsx),thesis_archived_workbook
Angola,2016,37.000000,90.500000,6.200000,7.200000,7.700000,6.100000,9.600000,6.300000,8.800000,9.200000,7.500000,9.000000,7.300000,5.600000,https://fragilestatesindex.org/excel/ (archived in MainCode/fsi-2016.xlsx),thesis_archived_workbook
Angola,2017,32.000000,91.100000,6.500000,7.200000,7.500000,6.400000,9.900000,6.600000,8.600000,9.100000,7.300000,9.500000,7.100000,5.400000,https://fragilestatesindex.org/excel/ (archived in MainCode/fsi-2017.xlsx),thesis_archived_workbook
Angola,2018,33.000000,89.440296,6.800000,7.200000,7.200000,6.300000,9.600000,6.900000,8.540296,8.800000,7.000000,9.200000,6.800000,5.100000,https://fragilestatesindex.org/excel/ (archived in MainCode/fsi-2018.xlsx),thesis_archived_workbook
Angola,2019,35.000000,87.800000,6.900000,7.200000,7.500000,6.600000,9.300000,6.600000,8.000000,8.700000,6.700000,8.900000,6.500000,4.900000,https://fragilestatesindex.org/excel/ (archived in MainCode/fsi-2019.xlsx),thesis_archived_workbook
Angola,2020,34.000000,87.320039,7.082237,7.200000,7.800000,6.900000,9.000000,6.300000,8.049776,8.708897,6.400000,8.818717,6.200000,4.860412,https://fragilestatesindex.org/excel/ (archived in MainCode/fsi-2020.xlsx),thesis_archived_workbook
Angola,2021,34.000000,89.000000,7.200000,7.200000,8.100000,8.400000,8.900000,6.000000,8.200000,9.300000,6.200000,9.000000,5.900000,4.600000,https://fragilestatesindex.org/wp-content/uploads/2021/05/fsi-2021.xlsx,publisher_workbook
Angola,2022,35.000000,88.100000,6.900000,7.200000,8.400000,8.300000,8.800000,5.900000,8.300000,9.100000,6.100000,9.200000,5.600000,4.300000,https://fragilestatesindex.org/wp-content/uploads/2022/07/fsi-2022-download.xlsx,publisher_workbook
Angola,2023,39.000000,86.900000,6.600000,7.200000,8.700000,8.200000,8.800000,5.600000,8.100000,8.800000,6.300000,9.300000,5.300000,4.000000,https://fragilestatesindex.org/wp-content/uploads/2023/06/FSI-2023-DOWNLOAD.xlsx,publisher_workbook
Antigua and Barbuda,2007,120.000000,65.700000,5.200000,4.600000,5.200000,4.800000,7.100000,7.900000,6.300000,4.900000,5.500000,5.200000,3.600000,5.400000,https://fragilestatesindex.org/excel/ (archived in MainCode/fsi-2007.xlsx),thesis_archived_workbook
Antigua and Barbuda,2008,124.000000,64.100000,5.200000,4.600000,4.900000,4.600000,6.900000,7.900000,6.000000,4.900000,5.500000,4.900000,3.300000,5.400000,https://fragilestatesindex.org/excel/ (archived in MainCode/fsi-2008.xlsx),thesis_archived_workbook
Antigua and Barbuda,2009,126.000000,62.800000,5.000000,4.400000,4.300000,4.800000,6.500000,7.800000,5.800000,5.000000,5.000000,4.700000,3.600000,5.900000,https://fragilestatesindex.org/excel/ (archived in MainCode/fsi-2009.xlsx),thesis_archived_workbook
Antigua and Barbuda,2010,127.000000,60.900000,4.600000,4.000000,4.500000,5.500000,6.100000,7.300000,5.300000,4.600000,4.700000,4.700000,3.400000,6.200000,https://fragilestatesindex.org/excel/ (archived in MainCode/fsi-2010.xlsx),thesis_archived_workbook
Antigua and Barbuda,2011,125.000000,59.900000,4.900000,3.700000,4.100000,5.100000,5.900000,7.600000,5.800000,4.300000,4.500000,5.200000,3.000000,5.800000,https://fragilestatesindex.org/excel/ (archived in MainCode/fsi-2011.xlsx),thesis_archived_workbook
Antigua and Barbuda,2012,127.000000,58.900000,4.900000,3.700000,4.100000,4.800000,5.600000,7.900000,5.800000,4.300000,4.800000,4.900000,2.700000,5.500000,https://fragilestatesindex.org/excel/ (archived in MainCode/fsi-2012.xlsx),thesis_archived_workbook
Antigua and Barbuda,2013,128.000000,58.000000,4.900000,3.700000,4.100000,4.500000,5.600000,7.600000,5.800000,4.000000,4.400000,4.600000,3.000000,5.800000,https://fragilestatesindex.org/excel/ (archived in MainCode/fsi-2013.xlsx),thesis_archived_workbook
Antigua and Barbuda,2014,127.000000,59.000000,4.900000,3.700000,4.100000,4.500000,5.300000,7.600000,5.800000,4.100000,4.700000,4.900000,3.300000,6.100000,https://fragilestatesindex.org/excel/ (archived in MainCode/fsi-2014.xlsx),thesis_archived_workbook
Antigua and Barbuda,2015,127.000000,57.800000,5.200000,3.700000,3.900000,5.000000,5.000000,7.300000,5.900000,3.900000,4.500000,4.600000,3.000000,5.800000,https://fragilestatesindex.org/excel/ (archived in MainCode/fsi-2015.xlsx),thesis_archived_workbook
Antigua and Barbuda,2016,129.000000,56.200000,5.400000,3.700000,3.900000,4.700000,4.700000,7.000000,5.600000,4.000000,4.600000,4.300000,2.800000,5.500000,https://fragilestatesindex.org/excel/ (archived in MainCode/fsi-2016.xlsx),thesis_archived_workbook
Antigua and Barbuda,2017,131.000000,54.800000,5.700000,3.700000,3.900000,4.500000,4.500000,6.800000,5.400000,3.800000,4.400000,4.100000,2.700000,5.300000,https://fragilestatesindex.org/excel/ (archived in MainCode/fsi-2017.xlsx),thesis_archived_workbook
Antigua and Barbuda,2018,127.000000,55.611041,5.700000,3.700000,3.600000,4.800000,4.200000,6.700000,5.100000,3.800000,4.411041,4.600000,3.200000,5.800000,https://fragilestatesindex.org/excel/ (archived in MainCode/fsi-2018.xlsx),thesis_archived_workbook
Antigua and Barbuda,2019,127.000000,54.400000,5.700000,3.700000,3.600000,5.100000,4.200000,6.400000,4.800000,3.700000,4.500000,4.300000,2.900000,5.500000,https://fragilestatesindex.org/excel/ (archived in MainCode/fsi-2019.xlsx),thesis_archived_workbook
Antigua and Barbuda,2020,127.000000,52.062352,5.700000,3.700000,3.600000,4.800000,4.200000,6.162352,4.500000,3.400000,4.200000,4.000000,2.600000,5.200000,https://fragilestatesindex.org/excel/ (archived in MainCode/fsi-2020.xlsx),thesis_archived_workbook
Antigua and Barbuda,2021,127.000000,54.900000,5.400000,3.700000,3.600000,6.900000,4.500000,6.000000,4.200000,4.400000,3.900000,4.300000,2.500000,5.500000,https://fragilestatesindex.org/wp-content/uploads/2021/05/fsi-2021.xlsx,publisher_workbook
Antigua and Barbuda,2022,127.000000,54.200000,5.100000,3.700000,3.600000,7.100000,4.800000,6.000000,3.900000,4.100000,3.600000,4.000000,2.500000,5.800000,https://fragilestatesindex.org/wp-content/uploads/2022/07/fsi-2022-download.xlsx,publisher_workbook
Antigua and Barbuda,2023,126.000000,53.800000,4.900000,3.700000,3.600000,6.600000,5.100000,6.200000,3.600000,3.800000,3.800000,3.700000,2.700000,6.100000,https://fragilestatesindex.org/wp-content/uploads/2023/06/FSI-2023-DOWNLOAD.xlsx,publisher_workbook
Argentina,2006,122.000000,40.800000,2.000000,2.800000,4.000000,4.200000,5.200000,4.000000,3.500000,4.000000,3.700000,3.000000,1.400000,3.000000,https://fragilestatesindex.org/excel/ (archived in MainCode/fsi-2006.xlsx),thesis_archived_workbook
Argentina,2007,149.000000,41.400000,1.900000,2.700000,4.000000,4.600000,5.200000,4.000000,3.400000,3.800000,3.700000,3.800000,1.500000,2.800000,https://fragilestatesindex.org/excel/ (archived in MainCode/fsi-2007.xlsx),thesis_archived_workbook
Argentina,2008,151.000000,41.400000,1.900000,2.700000,4.000000,4.500000,5.200000,4.000000,3.400000,3.900000,3.700000,3.800000,1.500000,2.800000,https://fragilestatesindex.org/excel/ (archived in MainCode/fsi-2008.xlsx),thesis_archived_workbook
Argentina,2009,148.000000,44.700000,2.100000,3.100000,4.500000,4.800000,5.500000,4.000000,3.400000,4.200000,4.000000,4.100000,2.000000,3.000000,https://fragilestatesindex.org/excel/ (archived in MainCode/fsi-2009.xlsx),thesis_archived_workbook
Argentina,2010,148.000000,45.800000,2.400000,3.200000,4.500000,5.100000,5.800000,3.800000,3.600000,3.700000,3.800000,4.600000,2.200000,3.100000,https://fragilestatesindex.org/excel/ (archived in MainCode/fsi-2010.xlsx),thesis_archived_workbook
Argentina,2011,145.000000,46.800000,2.700000,3.000000,4.900000,4.400000,6.000000,3.500000,4.000000,3.500000,4.000000,4.400000,2.600000,3.800000,https://fragilestatesindex.org/excel/ (archived in MainCode/fsi-2011.xlsx),thesis_archived_workbook
Argentina,2012,145.000000,46.500000,3.000000,3.000000,4.700000,4.100000,6.300000,3.300000,4.300000,3.800000,3.800000,4.400000,2.300000,3.500000,https://fragilestatesindex.org/excel/ (archived in MainCode/fsi-2012.xlsx),thesis_archived_workbook
Argentina,2013,144.000000,46.100000,3.000000,2.700000,5.000000,4.000000,6.000000,3.000000,4.400000,3.900000,4.100000,4.100000,2.000000,3.800000,https://fragilestatesindex.org/excel/ (archived in MainCode/fsi-2013.xlsx),thesis_archived_workbook
Argentina,2014,144.000000,47.300000,3.300000,2.800000,5.300000,4.300000,5.700000,2.700000,4.300000,4.100000,4.400000,4.200000,2.300000,3.900000,https://fragilestatesindex.org/excel/ (archived in MainCode/fsi-2014.xlsx),thesis_archived_workbook
Argentina,2015,141.000000,47.600000,3.600000,2.800000,5.000000,4.900000,5.400000,3.000000,4.700000,4.300000,4.100000,3.800000,2.000000,4.000000,https://fragilestatesindex.org/excel/ (archived in MainCode/fsi-2015.xlsx),thesis_archived_workbook
Argentina,2016,140.000000,48.400000,4.000000,2.800000,4.700000,5.500000,5.100000,2.700000,5.000000,4.000000,3.800000,4.000000,2.500000,4.300000,https://fragilestatesindex.org/excel/ (archived in MainCode/fsi-2016.xlsx),thesis_archived_workbook
Argentina,2017,140.000000,48.200000,4.300000,2.800000,5.000000,4.300000,5.400000,3.000000,4.800000,3.800000,4.100000,3.800000,2.300000,4.600000,https://fragilestatesindex.org/excel/ (archived in MainCode/fsi-2017.xlsx),thesis_archived_workbook
Argentina,2018,141.000000,46.069923,4.600000,2.800000,4.700000,4.200000,5.100000,2.838862,4.500000,3.500000,3.800000,3.500000,2.219806,4.311254,https://fragilestatesindex.org/excel/ (archived in MainCode/fsi-2018.xlsx),thesis_archived_workbook
Argentina,2019,140.000000,46.000000,4.900000,2.800000,4.400000,4.900000,5.200000,3.000000,4.200000,3.300000,3.900000,3.200000,1.900000,4.300000,https://fragilestatesindex.org/excel/ (archived in MainCode/fsi-2019.xlsx),thesis_archived_workbook
Argentina,2020,138.000000,46.087950,5.200000,2.800000,4.100000,5.400000,4.900000,2.940120,3.900000,3.347830,3.600000,3.300000,2.000000,4.600000,https://fragilestatesindex.org/excel/ (archived in MainCode/fsi-2020.xlsx),thesis_archived_workbook
Argentina,2021,137.000000,50.100000,4.900000,2.800000,3.800000,7.100000,4.900000,3.000000,4.000000,4.800000,3.300000,5.300000,1.900000,4.300000,https://fragilestatesindex.org/wp-content/uploads/2021/05/fsi-2021.xlsx,publisher_workbook
Argentina,2022,138.000000,47.900000,4.600000,2.800000,3.500000,6.300000,5.000000,3.000000,3.700000,4.500000,3.000000,5.600000,1.900000,4.000000,https://fragilestatesindex.org/wp-content/uploads/2022/07/fsi-2022-download.xlsx,publisher_workbook
Argentina,2023,139.000000,46.400000,4.300000,2.800000,3.200000,6.600000,5.300000,2.900000,3.400000,4.200000,2.700000,5.700000,1.600000,3.700000,https://fragilestatesindex.org/wp-content/uploads/2023/06/FSI-2023-DOWNLOAD.xlsx,publisher_workbook
Armenia,2006,89.000000,71.500000,4.500000,5.800000,5.000000,5.100000,6.000000,7.000000,7.000000,6.500000,6.000000,6.000000,7.100000,5.500000,https://fragilestatesindex.org/excel/ (archived in MainCode/fsi-2006.xlsx),thesis_archived_workbook
Armenia,2007,111.000000,70.300000,4.500000,5.800000,5.000000,5.000000,6.000000,6.900000,6.500000,6.200000,5.500000,5.800000,7.600000,5.500000,https://fragilestatesindex.org/excel/ (archived in MainCode/fsi-2007.xlsx),thesis_archived_workbook
Armenia,2008,109.000000,70.700000,4.500000,6.000000,5.000000,5.600000,6.000000,6.700000,6.500000,6.000000,5.500000,5.800000,7.500000,5.600000,https://fragilestatesindex.org/excel/ (archived in MainCode/fsi-2008.xlsx),thesis_archived_workbook
Armenia,2009,101.000000,74.300000,5.300000,6.900000,6.000000,5.300000,6.500000,6.700000,7.100000,5.400000,6.100000,5.900000,7.200000,5.900000,https://fragilestatesindex.org/excel/ (archived in MainCode/fsi-2009.xlsx),thesis_archived_workbook
Armenia,2010,101.000000,74.100000,5.100000,7.000000,6.000000,5.800000,6.500000,7.000000,6.600000,5.300000,6.400000,5.700000,6.900000,5.800000,https://fragilestatesindex.org/excel/ (archived in MainCode/fsi-2010.xlsx),thesis_archived_workbook
Armenia,2011,102.000000,72.300000,5.200000,7.000000,6.000000,5.300000,6.200000,6.600000,6.600000,5.000000,6.500000,5.500000,6.600000,5.800000,https://fragilestatesindex.org/excel/ (archived in MainCode/fsi-2011.xlsx),thesis_archived_workbook
Armenia,2012,102.000000,72.200000,5.200000,7.000000,5.700000,5.600000,5.900000,6.300000,6.800000,4.700000,6.800000,5.200000,6.800000,6.100000,https://fragilestatesindex.org/excel/ (archived in MainCode/fsi-2012.xlsx),thesis_archived_workbook
Armenia,2013,105.000000,71.300000,5.300000,7.000000,5.700000,5.900000,5.600000,6.000000,6.600000,4.400000,6.800000,4.900000,7.000000,6.200000,https://fragilestatesindex.org/excel/ (archived in MainCode/fsi-2013.xlsx),thesis_archived_workbook
Armenia,2014,104.000000,71.300000,5.600000,7.400000,5.700000,5.800000,5.300000,5.700000,6.700000,4.400000,6.800000,4.700000,6.700000,6.500000,https://fragilestatesindex.org/excel/ (archived in MainCode/fsi-2014.xlsx),thesis_archived_workbook
Armenia,2015,108.000000,69.700000,5.300000,7.000000,5.400000,6.000000,5.000000,6.000000,7.000000,4.100000,6.500000,3.600000,7.000000,6.800000,https://fragilestatesindex.org/excel/ (archived in MainCode/fsi-2015.xlsx),thesis_archived_workbook
Armenia,2016,109.000000,69.600000,5.000000,7.000000,5.600000,6.500000,4.700000,5.900000,7.200000,3.800000,7.000000,3.300000,6.700000,6.900000,https://fragilestatesindex.org/excel/ (archived in MainCode/fsi-2016.xlsx),thesis_archived_workbook
Armenia,2017,102.000000,71.000000,5.500000,7.400000,6.100000,6.300000,4.500000,6.200000,7.600000,3.600000,7.000000,3.100000,7.000000,6.700000,https://fragilestatesindex.org/excel/ (archived in MainCode/fsi-2017.xlsx),thesis_archived_workbook
Armenia,2018,102.000000,69.545224,5.200000,7.400000,5.800000,6.600000,4.200000,6.100000,8.100000,3.386617,6.858607,2.800000,6.700000,6.400000,https://fragilestatesindex.org/excel/ (archived in MainCode/fsi-2018.xlsx),thesis_archived_workbook
Armenia,2019,105.000000,66.700000,4.900000,7.400000,5.500000,6.500000,3.900000,6.400000,7.100000,3.300000,6.600000,2.500000,6.400000,6.300000,https://fragilestatesindex.org/excel/ (archived in MainCode/fsi-2019.xlsx),thesis_archived_workbook
Armenia,2020,108.000000,64.200000,5.200000,7.000000,5.000000,6.200000,3.600000,6.500000,6.600000,3.300000,6.300000,2.379617,6.100000,6.000000,https://fragilestatesindex.org/excel/ (archived in MainCode/fsi-2020.xlsx),thesis_archived_workbook
Armenia,2021,91.000000,69.800000,5.700000,7.000000,5.300000,6.600000,3.600000,6.800000,6.900000,3.900000,6.000000,4.400000,6.600000,7.000000,https://fragilestatesindex.org/wp-content/uploads/2021/05/fsi-2021.xlsx,publisher_workbook
Armenia,2022,97.000000,67.000000,5.400000,6.700000,5.600000,6.100000,3.100000,6.700000,6.600000,3.600000,5.700000,4.100000,6.500000,6.900000,https://fragilestatesindex.org/wp-content/uploads/2022/07/fsi-2022-download.xlsx,publisher_workbook
Armenia,2023,93.000000,67.500000,5.700000,6.400000,5.900000,6.400000,2.800000,7.200000,6.300000,3.400000,5.800000,3.800000,6.800000,7.000000,https://fragilestatesindex.org/wp-content/uploads/2023/06/FSI-2023-DOWNLOAD.xlsx,publisher_workbook
Australia,2006,140.000000,22.000000,1.000000,1.500000,3.000000,1.500000,4.500000,1.000000,1.000000,1.000000,2.500000,2.500000,1.500000,1.000000,https://fragilestatesindex.org/excel/ (archived in MainCode/fsi-2006.xlsx),thesis_archived_workbook
Australia,2007,168.000000,23.200000,0.900000,1.500000,3.000000,1.800000,4.400000,1.100000,1.000000,1.400000,2.500000,2.900000,1.600000,1.100000,https://fragilestatesindex.org/excel/ (archived in MainCode/fsi-2007.xlsx),thesis_archived_workbook
Australia,2008,169.000000,24.600000,0.900000,1.500000,3.500000,2.300000,4.400000,1.100000,1.000000,1.400000,2.500000,2.900000,2.000000,1.100000,https://fragilestatesindex.org/excel/ (archived in MainCode/fsi-2008.xlsx),thesis_archived_workbook
Australia,2009,170.000000,25.900000,1.000000,1.500000,3.400000,2.800000,4.400000,1.100000,1.400000,1.400000,2.500000,3.100000,2.200000,1.100000,https://fragilestatesindex.org/excel/ (archived in MainCode/fsi-2009.xlsx),thesis_archived_workbook
Australia,2010,168.000000,27.300000,1.400000,1.500000,3.400000,3.200000,4.200000,1.200000,1.500000,1.800000,2.000000,3.500000,2.500000,1.100000,https://fragilestatesindex.org/excel/ (archived in MainCode/fsi-2010.xlsx),thesis_archived_workbook
Australia,2011,167.000000,28.100000,1.700000,1.600000,3.600000,2.900000,3.900000,1.600000,1.600000,1.800000,1.900000,3.300000,2.800000,1.400000,https://fragilestatesindex.org/excel/ (archived in MainCode/fsi-2011.xlsx),thesis_archived_workbook
Australia,2012,165.000000,29.200000,2.000000,1.600000,3.900000,2.600000,3.600000,1.400000,1.300000,2.100000,2.200000,4.400000,3.000000,1.100000,https://fragilestatesindex.org/excel/ (archived in MainCode/fsi-2012.xlsx),thesis_archived_workbook
Australia,2013,169.000000,25.400000,1.700000,1.600000,3.600000,2.100000,3.300000,1.100000,1.000000,1.800000,2.200000,3.300000,2.700000,1.000000,https://fragilestatesindex.org/excel/ (archived in MainCode/fsi-2013.xlsx),thesis_archived_workbook
Australia,2014,169.000000,26.300000,2.000000,1.600000,3.900000,2.400000,3.000000,0.900000,1.000000,2.100000,2.300000,3.400000,2.400000,1.300000,https://fragilestatesindex.org/excel/ (archived in MainCode/fsi-2014.xlsx),thesis_archived_workbook
Australia,2015,170.000000,24.300000,2.100000,1.600000,4.400000,2.100000,2.700000,1.000000,1.100000,2.000000,2.400000,1.800000,2.100000,1.000000,https://fragilestatesindex.org/excel/ (archived in MainCode/fsi-2015.xlsx),thesis_archived_workbook
Australia,2016,172.000000,22.500000,1.800000,1.700000,4.100000,1.800000,2.400000,1.000000,1.000000,1.700000,2.500000,1.500000,2.000000,1.000000,https://fragilestatesindex.org/excel/ (archived in MainCode/fsi-2016.xlsx),thesis_archived_workbook
Australia,2017,172.000000,22.300000,2.100000,1.700000,3.900000,1.700000,2.200000,1.300000,1.000000,1.500000,2.300000,1.300000,2.300000,1.000000,https://fragilestatesindex.org/excel/ (archived in MainCode/fsi-2017.xlsx),thesis_archived_workbook
Australia,2018,170.000000,20.770766,2.400000,1.700000,3.600000,1.857739,1.900000,1.313027,0.700000,1.200000,2.000000,1.400000,2.000000,0.700000,https://fragilestatesindex.org/excel/ (archived in MainCode/fsi-2018.xlsx),thesis_archived_workbook
Australia,2019,174.000000,19.700000,2.700000,1.700000,3.300000,1.600000,1.600000,1.000000,1.000000,1.500000,1.700000,1.200000,1.700000,0.700000,https://fragilestatesindex.org/excel/ (archived in MainCode/fsi-2019.xlsx),thesis_archived_workbook
Australia,2020,169.000000,19.746409,3.000000,1.700000,3.400000,1.300000,1.546409,0.700000,0.700000,1.800000,1.400000,1.900000,1.800000,0.500000,https://fragilestatesindex.org/excel/ (archived in MainCode/fsi-2020.xlsx),thesis_archived_workbook
Australia,2021,170.000000,21.800000,2.700000,1.700000,3.100000,1.600000,1.800000,0.500000,0.500000,2.800000,1.700000,2.900000,2.000000,0.500000,https://fragilestatesindex.org/wp-content/uploads/2021/05/fsi-2021.xlsx,publisher_workbook
Australia,2022,168.000000,22.700000,2.400000,1.700000,3.200000,1.900000,2.300000,0.400000,0.400000,2.500000,1.900000,3.700000,2.000000,0.300000,https://fragilestatesindex.org/wp-content/uploads/2022/07/fsi-2022-download.xlsx,publisher_workbook
Australia,2023,168.000000,22.000000,2.100000,1.700000,2.900000,1.600000,2.600000,0.400000,0.400000,2.200000,2.200000,3.800000,1.700000,0.400000,https://fragilestatesindex.org/wp-content/uploads/2023/06/FSI-2023-DOWNLOAD.xlsx,publisher_workbook
Austria,2006,136.000000,26.100000,1.000000,2.000000,3.500000,1.900000,5.000000,1.000000,1.300000,1.000000,1.500000,2.500000,2.100000,3.300000,https://fragilestatesindex.org/excel/ (archived in MainCode/fsi-2006.xlsx),thesis_archived_workbook
Austria,2007,165.000000,26.000000,1.000000,2.000000,3.500000,1.900000,5.000000,1.100000,1.300000,1.400000,1.500000,2.800000,2.200000,2.300000,https://fragilestatesindex.org/excel/ (archived in MainCode/fsi-2007.xlsx),thesis_archived_workbook
Austria,2008,168.000000,25.900000,1.000000,2.000000,3.500000,1.900000,4.900000,1.100000,1.300000,1.400000,1.500000,2.800000,2.200000,2.300000,https://fragilestatesindex.org/excel/ (archived in MainCode/fsi-2008.xlsx),thesis_archived_workbook
Austria,2009,167.000000,27.600000,1.000000,2.400000,3.600000,2.300000,4.900000,1.100000,1.600000,1.400000,1.600000,2.900000,2.200000,2.600000,https://fragilestatesindex.org/excel/ (archived in MainCode/fsi-2009.xlsx),thesis_archived_workbook
Austria,2010,170.000000,27.200000,1.100000,1.900000,3.800000,2.700000,4.700000,1.200000,1.400000,1.400000,1.600000,2.700000,2.300000,2.400000,https://fragilestatesindex.org/excel/ (archived in MainCode/fsi-2010.xlsx),thesis_archived_workbook
Austria,2011,169.000000,27.300000,1.100000,2.400000,3.800000,2.300000,4.400000,1.600000,1.200000,1.600000,1.500000,2.600000,2.600000,2.200000,https://fragilestatesindex.org/excel/ (archived in MainCode/fsi-2011.xlsx),thesis_archived_workbook
Austria,2012,168.000000,27.500000,1.400000,2.400000,4.000000,2.000000,4.100000,1.900000,1.300000,1.800000,1.800000,2.600000,2.300000,1.900000,https://fragilestatesindex.org/excel/ (archived in MainCode/fsi-2012.xlsx),thesis_archived_workbook
Austria,2013,166.000000,26.900000,1.100000,2.700000,4.300000,1.900000,4.000000,1.600000,1.500000,1.500000,2.000000,2.300000,2.400000,1.600000,https://fragilestatesindex.org/excel/ (archived in MainCode/fsi-2013.xlsx),thesis_archived_workbook
Austria,2014,167.000000,28.500000,1.400000,2.700000,4.600000,2.200000,3.700000,1.800000,1.600000,1.800000,2.000000,2.700000,2.300000,1.700000,https://fragilestatesindex.org/excel/ (archived in MainCode/fsi-2014.xlsx),thesis_archived_workbook
Austria,2015,167.000000,25.800000,1.100000,2.700000,4.300000,2.200000,3.400000,1.500000,1.400000,1.600000,1.700000,2.400000,2.000000,1.700000,https://fragilestatesindex.org/excel/ (archived in MainCode/fsi-2015.xlsx),thesis_archived_workbook
Austria,2016,167.000000,27.500000,1.200000,2.700000,4.000000,1.900000,3.100000,1.200000,1.100000,1.300000,1.400000,2.100000,6.100000,1.400000,https://fragilestatesindex.org/excel/ (archived in MainCode/fsi-2016.xlsx),thesis_archived_workbook
Austria,2017,166.000000,27.700000,1.000000,3.200000,4.500000,2.200000,2.900000,1.500000,1.400000,1.100000,1.200000,1.900000,5.600000,1.200000,https://fragilestatesindex.org/excel/ (archived in MainCode/fsi-2017.xlsx),thesis_archived_workbook
Austria,2018,165.000000,26.181880,1.300000,3.200000,4.800000,1.909051,2.600000,1.200000,1.400000,1.009743,0.963086,1.600000,5.300000,0.900000,https://fragilestatesindex.org/excel/ (archived in MainCode/fsi-2018.xlsx),thesis_archived_workbook
Austria,2019,165.000000,25.000000,1.600000,3.200000,4.500000,1.600000,2.300000,1.400000,1.100000,1.100000,0.900000,1.300000,5.000000,0.900000,https://fragilestatesindex.org/excel/ (archived in MainCode/fsi-2019.xlsx),thesis_archived_workbook
Austria,2020,164.000000,24.108703,1.900000,3.200000,4.200000,1.300000,2.000000,1.570177,0.800000,1.338526,0.600000,1.900000,4.700000,0.600000,https://fragilestatesindex.org/excel/ (archived in MainCode/fsi-2020.xlsx),thesis_archived_workbook
Austria,2021,166.000000,26.100000,1.600000,3.200000,3.900000,1.800000,2.300000,1.600000,0.600000,2.300000,0.500000,3.400000,4.400000,0.500000,https://fragilestatesindex.org/wp-content/uploads/2021/05/fsi-2021.xlsx,publisher_workbook
Austria,2022,166.000000,25.400000,1.700000,3.200000,3.600000,1.500000,2.300000,1.700000,0.600000,2.000000,0.400000,3.900000,4.200000,0.300000,https://fragilestatesindex.org/wp-content/uploads/2022/07/fsi-2022-download.xlsx,publisher_workbook
Austria,2023,167.000000,24.400000,1.400000,3.200000,3.300000,1.200000,2.500000,1.700000,0.600000,1.700000,0.400000,3.600000,4.500000,0.300000,https://fragilestatesindex.org/wp-content/uploads/2023/06/FSI-2023-DOWNLOAD.xlsx,publisher_workbook
Azerbaijan,2006,61.000000,81.900000,7.000000,7.500000,7.300000,5.900000,7.500000,5.000000,8.100000,6.500000,6.000000,6.000000,8.100000,7.000000,https://fragilestatesindex.org/excel/ (archived in MainCode/fsi-2006.xlsx),thesis_archived_workbook
Azerbaijan,2007,62.000000,81.200000,7.200000,7.500000,7.300000,6.300000,7.400000,5.300000,7.800000,6.000000,6.400000,6.000000,7.500000,6.500000,https://fragilestatesindex.org/excel/ (archived in MainCode/fsi-2007.xlsx),thesis_archived_workbook
Azerbaijan,2008,64.000000,81.000000,7.200000,7.500000,7.300000,5.900000,7.000000,5.300000,8.100000,5.500000,6.900000,6.000000,7.800000,6.500000,https://fragilestatesindex.org/excel/ (archived in MainCode/fsi-2008.xlsx),thesis_archived_workbook
Azerbaijan,2009,56.000000,84.600000,7.300000,7.900000,7.900000,6.100000,7.400000,5.700000,8.200000,5.500000,7.000000,6.400000,8.200000,7.000000,https://fragilestatesindex.org/excel/ (archived in MainCode/fsi-2009.xlsx),thesis_archived_workbook
Azerbaijan,2010,55.000000,84.400000,7.300000,7.900000,7.900000,5.900000,7.300000,5.700000,8.000000,5.500000,7.200000,6.200000,8.100000,7.400000,https://fragilestatesindex.org/excel/ (archived in MainCode/fsi-2010.xlsx),thesis_archived_workbook
Azerbaijan,2011,63.000000,81.900000,7.000000,7.800000,7.500000,5.500000,6.900000,5.400000,7.700000,5.700000,7.200000,5.800000,7.900000,7.500000,https://fragilestatesindex.org/excel/ (archived in MainCode/fsi-2011.xlsx),thesis_archived_workbook
Azerbaijan,2012,68.000000,79.800000,6.700000,7.800000,7.200000,5.200000,6.600000,5.100000,8.000000,5.400000,7.300000,5.600000,7.600000,7.200000,https://fragilestatesindex.org/excel/ (archived in MainCode/fsi-2012.xlsx),thesis_archived_workbook
Azerbaijan,2013,76.000000,78.200000,6.900000,7.800000,6.900000,4.700000,6.100000,4.700000,8.200000,5.100000,7.600000,5.300000,7.900000,6.900000,https://fragilestatesindex.org/excel/ (archived in MainCode/fsi-2013.xlsx),thesis_archived_workbook
Azerbaijan,2014,76.000000,77.800000,7.000000,7.900000,6.700000,4.400000,6.200000,4.700000,8.300000,5.300000,7.700000,5.400000,7.600000,6.600000,https://fragilestatesindex.org/excel/ (archived in MainCode/fsi-2014.xlsx),thesis_archived_workbook
Azerbaijan,2015,80.000000,77.300000,6.700000,7.900000,6.400000,4.100000,5.900000,4.300000,8.600000,5.400000,8.400000,5.100000,7.600000,6.900000,https://fragilestatesindex.org/excel/ (archived in MainCode/fsi-2015.xlsx),thesis_archived_workbook
Azerbaijan,2016,81.000000,76.300000,6.400000,7.900000,6.700000,3.800000,5.600000,4.000000,8.900000,5.100000,8.600000,4.800000,7.900000,6.600000,https://fragilestatesindex.org/excel/ (archived in MainCode/fsi-2016.xlsx),thesis_archived_workbook
Azerbaijan,2017,81.000000,76.300000,6.200000,7.900000,6.500000,4.100000,5.900000,4.300000,8.800000,5.400000,8.500000,4.600000,7.700000,6.400000,https://fragilestatesindex.org/excel/ (archived in MainCode/fsi-2017.xlsx),thesis_archived_workbook
Azerbaijan,2018,78.000000,74.630320,6.100000,7.900000,6.200000,4.100000,5.600000,4.000000,8.830320,5.100000,8.600000,4.300000,7.400000,6.500000,https://fragilestatesindex.org/excel/ (archived in MainCode/fsi-2018.xlsx),thesis_archived_workbook
Azerbaijan,2019,76.000000,73.200000,5.800000,7.900000,5.900000,4.400000,5.500000,4.300000,9.000000,4.800000,8.300000,4.000000,7.100000,6.200000,https://fragilestatesindex.org/excel/ (archived in MainCode/fsi-2019.xlsx),thesis_archived_workbook
Azerbaijan,2020,78.000000,71.282159,5.938550,7.900000,5.600000,4.352512,5.200000,4.291098,9.100000,4.500000,8.000000,3.700000,6.800000,5.900000,https://fragilestatesindex.org/excel/ (archived in MainCode/fsi-2020.xlsx),thesis_archived_workbook
Azerbaijan,2021,71.000000,75.100000,6.400000,7.900000,6.100000,4.700000,5.100000,4.300000,9.100000,5.500000,7.700000,4.200000,6.900000,7.200000,https://fragilestatesindex.org/wp-content/uploads/2021/05/fsi-2021.xlsx,publisher_workbook
Azerbaijan,2022,73.000000,73.100000,6.100000,7.900000,5.800000,4.200000,4.800000,4.400000,9.100000,5.200000,7.400000,3.900000,6.600000,7.700000,https://fragilestatesindex.org/wp-content/uploads/2022/07/fsi-2022-download.xlsx,publisher_workbook
Azerbaijan,2023,76.000000,72.700000,5.800000,7.900000,5.900000,4.500000,4.500000,4.600000,9.200000,4.900000,7.500000,3.800000,6.300000,7.800000,https://fragilestatesindex.org/wp-content/uploads/2023/06/FSI-2023-DOWNLOAD.xlsx,publisher_workbook
Bahamas,2007,128.000000,60.100000,5.400000,5.300000,5.300000,3.200000,7.200000,5.400000,6.400000,4.100000,3.000000,6.000000,3.600000,5.200000,https://fragilestatesindex.org/excel/ (archived in MainCode/fsi-2007.xlsx),thesis_archived_workbook
Bahamas,2008,127.000000,60.500000,5.400000,5.300000,5.300000,3.700000,7.200000,5.400000,5.900000,4.300000,3.000000,6.200000,3.600000,5.200000,https://fragilestatesindex.org/excel/ (archived in MainCode/fsi-2008.xlsx),thesis_archived_workbook
Bahamas,2009,130.000000,60.900000,5.300000,4.800000,5.000000,4.400000,6.900000,5.700000,5.500000,4.600000,3.000000,6.700000,3.700000,5.300000,https://fragilestatesindex.org/excel/ (archived in MainCode/fsi-2009.xlsx),thesis_archived_workbook
Bahamas,2010,132.000000,58.900000,4.800000,4.800000,4.700000,5.000000,6.400000,5.800000,5.500000,4.400000,2.800000,6.200000,3.200000,5.300000,https://fragilestatesindex.org/excel/ (archived in MainCode/fsi-2010.xlsx),thesis_archived_workbook
Bahamas,2011,133.000000,56.500000,4.300000,4.500000,4.400000,4.800000,6.200000,6.200000,5.200000,4.200000,3.200000,5.800000,2.800000,4.900000,https://fragilestatesindex.org/excel/ (archived in MainCode/fsi-2011.xlsx),thesis_archived_workbook
Bahamas,2012,134.000000,55.100000,4.300000,4.500000,4.400000,4.500000,5.900000,5.900000,4.900000,4.400000,3.100000,6.100000,2.500000,4.600000,https://fragilestatesindex.org/excel/ (archived in MainCode/fsi-2012.xlsx),thesis_archived_workbook
Bahamas,2013,133.000000,54.700000,4.300000,4.500000,4.400000,4.500000,5.600000,5.600000,4.900000,4.400000,2.800000,6.600000,2.800000,4.300000,https://fragilestatesindex.org/excel/ (archived in MainCode/fsi-2013.xlsx),thesis_archived_workbook
Bahamas,2014,134.000000,54.100000,4.300000,4.500000,4.400000,4.700000,5.300000,5.300000,4.600000,4.700000,3.100000,6.500000,2.700000,4.000000,https://fragilestatesindex.org/excel/ (archived in MainCode/fsi-2014.xlsx),thesis_archived_workbook
Bahamas,2015,136.000000,51.500000,4.000000,4.500000,4.100000,4.700000,5.000000,5.000000,4.300000,4.400000,3.000000,6.100000,2.800000,3.700000,https://fragilestatesindex.org/excel/ (archived in MainCode/fsi-2015.xlsx),thesis_archived_workbook
Bahamas,2016,137.000000,51.600000,4.300000,4.500000,4.100000,4.500000,4.700000,4.700000,4.000000,4.800000,3.300000,6.600000,2.700000,3.400000,https://fragilestatesindex.org/excel/ (archived in MainCode/fsi-2016.xlsx),thesis_archived_workbook
Bahamas,2017,134.000000,52.400000,4.600000,4.500000,4.100000,4.800000,4.500000,4.700000,3.800000,4.600000,3.600000,6.900000,2.600000,3.700000,https://fragilestatesindex.org/excel/ (archived in MainCode/fsi-2017.xlsx),thesis_archived_workbook
Bahamas,2018,135.000000,49.991242,4.600000,4.500000,3.800000,4.500000,4.200000,4.600000,3.300000,4.300000,3.670139,6.600000,2.521103,3.400000,https://fragilestatesindex.org/excel/ (archived in MainCode/fsi-2018.xlsx),thesis_archived_workbook
Bahamas,2019,135.000000,48.800000,4.900000,4.500000,3.500000,4.200000,4.200000,4.300000,3.000000,4.000000,4.000000,6.300000,2.200000,3.700000,https://fragilestatesindex.org/excel/ (archived in MainCode/fsi-2019.xlsx),thesis_archived_workbook
Bahamas,2020,132.000000,49.868594,5.200000,4.500000,3.200000,3.900000,4.200000,4.068594,2.700000,4.300000,4.300000,6.800000,2.700000,4.000000,https://fragilestatesindex.org/excel/ (archived in MainCode/fsi-2020.xlsx),thesis_archived_workbook
Bahamas,2021,131.000000,52.400000,4.900000,4.500000,2.900000,5.100000,4.500000,4.400000,2.400000,5.700000,4.600000,7.100000,2.600000,3.700000,https://fragilestatesindex.org/wp-content/uploads/2021/05/fsi-2021.xlsx,publisher_workbook
Bahamas,2022,135.000000,50.600000,4.600000,4.500000,2.600000,4.800000,4.600000,4.300000,2.100000,5.600000,4.700000,6.600000,2.400000,3.800000,https://fragilestatesindex.org/wp-content/uploads/2022/07/fsi-2022-download.xlsx,publisher_workbook
Bahamas,2023,134.000000,49.200000,4.300000,4.500000,2.300000,4.500000,4.700000,4.400000,1.800000,5.300000,4.500000,6.300000,2.500000,4.100000,https://fragilestatesindex.org/wp-content/uploads/2023/06/FSI-2023-DOWNLOAD.xlsx,publisher_workbook
Bahrain,2007,133.000000,57.000000,3.400000,6.000000,6.000000,3.500000,5.000000,3.700000,6.800000,3.700000,4.700000,5.300000,3.600000,5.300000,https://fragilestatesindex.org/excel/ (archived in MainCode/fsi-2007.xlsx),thesis_archived_workbook
Bahrain,2008,134.000000,56.800000,3.700000,6.000000,6.000000,3.300000,5.000000,3.700000,7.000000,3.400000,4.700000,5.300000,3.100000,5.600000,https://fragilestatesindex.org/excel/ (archived in MainCode/fsi-2008.xlsx),thesis_archived_workbook
Bahrain,2009,133.000000,59.000000,4.400000,6.100000,6.400000,3.500000,5.900000,3.700000,6.900000,3.100000,5.000000,5.000000,3.100000,5.900000,https://fragilestatesindex.org/excel/ (archived in MainCode/fsi-2009.xlsx),thesis_archived_workbook
Bahrain,2010,133.000000,58.800000,4.700000,6.100000,6.500000,4.000000,6.000000,3.500000,6.700000,3.100000,5.400000,4.500000,2.600000,5.700000,https://fragilestatesindex.org/excel/ (archived in MainCode/fsi-2010.xlsx),thesis_archived_workbook
Bahrain,2011,129.000000,59.000000,4.800000,6.600000,6.800000,3.400000,6.000000,3.100000,6.900000,2.700000,5.900000,4.500000,2.900000,5.300000,https://fragilestatesindex.org/excel/ (archived in MainCode/fsi-2011.xlsx),thesis_archived_workbook
Bahrain,2012,125.000000,62.200000,6.000000,7.000000,7.300000,3.100000,5.700000,2.800000,7.500000,2.700000,7.000000,4.600000,2.600000,5.900000,https://fragilestatesindex.org/excel/ (archived in MainCode/fsi-2012.xlsx),thesis_archived_workbook
Bahrain,2013,124.000000,62.900000,6.100000,7.100000,7.300000,3.200000,5.700000,3.300000,7.600000,2.400000,7.500000,4.600000,2.500000,5.600000,https://fragilestatesindex.org/excel/ (archived in MainCode/fsi-2013.xlsx),thesis_archived_workbook
Bahrain,2014,120.000000,64.700000,6.200000,7.100000,7.600000,3.500000,5.400000,3.300000,7.900000,2.500000,7.800000,4.900000,2.900000,5.600000,https://fragilestatesindex.org/excel/ (archived in MainCode/fsi-2014.xlsx),thesis_archived_workbook
Bahrain,2015,119.000000,64.400000,6.700000,7.100000,7.700000,3.200000,5.100000,3.500000,8.400000,2.300000,7.800000,4.600000,2.600000,5.300000,https://fragilestatesindex.org/excel/ (archived in MainCode/fsi-2015.xlsx),thesis_archived_workbook
Bahrain,2016,121.000000,63.400000,6.400000,7.100000,7.900000,3.500000,4.800000,3.200000,8.400000,2.000000,8.300000,4.300000,2.500000,5.000000,https://fragilestatesindex.org/excel/ (archived in MainCode/fsi-2016.xlsx),thesis_archived_workbook
Bahrain,2017,118.000000,64.900000,6.900000,7.600000,8.400000,3.800000,4.600000,3.500000,8.200000,1.800000,8.800000,4.100000,2.400000,4.800000,https://fragilestatesindex.org/excel/ (archived in MainCode/fsi-2017.xlsx),thesis_archived_workbook
Bahrain,2018,113.000000,64.386758,6.600000,7.600000,8.700000,3.769459,4.300000,3.693451,8.367130,1.842778,8.916448,3.800000,2.297492,4.500000,https://fragilestatesindex.org/excel/ (archived in MainCode/fsi-2018.xlsx),thesis_archived_workbook
Bahrain,2019,113.000000,63.800000,6.300000,7.600000,9.000000,3.900000,4.300000,3.400000,8.500000,1.800000,8.600000,3.700000,2.000000,4.800000,https://fragilestatesindex.org/excel/ (archived in MainCode/fsi-2019.xlsx),thesis_archived_workbook
Bahrain,2020,110.000000,63.887912,6.165129,7.600000,9.300000,3.720266,4.300000,3.100000,8.334304,2.017871,8.700000,3.550342,2.000000,5.100000,https://fragilestatesindex.org/excel/ (archived in MainCode/fsi-2020.xlsx),thesis_archived_workbook
Bahrain,2021,104.000000,66.700000,5.900000,7.600000,9.600000,4.100000,5.300000,3.000000,8.000000,3.500000,8.600000,4.100000,1.700000,5.300000,https://fragilestatesindex.org/wp-content/uploads/2021/05/fsi-2021.xlsx,publisher_workbook
Bahrain,2022,100.000000,66.600000,5.600000,7.600000,9.600000,4.000000,5.600000,3.000000,8.100000,3.200000,8.600000,4.400000,1.700000,5.200000,https://fragilestatesindex.org/wp-content/uploads/2022/07/fsi-2022-download.xlsx,publisher_workbook
Bahrain,2023,101.000000,65.100000,5.300000,7.600000,9.500000,3.600000,5.700000,3.000000,8.000000,2.900000,8.700000,4.100000,1.400000,5.300000,https://fragilestatesindex.org/wp-content/uploads/2023/06/FSI-2023-DOWNLOAD.xlsx,publisher_workbook
Bangladesh,2006,19.000000,96.300000,8.300000,8.900000,9.500000,7.000000,9.000000,8.500000,9.000000,7.500000,7.800000,9.000000,5.800000,6.000000,https://fragilestatesindex.org/excel/ (archived in MainCode/fsi-2006.xlsx),thesis_archived_workbook
Bangladesh,2007,16.000000,95.900000,8.000000,9.500000,9.600000,6.900000,9.000000,8.400000,9.000000,7.400000,7.800000,8.600000,5.800000,5.900000,https://fragilestatesindex.org/excel/ (archived in MainCode/fsi-2007.xlsx),thesis_archived_workbook
Bangladesh,2008,12.000000,100.300000,8.300000,9.600000,9.700000,7.100000,9.000000,8.400000,9.100000,7.800000,8.000000,9.800000,7.100000,6.400000,https://fragilestatesindex.org/excel/ (archived in MainCode/fsi-2008.xlsx),thesis_archived_workbook
Bangladesh,2009,18.000000,98.100000,8.000000,8.900000,9.400000,8.000000,9.000000,8.400000,8.500000,8.000000,7.600000,8.900000,6.900000,6.500000,https://fragilestatesindex.org/excel/ (archived in MainCode/fsi-2009.xlsx),thesis_archived_workbook
Bangladesh,2010,24.000000,96.100000,8.100000,8.900000,8.900000,7.900000,8.800000,8.400000,8.000000,8.300000,7.400000,8.400000,6.700000,6.300000,https://fragilestatesindex.org/excel/ (archived in MainCode/fsi-2010.xlsx),thesis_archived_workbook
Bangladesh,2011,25.000000,94.400000,7.900000,8.900000,9.200000,7.700000,8.400000,8.100000,8.000000,8.000000,7.100000,8.300000,6.500000,6.200000,https://fragilestatesindex.org/excel/ (archived in MainCode/fsi-2011.xlsx),thesis_archived_workbook
Bangladesh,2012,29.000000,92.200000,7.600000,8.900000,8.900000,7.400000,8.100000,7.800000,8.200000,7.800000,6.800000,8.000000,6.800000,5.900000,https://fragilestatesindex.org/excel/ (archived in MainCode/fsi-2012.xlsx),thesis_archived_workbook
Bangladesh,2013,29.000000,92.500000,7.700000,8.900000,8.600000,7.300000,7.800000,7.500000,8.300000,8.000000,7.300000,8.100000,7.300000,5.800000,https://fragilestatesindex.org/excel/ (archived in MainCode/fsi-2013.xlsx),thesis_archived_workbook
Bangladesh,2014,29.000000,92.800000,7.800000,9.300000,8.700000,7.000000,7.500000,7.200000,8.400000,8.400000,8.000000,7.600000,6.900000,6.000000,https://fragilestatesindex.org/excel/ (archived in MainCode/fsi-2014.xlsx),thesis_archived_workbook
Bangladesh,2015,32.000000,91.800000,7.700000,9.600000,8.400000,6.700000,7.200000,7.500000,8.500000,8.100000,7.700000,8.100000,6.600000,5.700000,https://fragilestatesindex.org/excel/ (archived in MainCode/fsi-2015.xlsx),thesis_archived_workbook
Bangladesh,2016,36.000000,90.700000,7.800000,9.600000,8.900000,6.300000,6.900000,7.500000,8.000000,7.800000,7.600000,8.000000,6.300000,6.000000,https://fragilestatesindex.org/excel/ (archived in MainCode/fsi-2016.xlsx),thesis_archived_workbook
Bangladesh,2017,39.000000,89.100000,7.600000,9.300000,8.700000,5.800000,6.700000,7.800000,7.800000,8.100000,7.400000,7.500000,6.600000,5.800000,https://fragilestatesindex.org/excel/ (archived in MainCode/fsi-2017.xlsx),thesis_archived_workbook
Bangladesh,2018,32.000000,90.312817,7.900000,9.300000,8.400000,5.800000,6.400000,7.943160,7.500000,7.800000,7.574171,7.800000,7.795486,6.100000,https://fragilestatesindex.org/excel/ (archived in MainCode/fsi-2018.xlsx),thesis_archived_workbook
Bangladesh,2019,36.000000,87.700000,7.600000,9.600000,8.000000,6.100000,6.100000,7.600000,7.600000,7.500000,7.300000,7.000000,7.500000,5.800000,https://fragilestatesindex.org/excel/ (archived in MainCode/fsi-2019.xlsx),thesis_archived_workbook
Bangladesh,2020,39.000000,85.700000,7.300000,9.300000,8.300000,5.800000,6.000000,7.300000,7.300000,7.200000,7.000000,7.100000,7.600000,5.500000,https://fragilestatesindex.org/excel/ (archived in MainCode/fsi-2020.xlsx),thesis_archived_workbook
Bangladesh,2021,39.000000,85.000000,7.000000,9.300000,8.600000,5.500000,5.700000,7.000000,7.400000,7.700000,7.200000,7.100000,7.300000,5.200000,https://fragilestatesindex.org/wp-content/uploads/2021/05/fsi-2021.xlsx,publisher_workbook
Bangladesh,2022,38.000000,84.500000,6.700000,9.300000,8.700000,5.400000,5.400000,6.700000,7.400000,7.800000,7.200000,7.600000,7.400000,4.900000,https://fragilestatesindex.org/wp-content/uploads/2022/07/fsi-2022-download.xlsx,publisher_workbook
Bangladesh,2023,41.000000,85.200000,6.800000,9.300000,8.800000,5.100000,5.900000,6.800000,7.500000,7.900000,7.300000,7.700000,7.500000,4.600000,https://fragilestatesindex.org/wp-content/uploads/2023/06/FSI-2023-DOWNLOAD.xlsx,publisher_workbook
Barbados,2007,129.000000,59.900000,5.300000,4.800000,5.800000,5.000000,7.600000,6.900000,6.100000,2.600000,3.000000,4.100000,3.600000,5.100000,https://fragilestatesindex.org/excel/ (archived in MainCode/fsi-2007.xlsx),thesis_archived_workbook
Barbados,2008,131.000000,58.500000,5.300000,4.800000,5.500000,5.000000,7.000000,6.900000,5.900000,2.600000,3.000000,4.100000,3.300000,5.100000,https://fragilestatesindex.org/excel/ (archived in MainCode/fsi-2008.xlsx),thesis_archived_workbook
Barbados,2009,135.000000,57.200000,5.000000,4.500000,5.300000,5.200000,7.100000,7.000000,4.500000,2.800000,3.000000,4.100000,3.300000,5.400000,https://fragilestatesindex.org/excel/ (archived in MainCode/fsi-2009.xlsx),thesis_archived_workbook
Barbados,2010,135.000000,55.400000,4.500000,4.500000,4.900000,5.400000,6.700000,6.500000,4.100000,3.100000,2.800000,4.000000,3.200000,5.700000,https://fragilestatesindex.org/excel/ (archived in MainCode/fsi-2010.xlsx),thesis_archived_workbook
Barbados,2011,136.000000,52.800000,4.200000,4.200000,4.400000,5.000000,6.300000,6.800000,3.900000,2.900000,2.500000,4.300000,2.900000,5.400000,https://fragilestatesindex.org/excel/ (archived in MainCode/fsi-2011.xlsx),thesis_archived_workbook
Barbados,2012,135.000000,52.000000,4.200000,4.200000,4.400000,5.300000,6.000000,6.500000,3.600000,3.000000,2.800000,4.100000,2.600000,5.300000,https://fragilestatesindex.org/excel/ (archived in MainCode/fsi-2012.xlsx),thesis_archived_workbook
Barbados,2013,137.000000,50.800000,4.200000,4.200000,4.400000,5.800000,5.700000,6.200000,3.600000,2.700000,2.500000,3.800000,2.700000,5.000000,https://fragilestatesindex.org/excel/ (archived in MainCode/fsi-2013.xlsx),thesis_archived_workbook
Barbados,2014,138.000000,51.400000,4.200000,4.200000,4.400000,5.800000,5.400000,5.900000,3.300000,3.000000,2.800000,4.100000,3.000000,5.300000,https://fragilestatesindex.org/excel/ (archived in MainCode/fsi-2014.xlsx),thesis_archived_workbook
Barbados,2015,138.000000,49.300000,4.300000,4.200000,4.100000,5.700000,5.100000,5.400000,3.000000,2.700000,2.900000,3.800000,2.700000,5.400000,https://fragilestatesindex.org/excel/ (archived in MainCode/fsi-2015.xlsx),thesis_archived_workbook
Barbados,2016,139.000000,49.000000,4.400000,4.200000,4.100000,6.000000,4.800000,5.100000,2.700000,2.700000,2.600000,4.100000,2.600000,5.700000,https://fragilestatesindex.org/excel/ (archived in MainCode/fsi-2016.xlsx),thesis_archived_workbook
Barbados,2017,139.000000,49.600000,4.400000,4.200000,4.100000,5.900000,4.600000,5.400000,2.500000,2.700000,2.900000,4.400000,2.500000,6.000000,https://fragilestatesindex.org/excel/ (archived in MainCode/fsi-2017.xlsx),thesis_archived_workbook
Barbados,2018,139.000000,48.183329,4.422489,4.200000,3.800000,5.600000,4.300000,5.260840,2.200000,2.400000,3.200000,4.900000,2.200000,5.700000,https://fragilestatesindex.org/excel/ (archived in MainCode/fsi-2018.xlsx),thesis_archived_workbook
Barbados,2019,136.000000,48.000000,4.600000,4.200000,3.500000,5.700000,4.300000,5.300000,1.900000,2.400000,3.500000,4.600000,1.900000,6.000000,https://fragilestatesindex.org/excel/ (archived in MainCode/fsi-2019.xlsx),thesis_archived_workbook
Barbados,2020,137.000000,46.407258,4.653169,4.200000,3.200000,5.400000,4.300000,5.600000,1.600000,2.490510,3.363579,4.300000,1.600000,5.700000,https://fragilestatesindex.org/excel/ (archived in MainCode/fsi-2020.xlsx),thesis_archived_workbook
Barbados,2021,140.000000,47.000000,4.400000,4.200000,2.900000,6.300000,4.600000,5.300000,1.400000,3.800000,3.100000,4.300000,1.300000,5.400000,https://fragilestatesindex.org/wp-content/uploads/2021/05/fsi-2021.xlsx,publisher_workbook
Barbados,2022,141.000000,45.900000,4.100000,4.200000,2.600000,6.200000,5.100000,5.000000,1.300000,3.500000,2.800000,4.000000,1.600000,5.500000,https://fragilestatesindex.org/wp-content/uploads/2022/07/fsi-2022-download.xlsx,publisher_workbook
Barbados,2023,140.000000,45.400000,4.400000,4.200000,2.300000,6.000000,5.000000,5.100000,1.200000,3.500000,2.600000,3.700000,1.900000,5.500000,https://fragilestatesindex.org/wp-content/uploads/2023/06/FSI-2023-DOWNLOAD.xlsx,publisher_workbook
Belarus,2006,50.000000,84.500000,6.800000,8.000000,5.500000,6.300000,8.500000,3.500000,9.000000,7.500000,7.300000,9.000000,5.100000,8.000000,https://fragilestatesindex.org/excel/ (archived in MainCode/fsi-2006.xlsx),thesis_archived_workbook
Belarus,2007,51.000000,85.200000,6.700000,8.500000,6.500000,6.800000,7.500000,5.000000,9.100000,6.900000,8.500000,8.000000,4.600000,7.100000,https://fragilestatesindex.org/excel/ (archived in MainCode/fsi-2007.xlsx),thesis_archived_workbook
Belarus,2008,53.000000,84.400000,6.500000,8.500000,6.700000,6.700000,7.200000,5.000000,9.300000,6.600000,8.800000,7.700000,4.300000,7.100000,https://fragilestatesindex.org/excel/ (archived in MainCode/fsi-2008.xlsx),thesis_archived_workbook
Belarus,2009,66.000000,82.300000,6.600000,8.100000,6.900000,6.600000,7.200000,5.000000,8.900000,6.600000,8.000000,7.200000,4.100000,7.100000,https://fragilestatesindex.org/excel/ (archived in MainCode/fsi-2009.xlsx),thesis_archived_workbook
Belarus,2010,82.000000,78.700000,6.200000,7.800000,6.400000,6.700000,6.700000,4.800000,8.700000,6.200000,7.900000,6.700000,3.700000,6.900000,https://fragilestatesindex.org/excel/ (archived in MainCode/fsi-2010.xlsx),thesis_archived_workbook
Belarus,2011,83.000000,77.600000,6.300000,8.000000,6.800000,6.200000,6.300000,4.500000,8.800000,5.800000,8.000000,6.300000,3.600000,7.000000,https://fragilestatesindex.org/excel/ (archived in MainCode/fsi-2011.xlsx),thesis_archived_workbook
Belarus,2012,85.000000,76.600000,6.000000,8.000000,6.500000,6.500000,6.000000,4.200000,9.000000,5.500000,8.300000,6.000000,3.300000,7.300000,https://fragilestatesindex.org/excel/ (archived in MainCode/fsi-2012.xlsx),thesis_archived_workbook
Belarus,2013,81.000000,76.700000,6.300000,8.300000,6.800000,6.200000,5.700000,3.900000,9.000000,5.200000,8.300000,5.700000,3.600000,7.600000,https://fragilestatesindex.org/excel/ (archived in MainCode/fsi-2013.xlsx),thesis_archived_workbook
Belarus,2014,90.000000,75.000000,6.100000,8.300000,7.100000,6.000000,5.500000,3.700000,8.800000,5.000000,8.100000,5.500000,3.600000,7.300000,https://fragilestatesindex.org/excel/ (archived in MainCode/fsi-2014.xlsx),thesis_archived_workbook
Belarus,2015,87.000000,75.600000,6.600000,8.300000,6.800000,6.100000,5.200000,3.400000,8.600000,4.700000,8.400000,5.600000,4.100000,7.800000,https://fragilestatesindex.org/excel/ (archived in MainCode/fsi-2015.xlsx),thesis_archived_workbook
Belarus,2016,92.000000,73.900000,6.300000,8.300000,7.100000,6.200000,4.900000,3.100000,8.900000,4.400000,8.100000,5.300000,3.800000,7.500000,https://fragilestatesindex.org/excel/ (archived in MainCode/fsi-2016.xlsx),thesis_archived_workbook
Belarus,2017,95.000000,72.400000,6.100000,8.300000,7.100000,6.000000,4.700000,3.400000,8.700000,4.200000,7.900000,5.100000,3.600000,7.300000,https://fragilestatesindex.org/excel/ (archived in MainCode/fsi-2017.xlsx),thesis_archived_workbook
Belarus,2018,97.000000,70.540714,5.800000,8.300000,6.800000,5.540714,4.600000,3.100000,8.700000,3.900000,8.000000,5.200000,3.300000,7.300000,https://fragilestatesindex.org/excel/ (archived in MainCode/fsi-2018.xlsx),thesis_archived_workbook
Belarus,2019,99.000000,68.200000,5.500000,8.300000,6.500000,5.200000,4.300000,3.400000,8.800000,3.600000,7.700000,4.900000,3.000000,7.000000,https://fragilestatesindex.org/excel/ (archived in MainCode/fsi-2019.xlsx),thesis_archived_workbook
Belarus,2020,103.000000,65.751860,5.451860,8.300000,6.200000,4.900000,4.000000,3.700000,8.500000,3.300000,7.400000,4.600000,2.700000,6.700000,https://fragilestatesindex.org/excel/ (archived in MainCode/fsi-2020.xlsx),thesis_archived_workbook
Belarus,2021,98.000000,68.000000,5.600000,8.800000,5.900000,5.100000,3.700000,4.100000,9.000000,3.300000,7.900000,5.100000,2.400000,7.100000,https://fragilestatesindex.org/wp-content/uploads/2021/05/fsi-2021.xlsx,publisher_workbook
Belarus,2022,91.000000,68.700000,5.300000,9.500000,5.600000,4.800000,3.400000,4.200000,9.300000,3.000000,8.200000,5.100000,2.700000,7.600000,https://fragilestatesindex.org/wp-content/uploads/2022/07/fsi-2022-download.xlsx,publisher_workbook
Belarus,2023,84.000000,69.900000,5.400000,9.600000,5.300000,5.300000,3.300000,4.600000,9.400000,2.700000,8.300000,4.800000,3.200000,8.000000,https://fragilestatesindex.org/wp-content/uploads/2023/06/FSI-2023-DOWNLOAD.xlsx,publisher_workbook
Belgium,2006,138.000000,24.000000,1.000000,1.500000,3.500000,2.000000,4.000000,1.000000,1.500000,1.000000,1.500000,3.000000,1.500000,2.500000,https://fragilestatesindex.org/excel/ (archived in MainCode/fsi-2006.xlsx),thesis_archived_workbook
Belgium,2007,166.000000,25.500000,1.600000,1.500000,4.000000,2.100000,4.000000,1.100000,1.500000,1.400000,1.500000,3.200000,1.600000,2.000000,https://fragilestatesindex.org/excel/ (archived in MainCode/fsi-2007.xlsx),thesis_archived_workbook
Belgium,2008,164.000000,29.000000,1.600000,3.000000,4.700000,2.500000,4.600000,1.100000,1.800000,1.400000,1.500000,3.200000,1.600000,2.000000,https://fragilestatesindex.org/excel/ (archived in MainCode/fsi-2008.xlsx),thesis_archived_workbook
Belgium,2009,162.000000,33.500000,1.700000,3.500000,4.900000,3.200000,4.900000,1.300000,2.800000,2.000000,1.700000,2.800000,1.700000,3.000000,https://fragilestatesindex.org/excel/ (archived in MainCode/fsi-2009.xlsx),thesis_archived_workbook
Belgium,2010,163.000000,32.000000,1.800000,3.000000,4.400000,3.700000,4.700000,1.300000,2.300000,2.100000,1.500000,2.600000,1.800000,2.800000,https://fragilestatesindex.org/excel/ (archived in MainCode/fsi-2010.xlsx),thesis_archived_workbook
Belgium,2011,159.000000,34.100000,2.000000,4.000000,4.400000,3.600000,4.400000,1.600000,2.700000,2.500000,1.600000,2.500000,2.100000,2.600000,https://fragilestatesindex.org/excel/ (archived in MainCode/fsi-2011.xlsx),thesis_archived_workbook
Belgium,2012,163.000000,33.500000,2.300000,4.000000,4.100000,3.600000,4.100000,1.900000,2.400000,2.500000,1.800000,2.600000,1.900000,2.300000,https://fragilestatesindex.org/excel/ (archived in MainCode/fsi-2012.xlsx),thesis_archived_workbook
Belgium,2013,164.000000,30.900000,2.000000,3.900000,4.100000,3.500000,3.800000,1.800000,2.100000,2.200000,1.500000,2.500000,1.600000,2.000000,https://fragilestatesindex.org/excel/ (archived in MainCode/fsi-2013.xlsx),thesis_archived_workbook
Belgium,2014,164.000000,32.000000,2.300000,3.900000,4.200000,4.000000,3.500000,1.900000,2.000000,2.400000,1.500000,2.800000,1.600000,1.900000,https://fragilestatesindex.org/excel/ (archived in MainCode/fsi-2014.xlsx),thesis_archived_workbook
Belgium,2015,163.000000,30.500000,2.000000,3.900000,4.100000,4.500000,3.200000,1.900000,1.900000,2.100000,1.200000,2.500000,1.600000,1.500000,https://fragilestatesindex.org/excel/ (archived in MainCode/fsi-2015.xlsx),thesis_archived_workbook
Belgium,2016,164.000000,29.000000,1.900000,3.900000,4.400000,4.400000,2.900000,1.600000,1.600000,1.800000,1.000000,2.200000,2.100000,1.200000,https://fragilestatesindex.org/excel/ (archived in MainCode/fsi-2016.xlsx),thesis_archived_workbook
Belgium,2017,163.000000,30.800000,2.400000,4.400000,4.900000,4.200000,2.700000,1.600000,1.400000,2.300000,1.500000,2.000000,2.400000,1.000000,https://fragilestatesindex.org/excel/ (archived in MainCode/fsi-2017.xlsx),thesis_archived_workbook
Belgium,2018,163.000000,29.653650,2.300000,4.400000,4.600000,4.500000,2.400000,1.700000,1.700000,2.000000,1.200000,1.700000,2.453650,0.700000,https://fragilestatesindex.org/excel/ (archived in MainCode/fsi-2018.xlsx),thesis_archived_workbook
Belgium,2019,161.000000,28.600000,2.600000,4.400000,4.700000,4.200000,2.100000,2.000000,1.400000,1.700000,1.000000,1.700000,2.200000,0.700000,https://fragilestatesindex.org/excel/ (archived in MainCode/fsi-2019.xlsx),thesis_archived_workbook
Belgium,2020,161.000000,27.098145,2.900000,4.400000,4.400000,3.900000,1.800000,2.300000,1.100000,1.477128,0.700000,1.517236,2.000000,0.603781,https://fragilestatesindex.org/excel/ (archived in MainCode/fsi-2020.xlsx),thesis_archived_workbook
Belgium,2021,162.000000,31.000000,2.600000,4.400000,4.100000,4.600000,2.100000,2.500000,0.800000,2.500000,0.600000,4.000000,2.300000,0.500000,https://fragilestatesindex.org/wp-content/uploads/2021/05/fsi-2021.xlsx,publisher_workbook
Belgium,2022,160.000000,31.900000,2.300000,4.400000,3.800000,4.300000,2.000000,2.600000,0.900000,2.800000,0.900000,4.500000,2.400000,1.000000,https://fragilestatesindex.org/wp-content/uploads/2022/07/fsi-2022-download.xlsx,publisher_workbook
Belgium,2023,160.000000,31.400000,2.400000,4.400000,3.500000,4.600000,2.200000,2.700000,0.800000,2.500000,1.000000,4.200000,2.100000,1.000000,https://fragilestatesindex.org/wp-content/uploads/2023/06/FSI-2023-DOWNLOAD.xlsx,publisher_workbook
Belize,2007,113.000000,69.800000,5.700000,5.000000,5.200000,6.000000,7.600000,6.900000,6.500000,5.700000,3.800000,6.600000,5.200000,5.600000,https://fragilestatesindex.org/excel/ (archived in MainCode/fsi-2007.xlsx),thesis_archived_workbook
Belize,2008,110.000000,70.200000,5.700000,5.000000,5.200000,5.800000,7.600000,6.900000,6.500000,5.700000,3.800000,6.800000,5.500000,5.700000,https://fragilestatesindex.org/excel/ (archived in MainCode/fsi-2008.xlsx),thesis_archived_workbook
Belize,2009,111.000000,69.500000,5.900000,4.600000,4.900000,6.000000,7.300000,6.900000,6.200000,5.700000,4.000000,7.000000,5.000000,6.000000,https://fragilestatesindex.org/excel/ (archived in MainCode/fsi-2009.xlsx),thesis_archived_workbook
Belize,2010,112.000000,68.700000,5.700000,4.600000,4.900000,6.200000,7.100000,6.700000,6.200000,5.800000,3.800000,6.500000,5.100000,6.100000,https://fragilestatesindex.org/excel/ (archived in MainCode/fsi-2010.xlsx),thesis_archived_workbook
Belize,2011,114.000000,67.700000,5.500000,4.300000,4.400000,5.700000,6.800000,7.000000,6.000000,5.800000,3.800000,6.700000,5.400000,6.300000,https://fragilestatesindex.org/excel/ (archived in MainCode/fsi-2011.xlsx),thesis_archived_workbook
Belize,2012,113.000000,67.200000,5.500000,4.300000,4.400000,5.400000,6.900000,7.000000,6.000000,5.900000,3.900000,6.800000,5.100000,6.000000,https://fragilestatesindex.org/excel/ (archived in MainCode/fsi-2012.xlsx),thesis_archived_workbook
Belize,2013,114.000000,67.200000,5.500000,4.300000,4.400000,5.500000,6.600000,7.100000,6.000000,6.000000,4.100000,6.500000,4.900000,6.300000,https://fragilestatesindex.org/excel/ (archived in MainCode/fsi-2013.xlsx),thesis_archived_workbook
Belize,2014,114.000000,67.000000,5.500000,4.300000,4.400000,5.600000,6.500000,6.800000,6.000000,6.100000,4.400000,6.200000,4.600000,6.600000,https://fragilestatesindex.org/excel/ (archived in MainCode/fsi-2014.xlsx),thesis_archived_workbook
Belize,2015,116.000000,65.300000,5.800000,4.300000,4.100000,5.900000,6.200000,6.500000,5.700000,5.800000,4.100000,5.900000,4.100000,6.900000,https://fragilestatesindex.org/excel/ (archived in MainCode/fsi-2015.xlsx),thesis_archived_workbook
Belize,2016,116.000000,66.000000,6.100000,4.300000,4.100000,6.400000,5.900000,6.700000,5.400000,6.100000,4.400000,5.600000,3.800000,7.200000,https://fragilestatesindex.org/excel/ (archived in MainCode/fsi-2016.xlsx),thesis_archived_workbook
Belize,2017,115.000000,65.500000,6.400000,4.300000,4.100000,6.700000,5.400000,6.600000,5.200000,5.900000,4.700000,5.100000,3.600000,7.500000,https://fragilestatesindex.org/excel/ (archived in MainCode/fsi-2017.xlsx),thesis_archived_workbook
Belize,2018,115.000000,63.712149,6.692505,4.300000,3.800000,6.641162,5.100000,6.578482,4.900000,5.600000,5.000000,4.600000,3.300000,7.200000,https://fragilestatesindex.org/excel/ (archived in MainCode/fsi-2018.xlsx),thesis_archived_workbook
Belize,2019,114.000000,62.500000,6.900000,4.300000,4.100000,6.300000,4.800000,6.300000,4.600000,5.300000,5.300000,4.300000,3.100000,7.200000,https://fragilestatesindex.org/excel/ (archived in MainCode/fsi-2019.xlsx),thesis_archived_workbook
Belize,2020,114.000000,60.794667,7.097421,4.300000,4.400000,6.000000,4.500000,6.000000,4.300000,5.000000,5.442876,4.000000,2.800000,6.954370,https://fragilestatesindex.org/excel/ (archived in MainCode/fsi-2020.xlsx),thesis_archived_workbook
Belize,2021,110.000000,64.200000,7.400000,4.300000,4.700000,7.700000,4.200000,5.700000,4.000000,6.000000,5.400000,5.000000,3.100000,6.700000,https://fragilestatesindex.org/wp-content/uploads/2021/05/fsi-2021.xlsx,publisher_workbook
Belize,2022,112.000000,62.100000,7.100000,4.300000,4.700000,7.200000,3.900000,5.200000,3.700000,5.700000,5.300000,5.300000,3.300000,6.400000,https://fragilestatesindex.org/wp-content/uploads/2022/07/fsi-2022-download.xlsx,publisher_workbook
Belize,2023,115.000000,59.800000,6.800000,4.300000,4.700000,6.900000,3.600000,5.000000,3.400000,5.400000,5.600000,5.000000,3.000000,6.100000,https://fragilestatesindex.org/wp-content/uploads/2023/06/FSI-2023-DOWNLOAD.xlsx,publisher_workbook
Benin,2006,90.000000,70.900000,5.500000,3.800000,4.000000,6.500000,7.300000,6.900000,6.500000,7.800000,4.800000,6.000000,5.100000,6.700000,https://fragilestatesindex.org/excel/ (archived in MainCode/fsi-2006.xlsx),thesis_archived_workbook
Benin,2007,103.000000,72.000000,5.200000,3.800000,4.000000,7.100000,7.400000,6.900000,6.400000,8.100000,4.800000,6.500000,5.200000,6.600000,https://fragilestatesindex.org/excel/ (archived in MainCode/fsi-2007.xlsx),thesis_archived_workbook
Benin,2008,100.000000,72.800000,5.200000,3.800000,4.000000,7.000000,7.400000,6.700000,6.700000,8.100000,5.200000,6.900000,5.200000,6.600000,https://fragilestatesindex.org/excel/ (archived in MainCode/fsi-2008.xlsx),thesis_archived_workbook
Benin,2009,97.000000,75.500000,5.200000,4.300000,4.100000,6.900000,7.400000,7.000000,6.600000,8.000000,5.600000,7.500000,6.200000,6.700000,https://fragilestatesindex.org/excel/ (archived in MainCode/fsi-2009.xlsx),thesis_archived_workbook
Benin,2010,93.000000,76.800000,5.300000,4.100000,4.200000,7.400000,7.400000,6.700000,6.400000,8.400000,5.500000,7.700000,6.700000,7.000000,https://fragilestatesindex.org/excel/ (archived in MainCode/fsi-2010.xlsx),thesis_archived_workbook
Benin,2011,74.000000,80.000000,6.000000,5.000000,3.900000,7.900000,7.200000,6.600000,6.700000,8.500000,5.700000,8.100000,7.100000,7.300000,https://fragilestatesindex.org/excel/ (archived in MainCode/fsi-2011.xlsx),thesis_archived_workbook
Benin,2012,74.000000,78.600000,6.000000,6.400000,3.600000,7.600000,6.900000,6.300000,6.400000,8.300000,5.400000,8.000000,6.800000,7.000000,https://fragilestatesindex.org/excel/ (archived in MainCode/fsi-2012.xlsx),thesis_archived_workbook
Benin,2013,78.000000,77.900000,5.800000,6.100000,3.600000,7.100000,7.200000,6.200000,6.000000,8.600000,5.100000,8.300000,6.500000,7.300000,https://fragilestatesindex.org/excel/ (archived in MainCode/fsi-2013.xlsx),thesis_archived_workbook
Benin,2014,74.000000,78.200000,5.900000,6.100000,3.600000,6.900000,7.200000,6.500000,6.100000,8.700000,5.100000,8.200000,6.300000,7.600000,https://fragilestatesindex.org/excel/ (archived in MainCode/fsi-2014.xlsx),thesis_archived_workbook
Benin,2015,73.000000,78.800000,6.200000,6.100000,3.900000,6.600000,7.500000,6.800000,6.200000,8.600000,5.600000,8.200000,6.000000,7.100000,https://fragilestatesindex.org/excel/ (archived in MainCode/fsi-2015.xlsx),thesis_archived_workbook
Benin,2016,72.000000,78.900000,5.900000,7.000000,3.600000,6.300000,7.800000,7.100000,5.900000,8.900000,5.400000,8.500000,5.700000,6.800000,https://fragilestatesindex.org/excel/ (archived in MainCode/fsi-2016.xlsx),thesis_archived_workbook
Benin,2017,73.000000,77.600000,6.200000,6.700000,3.400000,6.600000,7.600000,7.400000,5.400000,8.700000,5.200000,8.300000,5.500000,6.600000,https://fragilestatesindex.org/excel/ (archived in MainCode/fsi-2017.xlsx),thesis_archived_workbook
Benin,2018,74.000000,75.690097,6.199977,6.700000,3.100000,6.500000,7.900000,7.379584,5.100000,8.400000,4.910536,8.000000,5.200000,6.300000,https://fragilestatesindex.org/excel/ (archived in MainCode/fsi-2018.xlsx),thesis_archived_workbook
Benin,2019,75.000000,73.600000,5.900000,6.700000,2.800000,6.500000,8.000000,7.100000,4.800000,8.300000,4.900000,7.700000,4.900000,6.000000,https://fragilestatesindex.org/excel/ (archived in MainCode/fsi-2019.xlsx),thesis_archived_workbook
Benin,2020,77.000000,72.544798,5.600000,6.700000,2.900000,6.475503,8.152087,6.800000,4.900000,8.208578,4.617877,7.612772,4.800000,5.777981,https://fragilestatesindex.org/excel/ (archived in MainCode/fsi-2020.xlsx),thesis_archived_workbook
Benin,2021,78.000000,72.800000,5.300000,6.700000,2.600000,6.700000,8.200000,6.500000,5.100000,8.500000,4.900000,7.700000,5.100000,5.500000,https://fragilestatesindex.org/wp-content/uploads/2021/05/fsi-2021.xlsx,publisher_workbook
Benin,2022,76.000000,72.500000,5.000000,6.700000,2.500000,6.700000,7.900000,6.200000,5.300000,8.400000,5.200000,8.000000,5.400000,5.200000,https://fragilestatesindex.org/wp-content/uploads/2022/07/fsi-2022-download.xlsx,publisher_workbook
Benin,2023,74.000000,73.300000,5.200000,6.700000,2.600000,6.800000,7.800000,6.100000,5.300000,8.300000,5.700000,8.000000,5.900000,4.900000,https://fragilestatesindex.org/wp-content/uploads/2023/06/FSI-2023-DOWNLOAD.xlsx,publisher_workbook
Bhutan,2006,39.000000,87.900000,5.000000,8.400000,7.000000,8.000000,9.000000,6.700000,8.400000,6.000000,8.600000,6.000000,8.100000,6.700000,https://fragilestatesindex.org/excel/ (archived in MainCode/fsi-2006.xlsx),thesis_archived_workbook
Bhutan,2007,47.000000,86.400000,4.600000,8.000000,7.000000,7.900000,8.700000,6.700000,8.000000,6.500000,8.500000,6.500000,7.500000,6.500000,https://fragilestatesindex.org/excel/ (archived in MainCode/fsi-2007.xlsx),thesis_archived_workbook
Bhutan,2008,51.000000,85.400000,4.600000,7.700000,7.000000,7.800000,8.700000,6.700000,7.700000,6.700000,8.300000,6.500000,7.500000,6.200000,https://fragilestatesindex.org/excel/ (archived in MainCode/fsi-2008.xlsx),thesis_archived_workbook
Bhutan,2009,48.000000,87.300000,5.500000,7.700000,7.900000,7.500000,8.700000,6.800000,7.400000,7.200000,8.400000,6.500000,7.500000,6.200000,https://fragilestatesindex.org/excel/ (archived in MainCode/fsi-2009.xlsx),thesis_archived_workbook
Bhutan,2010,50.000000,87.300000,5.800000,7.700000,7.700000,7.500000,8.500000,7.100000,6.900000,7.300000,7.900000,7.000000,7.300000,6.600000,https://fragilestatesindex.org/excel/ (archived in MainCode/fsi-2010.xlsx),thesis_archived_workbook
Bhutan,2011,50.000000,85.000000,6.200000,7.500000,7.800000,6.900000,8.200000,6.800000,6.600000,6.900000,7.600000,6.600000,6.900000,7.000000,https://fragilestatesindex.org/excel/ (archived in MainCode/fsi-2011.xlsx),thesis_archived_workbook
Bhutan,2012,59.000000,82.400000,5.900000,7.500000,7.600000,6.600000,7.800000,6.500000,6.300000,6.600000,7.300000,6.700000,6.600000,7.000000,https://fragilestatesindex.org/excel/ (archived in MainCode/fsi-2012.xlsx),thesis_archived_workbook
Bhutan,2013,62.000000,81.800000,5.600000,7.500000,7.300000,6.300000,7.500000,6.800000,6.000000,6.900000,7.300000,6.400000,6.900000,7.300000,https://fragilestatesindex.org/excel/ (archived in MainCode/fsi-2013.xlsx),thesis_archived_workbook
Bhutan,2014,64.000000,80.900000,5.300000,7.500000,7.600000,6.000000,7.200000,7.100000,5.500000,6.600000,7.000000,6.300000,7.200000,7.600000,https://fragilestatesindex.org/excel/ (archived in MainCode/fsi-2014.xlsx),thesis_archived_workbook
Bhutan,2015,74.000000,78.700000,5.000000,7.500000,7.900000,5.700000,6.900000,6.800000,5.000000,6.600000,6.500000,6.000000,6.900000,7.900000,https://fragilestatesindex.org/excel/ (archived in MainCode/fsi-2015.xlsx),thesis_archived_workbook
Bhutan,2016,78.000000,77.600000,4.700000,7.500000,7.600000,5.200000,6.600000,7.200000,4.500000,6.300000,6.300000,6.300000,7.200000,8.200000,https://fragilestatesindex.org/excel/ (archived in MainCode/fsi-2016.xlsx),thesis_archived_workbook
Bhutan,2017,83.000000,76.000000,4.500000,7.500000,7.900000,4.700000,6.100000,7.200000,4.300000,6.100000,6.600000,6.100000,7.000000,8.000000,https://fragilestatesindex.org/excel/ (archived in MainCode/fsi-2017.xlsx),thesis_archived_workbook
Bhutan,2018,81.000000,74.273985,4.200000,7.500000,8.200000,4.950010,5.600000,7.223974,4.000000,5.800000,6.300000,5.800000,6.700000,8.000000,https://fragilestatesindex.org/excel/ (archived in MainCode/fsi-2018.xlsx),thesis_archived_workbook
Bhutan,2019,81.000000,72.000000,3.900000,7.500000,8.500000,5.000000,5.300000,6.900000,3.700000,5.500000,6.000000,5.500000,6.400000,7.700000,https://fragilestatesindex.org/excel/ (archived in MainCode/fsi-2019.xlsx),thesis_archived_workbook
Bhutan,2020,88.000000,69.509023,3.600000,7.500000,8.800000,5.009023,5.000000,6.600000,3.400000,5.200000,5.700000,5.200000,6.100000,7.400000,https://fragilestatesindex.org/excel/ (archived in MainCode/fsi-2020.xlsx),thesis_archived_workbook
Bhutan,2021,96.000000,68.300000,3.300000,7.500000,9.100000,5.000000,4.700000,6.100000,3.100000,6.200000,5.200000,5.200000,5.800000,7.100000,https://fragilestatesindex.org/wp-content/uploads/2021/05/fsi-2021.xlsx,publisher_workbook
Bhutan,2022,96.000000,67.400000,3.000000,7.500000,9.400000,5.500000,4.600000,5.800000,2.800000,5.900000,4.900000,5.700000,5.500000,6.800000,https://fragilestatesindex.org/wp-content/uploads/2022/07/fsi-2022-download.xlsx,publisher_workbook
Bhutan,2023,96.000000,66.400000,2.700000,7.500000,9.700000,5.600000,4.300000,5.500000,2.800000,5.600000,5.000000,5.400000,5.800000,6.500000,https://fragilestatesindex.org/wp-content/uploads/2023/06/FSI-2023-DOWNLOAD.xlsx,publisher_workbook
Bolivia,2006,56.000000,82.900000,6.500000,8.400000,7.000000,6.200000,8.800000,7.000000,7.000000,7.800000,6.700000,7.500000,4.000000,6.000000,https://fragilestatesindex.org/excel/ (archived in MainCode/fsi-2006.xlsx),thesis_archived_workbook
Bolivia,2007,59.000000,82.000000,6.200000,8.300000,7.000000,6.400000,8.500000,7.000000,7.200000,7.400000,7.000000,7.400000,3.700000,5.900000,https://fragilestatesindex.org/excel/ (archived in MainCode/fsi-2007.xlsx),thesis_archived_workbook
Bolivia,2008,55.000000,84.200000,6.200000,8.500000,7.300000,6.400000,8.500000,7.000000,7.400000,7.600000,7.000000,7.700000,4.200000,6.400000,https://fragilestatesindex.org/excel/ (archived in MainCode/fsi-2008.xlsx),thesis_archived_workbook
Bolivia,2009,51.000000,86.300000,6.400000,8.200000,7.500000,7.000000,8.700000,6.900000,7.600000,7.700000,6.800000,7.800000,4.900000,6.800000,https://fragilestatesindex.org/excel/ (archived in MainCode/fsi-2009.xlsx),thesis_archived_workbook
Bolivia,2010,53.000000,84.900000,6.500000,8.300000,7.700000,6.800000,8.700000,6.700000,7.100000,7.500000,6.600000,7.600000,4.700000,6.700000,https://fragilestatesindex.org/excel/ (archived in MainCode/fsi-2010.xlsx),thesis_archived_workbook
Bolivia,2011,59.000000,82.900000,6.500000,8.000000,7.700000,6.500000,8.900000,6.400000,6.800000,7.100000,6.300000,7.200000,4.600000,6.900000,https://fragilestatesindex.org/excel/ (archived in MainCode/fsi-2011.xlsx),thesis_archived_workbook
Bolivia,2012,62.000000,82.100000,6.500000,8.000000,7.400000,6.500000,8.800000,6.100000,7.100000,6.800000,6.500000,7.500000,4.300000,6.600000,https://fragilestatesindex.org/excel/ (archived in MainCode/fsi-2012.xlsx),thesis_archived_workbook
Bolivia,2013,67.000000,80.800000,6.700000,8.000000,7.100000,6.200000,8.900000,6.400000,7.200000,6.800000,6.300000,6.900000,4.000000,6.300000,https://fragilestatesindex.org/excel/ (archived in MainCode/fsi-2013.xlsx),thesis_archived_workbook
Bolivia,2014,70.000000,78.900000,6.400000,8.000000,6.800000,5.900000,8.600000,6.100000,6.900000,7.000000,6.000000,6.600000,4.300000,6.300000,https://fragilestatesindex.org/excel/ (archived in MainCode/fsi-2014.xlsx),thesis_archived_workbook
Bolivia,2015,76.000000,78.100000,6.600000,8.000000,6.500000,5.400000,8.600000,6.400000,7.000000,6.900000,5.900000,6.700000,3.800000,6.200000,https://fragilestatesindex.org/excel/ (archived in MainCode/fsi-2015.xlsx),thesis_archived_workbook
Bolivia,2016,75.000000,78.500000,6.700000,8.300000,6.200000,5.100000,8.800000,6.700000,7.000000,7.000000,6.200000,6.400000,4.100000,6.000000,https://fragilestatesindex.org/excel/ (archived in MainCode/fsi-2016.xlsx),thesis_archived_workbook
Bolivia,2017,77.000000,76.800000,6.500000,8.000000,6.000000,5.400000,8.600000,7.000000,6.500000,6.800000,6.000000,6.300000,3.900000,5.800000,https://fragilestatesindex.org/excel/ (archived in MainCode/fsi-2017.xlsx),thesis_archived_workbook
Bolivia,2018,76.000000,75.223379,6.200000,8.000000,5.700000,5.377027,8.300000,7.087524,6.600000,6.500000,6.000000,6.300000,3.658828,5.500000,https://fragilestatesindex.org/excel/ (archived in MainCode/fsi-2018.xlsx),thesis_archived_workbook
Bolivia,2019,80.000000,72.900000,5.900000,8.000000,5.400000,5.400000,8.200000,6.800000,6.700000,6.200000,5.700000,6.000000,3.400000,5.200000,https://fragilestatesindex.org/excel/ (archived in MainCode/fsi-2019.xlsx),thesis_archived_workbook
Bolivia,2020,70.000000,74.966870,6.200000,9.000000,5.900000,5.117913,8.300000,6.500000,7.500000,5.900000,6.200000,6.100000,3.300000,4.948957,https://fragilestatesindex.org/excel/ (archived in MainCode/fsi-2020.xlsx),thesis_archived_workbook
Bolivia,2021,73.000000,74.900000,5.900000,8.500000,5.600000,5.900000,8.200000,6.200000,7.000000,6.900000,5.900000,7.100000,3.100000,4.600000,https://fragilestatesindex.org/wp-content/uploads/2021/05/fsi-2021.xlsx,publisher_workbook
Bolivia,2022,72.000000,73.400000,5.600000,8.200000,6.100000,6.000000,7.900000,5.900000,6.700000,6.600000,6.000000,7.200000,2.900000,4.300000,https://fragilestatesindex.org/wp-content/uploads/2022/07/fsi-2022-download.xlsx,publisher_workbook
Bolivia,2023,81.000000,70.700000,5.300000,8.200000,6.400000,5.700000,7.600000,5.600000,6.400000,6.300000,5.700000,6.900000,2.600000,4.000000,https://fragilestatesindex.org/wp-content/uploads/2023/06/FSI-2023-DOWNLOAD.xlsx,publisher_workbook
Bosnia and Herzegovina,2006,35.000000,88.500000,7.500000,8.700000,8.600000,6.200000,7.300000,6.000000,8.100000,5.800000,5.300000,6.500000,8.500000,10.000000,https://fragilestatesindex.org/excel/ (archived in MainCode/fsi-2006.xlsx),thesis_archived_workbook
Bosnia and Herzegovina,2007,54.000000,84.500000,7.300000,8.300000,8.300000,6.000000,7.200000,6.000000,7.600000,5.600000,5.300000,6.100000,8.000000,8.800000,https://fragilestatesindex.org/excel/ (archived in MainCode/fsi-2007.xlsx),thesis_archived_workbook
Bosnia and Herzegovina,2008,54.000000,84.300000,7.300000,8.600000,8.500000,5.500000,7.200000,6.000000,7.900000,5.400000,5.300000,6.100000,8.000000,8.500000,https://fragilestatesindex.org/excel/ (archived in MainCode/fsi-2008.xlsx),thesis_archived_workbook
Bosnia and Herzegovina,2009,63.000000,83.300000,7.400000,8.700000,8.200000,5.500000,7.300000,5.800000,8.200000,5.600000,5.400000,5.500000,7.200000,8.500000,https://fragilestatesindex.org/excel/ (archived in MainCode/fsi-2009.xlsx),thesis_archived_workbook
Bosnia and Herzegovina,2010,60.000000,83.500000,7.200000,9.200000,8.700000,5.700000,7.100000,5.600000,8.000000,5.400000,5.900000,5.300000,7.100000,8.300000,https://fragilestatesindex.org/excel/ (archived in MainCode/fsi-2010.xlsx),thesis_archived_workbook
Bosnia and Herzegovina,2011,69.000000,80.900000,7.000000,9.200000,8.400000,5.200000,6.800000,5.900000,7.600000,5.000000,6.100000,5.000000,6.800000,8.000000,https://fragilestatesindex.org/excel/ (archived in MainCode/fsi-2011.xlsx),thesis_archived_workbook
Bosnia and Herzegovina,2012,79.000000,77.900000,6.700000,8.700000,8.000000,5.500000,6.500000,5.800000,7.000000,4.700000,6.100000,4.700000,6.500000,7.700000,https://fragilestatesindex.org/excel/ (archived in MainCode/fsi-2012.xlsx),thesis_archived_workbook
Bosnia and Herzegovina,2013,83.000000,76.500000,6.400000,8.700000,7.700000,5.200000,6.200000,5.600000,6.700000,4.400000,6.400000,4.400000,6.800000,8.000000,https://fragilestatesindex.org/excel/ (archived in MainCode/fsi-2013.xlsx),thesis_archived_workbook
Bosnia and Herzegovina,2014,86.000000,75.900000,6.500000,8.700000,7.400000,5.500000,5.900000,5.800000,6.800000,4.400000,6.100000,4.100000,6.800000,7.900000,https://fragilestatesindex.org/excel/ (archived in MainCode/fsi-2014.xlsx),thesis_archived_workbook
Bosnia and Herzegovina,2015,78.000000,77.400000,6.200000,8.700000,7.100000,5.800000,5.600000,5.500000,7.000000,4.100000,5.800000,6.100000,7.300000,8.200000,https://fragilestatesindex.org/excel/ (archived in MainCode/fsi-2015.xlsx),thesis_archived_workbook
Bosnia and Herzegovina,2016,88.000000,74.600000,5.900000,8.700000,7.000000,5.700000,5.300000,5.200000,6.700000,3.800000,6.100000,4.000000,7.800000,8.400000,https://fragilestatesindex.org/excel/ (archived in MainCode/fsi-2016.xlsx),thesis_archived_workbook
Bosnia and Herzegovina,2017,93.000000,73.000000,5.700000,8.700000,7.000000,5.700000,5.100000,5.500000,6.500000,3.600000,5.600000,3.800000,7.600000,8.200000,https://fragilestatesindex.org/excel/ (archived in MainCode/fsi-2017.xlsx),thesis_archived_workbook
Bosnia and Herzegovina,2018,95.000000,71.336546,5.400000,8.700000,6.900000,6.000000,5.000000,5.400000,6.236546,3.300000,5.300000,3.700000,7.500000,7.900000,https://fragilestatesindex.org/excel/ (archived in MainCode/fsi-2018.xlsx),thesis_archived_workbook
Bosnia and Herzegovina,2019,86.000000,71.300000,5.400000,8.700000,7.200000,6.200000,4.700000,5.900000,6.300000,3.100000,5.000000,3.400000,7.200000,8.200000,https://fragilestatesindex.org/excel/ (archived in MainCode/fsi-2019.xlsx),thesis_archived_workbook
Bosnia and Herzegovina,2020,84.000000,70.220406,5.313133,8.700000,6.900000,5.900000,4.400000,6.200000,6.498533,3.308740,5.100000,3.100000,6.900000,7.900000,https://fragilestatesindex.org/excel/ (archived in MainCode/fsi-2020.xlsx),thesis_archived_workbook
Bosnia and Herzegovina,2021,77.000000,72.900000,5.000000,8.700000,6.600000,6.400000,4.100000,6.500000,6.200000,4.800000,4.900000,5.100000,7.000000,7.600000,https://fragilestatesindex.org/wp-content/uploads/2021/05/fsi-2021.xlsx,publisher_workbook
Bosnia and Herzegovina,2022,74.000000,73.000000,4.700000,8.700000,6.300000,6.100000,4.200000,6.800000,6.300000,4.500000,4.600000,6.400000,7.100000,7.300000,https://fragilestatesindex.org/wp-content/uploads/2022/07/fsi-2022-download.xlsx,publisher_workbook
Bosnia and Herzegovina,2023,77.000000,72.300000,4.400000,8.700000,6.400000,6.600000,3.900000,7.100000,6.400000,4.200000,4.300000,6.100000,7.200000,7.000000,https://fragilestatesindex.org/wp-content/uploads/2023/06/FSI-2023-DOWNLOAD.xlsx,publisher_workbook
Botswana,2006,96.000000,66.900000,4.000000,3.000000,3.500000,5.000000,6.900000,6.000000,5.500000,6.800000,4.900000,9.300000,6.000000,6.000000,https://fragilestatesindex.org/excel/ (archived in MainCode/fsi-2006.xlsx),thesis_archived_workbook
Botswana,2007,118.000000,66.400000,3.900000,2.800000,3.400000,5.600000,7.000000,6.000000,5.400000,6.500000,4.800000,9.200000,5.800000,6.000000,https://fragilestatesindex.org/excel/ (archived in MainCode/fsi-2007.xlsx),thesis_archived_workbook
Botswana,2008,120.000000,65.900000,3.900000,2.800000,3.400000,5.300000,6.900000,6.000000,5.400000,6.200000,4.800000,9.200000,6.000000,6.000000,https://fragilestatesindex.org/excel/ (archived in MainCode/fsi-2008.xlsx),thesis_archived_workbook
Botswana,2009,116.000000,68.800000,4.000000,2.800000,4.300000,5.600000,7.200000,6.000000,5.800000,6.400000,5.000000,9.200000,6.700000,5.800000,https://fragilestatesindex.org/excel/ (archived in MainCode/fsi-2009.xlsx),thesis_archived_workbook
Botswana,2010,113.000000,68.600000,4.000000,2.900000,4.100000,6.100000,7.700000,5.900000,5.300000,6.400000,4.800000,9.000000,6.600000,5.800000,https://fragilestatesindex.org/excel/ (archived in MainCode/fsi-2010.xlsx),thesis_archived_workbook
Botswana,2011,113.000000,67.900000,4.100000,3.300000,4.500000,6.300000,7.400000,5.600000,5.000000,6.000000,5.000000,8.900000,6.400000,5.400000,https://fragilestatesindex.org/excel/ (archived in MainCode/fsi-2011.xlsx),thesis_archived_workbook
Botswana,2012,117.000000,66.500000,3.800000,3.300000,4.800000,6.500000,7.700000,5.300000,4.700000,5.900000,4.700000,8.600000,6.100000,5.100000,https://fragilestatesindex.org/excel/ (archived in MainCode/fsi-2012.xlsx),thesis_archived_workbook
Botswana,2013,121.000000,64.000000,3.500000,3.300000,4.800000,6.100000,7.500000,5.000000,4.400000,6.000000,4.400000,8.300000,5.800000,4.800000,https://fragilestatesindex.org/excel/ (archived in MainCode/fsi-2013.xlsx),thesis_archived_workbook
Botswana,2014,121.000000,64.500000,3.200000,3.300000,5.100000,6.400000,7.800000,5.300000,4.100000,6.300000,4.600000,8.000000,5.500000,4.900000,https://fragilestatesindex.org/excel/ (archived in MainCode/fsi-2014.xlsx),thesis_archived_workbook
Botswana,2015,122.000000,62.800000,3.500000,3.300000,5.400000,6.300000,7.700000,5.100000,3.800000,6.000000,4.400000,7.500000,5.200000,4.600000,https://fragilestatesindex.org/excel/ (archived in MainCode/fsi-2015.xlsx),thesis_archived_workbook
Botswana,2016,120.000000,63.500000,3.800000,3.300000,5.100000,6.000000,8.000000,5.200000,3.500000,7.000000,4.700000,7.900000,4.700000,4.300000,https://fragilestatesindex.org/excel/ (archived in MainCode/fsi-2016.xlsx),thesis_archived_workbook
Botswana,2017,120.000000,63.800000,4.100000,3.300000,4.900000,5.800000,7.800000,5.500000,3.300000,7.300000,5.000000,8.200000,4.500000,4.100000,https://fragilestatesindex.org/excel/ (archived in MainCode/fsi-2017.xlsx),thesis_archived_workbook
Botswana,2018,120.000000,61.987450,4.100000,3.300000,4.600000,5.686039,7.500000,5.800000,3.000000,6.800000,5.001411,8.200000,4.200000,3.800000,https://fragilestatesindex.org/excel/ (archived in MainCode/fsi-2018.xlsx),thesis_archived_workbook
Botswana,2019,120.000000,59.500000,3.800000,3.300000,4.300000,5.800000,7.200000,5.500000,2.700000,6.500000,5.100000,7.900000,3.900000,3.500000,https://fragilestatesindex.org/excel/ (archived in MainCode/fsi-2019.xlsx),thesis_archived_workbook
Botswana,2020,121.000000,57.071233,3.655584,3.300000,4.000000,5.500000,6.900000,5.200000,2.400000,6.800000,4.879165,7.636483,3.600000,3.200000,https://fragilestatesindex.org/excel/ (archived in MainCode/fsi-2020.xlsx),thesis_archived_workbook
Botswana,2021,122.000000,57.000000,3.400000,3.300000,3.900000,6.600000,6.800000,4.900000,2.400000,7.100000,4.800000,7.600000,3.300000,2.900000,https://fragilestatesindex.org/wp-content/uploads/2021/05/fsi-2021.xlsx,publisher_workbook
Botswana,2022,123.000000,56.100000,3.100000,3.300000,4.000000,6.100000,6.900000,4.800000,2.500000,6.600000,4.900000,7.900000,3.400000,2.600000,https://fragilestatesindex.org/wp-content/uploads/2022/07/fsi-2022-download.xlsx,publisher_workbook
Botswana,2023,122.000000,55.300000,3.400000,3.300000,3.700000,6.600000,6.800000,4.500000,2.500000,6.300000,5.000000,7.800000,3.100000,2.300000,https://fragilestatesindex.org/wp-content/uploads/2023/06/FSI-2023-DOWNLOAD.xlsx,publisher_workbook
Brazil,2006,101.000000,63.100000,5.700000,3.200000,5.700000,2.700000,8.500000,5.000000,5.500000,6.700000,5.300000,6.500000,3.600000,4.700000,https://fragilestatesindex.org/excel/ (archived in MainCode/fsi-2006.xlsx),thesis_archived_workbook
Brazil,2007,116.000000,66.900000,6.900000,4.500000,6.100000,3.200000,8.800000,5.000000,6.200000,6.300000,5.300000,6.600000,3.400000,4.600000,https://fragilestatesindex.org/excel/ (archived in MainCode/fsi-2007.xlsx),thesis_archived_workbook
Brazil,2008,117.000000,67.600000,7.100000,4.900000,6.100000,3.700000,8.800000,5.000000,6.200000,6.000000,5.600000,6.300000,3.300000,4.600000,https://fragilestatesindex.org/excel/ (archived in MainCode/fsi-2008.xlsx),thesis_archived_workbook
Brazil,2009,113.000000,69.100000,6.900000,5.100000,6.400000,4.100000,8.900000,5.000000,6.400000,6.000000,5.600000,6.400000,3.900000,4.400000,https://fragilestatesindex.org/excel/ (archived in MainCode/fsi-2009.xlsx),thesis_archived_workbook
Brazil,2010,119.000000,67.400000,6.700000,5.100000,6.200000,4.000000,8.800000,4.800000,6.200000,6.000000,5.400000,6.300000,3.700000,4.200000,https://fragilestatesindex.org/excel/ (archived in MainCode/fsi-2010.xlsx),thesis_archived_workbook
Brazil,2011,123.000000,65.100000,6.500000,4.900000,6.500000,3.900000,8.500000,4.500000,5.900000,5.800000,5.100000,6.100000,3.500000,3.900000,https://fragilestatesindex.org/excel/ (archived in MainCode/fsi-2011.xlsx),thesis_archived_workbook
Brazil,2012,123.000000,64.100000,6.200000,4.900000,6.200000,3.600000,8.400000,4.200000,5.600000,5.500000,5.000000,7.000000,3.900000,3.600000,https://fragilestatesindex.org/excel/ (archived in MainCode/fsi-2012.xlsx),thesis_archived_workbook
Brazil,2013,126.000000,62.100000,5.900000,4.900000,5.900000,3.300000,8.300000,3.900000,5.300000,5.400000,5.300000,7.000000,3.600000,3.300000,https://fragilestatesindex.org/excel/ (archived in MainCode/fsi-2013.xlsx),thesis_archived_workbook
Brazil,2014,125.000000,61.400000,5.600000,4.900000,5.600000,3.600000,8.000000,3.800000,5.400000,5.600000,5.600000,6.700000,3.600000,3.000000,https://fragilestatesindex.org/excel/ (archived in MainCode/fsi-2014.xlsx),thesis_archived_workbook
Brazil,2015,123.000000,62.700000,5.900000,4.900000,5.900000,3.900000,7.700000,4.100000,5.100000,5.900000,5.800000,7.600000,3.100000,2.700000,https://fragilestatesindex.org/excel/ (archived in MainCode/fsi-2015.xlsx),thesis_archived_workbook
Brazil,2016,117.000000,65.300000,6.400000,4.900000,5.700000,4.500000,8.000000,4.300000,5.900000,6.000000,6.100000,7.600000,2.900000,3.000000,https://fragilestatesindex.org/excel/ (archived in MainCode/fsi-2016.xlsx),thesis_archived_workbook
Brazil,2017,110.000000,68.200000,6.700000,4.900000,6.200000,4.800000,7.800000,4.600000,6.200000,6.400000,6.400000,8.100000,2.800000,3.300000,https://fragilestatesindex.org/excel/ (archived in MainCode/fsi-2017.xlsx),thesis_archived_workbook
Brazil,2018,106.000000,68.713131,6.800000,5.200000,6.500000,4.500000,7.700000,4.794597,6.700000,6.100000,6.700000,7.600000,2.748028,3.370506,https://fragilestatesindex.org/excel/ (archived in MainCode/fsi-2018.xlsx),thesis_archived_workbook
Brazil,2019,83.000000,71.800000,7.000000,6.200000,7.000000,5.000000,7.400000,4.500000,7.000000,6.600000,6.900000,7.300000,3.300000,3.600000,https://fragilestatesindex.org/excel/ (archived in MainCode/fsi-2019.xlsx),thesis_archived_workbook
Brazil,2020,75.000000,72.994114,7.100000,6.200000,7.300000,5.241637,7.100000,4.200000,6.700000,6.900000,7.000000,7.800000,3.600000,3.852477,https://fragilestatesindex.org/excel/ (archived in MainCode/fsi-2020.xlsx),thesis_archived_workbook
Brazil,2021,70.000000,75.800000,6.800000,6.500000,7.700000,6.400000,7.000000,3.900000,7.000000,7.400000,7.400000,8.800000,3.300000,3.600000,https://fragilestatesindex.org/wp-content/uploads/2021/05/fsi-2021.xlsx,publisher_workbook
Brazil,2022,71.000000,73.900000,6.500000,6.200000,7.400000,6.100000,6.900000,3.700000,6.700000,7.500000,7.600000,9.000000,3.000000,3.300000,https://fragilestatesindex.org/wp-content/uploads/2022/07/fsi-2022-download.xlsx,publisher_workbook
Brazil,2023,71.000000,74.500000,6.200000,6.500000,7.500000,6.600000,6.800000,3.500000,7.100000,7.200000,7.900000,8.700000,3.500000,3.000000,https://fragilestatesindex.org/wp-content/uploads/2023/06/FSI-2023-DOWNLOAD.xlsx,publisher_workbook
Brunei Darussalam,2007,108.000000,71.200000,6.900000,7.400000,7.400000,3.200000,7.900000,4.200000,7.700000,3.300000,6.600000,6.300000,5.600000,4.700000,https://fragilestatesindex.org/excel/ (archived in MainCode/fsi-2007.xlsx),thesis_archived_workbook
Brunei Darussalam,2008,116.000000,68.500000,6.300000,7.400000,6.700000,3.200000,7.400000,4.200000,7.700000,3.300000,6.800000,5.900000,4.900000,4.700000,https://fragilestatesindex.org/excel/ (archived in MainCode/fsi-2008.xlsx),thesis_archived_workbook
Brunei Darussalam,2009,118.000000,68.100000,6.100000,7.400000,6.600000,3.400000,7.800000,4.000000,7.900000,3.600000,6.800000,5.400000,4.400000,4.700000,https://fragilestatesindex.org/excel/ (archived in MainCode/fsi-2009.xlsx),thesis_archived_workbook
Brunei Darussalam,2010,117.000000,67.600000,5.900000,7.400000,6.600000,3.700000,7.800000,3.800000,7.700000,3.500000,6.900000,5.400000,4.200000,4.700000,https://fragilestatesindex.org/excel/ (archived in MainCode/fsi-2010.xlsx),thesis_archived_workbook
Brunei Darussalam,2011,122.000000,65.800000,5.600000,7.400000,6.200000,3.400000,7.800000,4.100000,7.700000,3.200000,6.700000,5.100000,3.900000,4.700000,https://fragilestatesindex.org/excel/ (archived in MainCode/fsi-2011.xlsx),thesis_archived_workbook
Brunei Darussalam,2012,123.000000,64.100000,5.600000,7.400000,6.200000,3.100000,7.800000,4.300000,7.400000,2.900000,6.600000,4.800000,3.600000,4.400000,https://fragilestatesindex.org/excel/ (archived in MainCode/fsi-2012.xlsx),thesis_archived_workbook
Brunei Darussalam,2013,123.000000,63.200000,5.600000,7.400000,6.200000,2.800000,7.800000,4.600000,7.400000,2.600000,6.900000,4.500000,3.300000,4.100000,https://fragilestatesindex.org/excel/ (archived in MainCode/fsi-2013.xlsx),thesis_archived_workbook
Brunei Darussalam,2014,123.000000,63.600000,5.600000,7.400000,6.200000,3.100000,7.800000,4.900000,7.100000,2.500000,7.400000,4.500000,3.000000,4.100000,https://fragilestatesindex.org/excel/ (archived in MainCode/fsi-2014.xlsx),thesis_archived_workbook
Brunei Darussalam,2015,121.000000,63.000000,5.600000,7.400000,5.900000,2.800000,7.800000,4.600000,8.000000,2.200000,7.700000,4.200000,2.700000,4.100000,https://fragilestatesindex.org/excel/ (archived in MainCode/fsi-2015.xlsx),thesis_archived_workbook
Brunei Darussalam,2016,123.000000,62.000000,5.300000,7.400000,5.900000,3.000000,7.800000,4.300000,8.300000,2.000000,7.900000,3.900000,2.400000,3.800000,https://fragilestatesindex.org/excel/ (archived in MainCode/fsi-2016.xlsx),thesis_archived_workbook
Brunei Darussalam,2017,122.000000,61.600000,5.100000,7.400000,5.900000,3.500000,7.800000,4.600000,8.300000,1.800000,7.700000,3.700000,2.200000,3.600000,https://fragilestatesindex.org/excel/ (archived in MainCode/fsi-2017.xlsx),thesis_archived_workbook
Brunei Darussalam,2018,124.000000,59.806240,4.800000,7.400000,5.600000,3.800000,7.800000,4.705301,8.000000,1.700938,7.400000,3.400000,1.900000,3.300000,https://fragilestatesindex.org/excel/ (archived in MainCode/fsi-2018.xlsx),thesis_archived_workbook
Brunei Darussalam,2019,124.000000,57.500000,4.500000,7.400000,5.900000,3.500000,7.500000,4.400000,7.700000,1.500000,7.100000,3.100000,1.600000,3.300000,https://fragilestatesindex.org/excel/ (archived in MainCode/fsi-2019.xlsx),thesis_archived_workbook
Brunei Darussalam,2020,122.000000,56.600028,4.500000,7.400000,6.200000,3.330551,7.500000,4.100000,7.400000,1.569476,7.200000,2.800000,1.300000,3.300000,https://fragilestatesindex.org/excel/ (archived in MainCode/fsi-2020.xlsx),thesis_archived_workbook
Brunei Darussalam,2021,124.000000,56.300000,4.200000,7.400000,6.500000,3.300000,7.300000,3.800000,7.100000,2.600000,6.900000,2.800000,1.100000,3.300000,https://fragilestatesindex.org/wp-content/uploads/2021/05/fsi-2021.xlsx,publisher_workbook
Brunei Darussalam,2022,125.000000,55.100000,3.900000,7.400000,6.800000,3.000000,7.200000,3.700000,7.400000,2.300000,6.600000,2.700000,0.800000,3.300000,https://fragilestatesindex.org/wp-content/uploads/2022/07/fsi-2022-download.xlsx,publisher_workbook
Brunei Darussalam,2023,125.000000,54.700000,3.900000,7.400000,7.100000,3.000000,6.900000,3.400000,7.700000,2.000000,6.300000,2.800000,1.100000,3.100000,https://fragilestatesindex.org/wp-content/uploads/2023/06/FSI-2023-DOWNLOAD.xlsx,publisher_workbook
Bulgaria,2006,103.000000,62.100000,5.500000,4.100000,4.000000,4.300000,6.200000,6.000000,6.200000,5.300000,4.900000,6.000000,4.100000,5.500000,https://fragilestatesindex.org/excel/ (archived in MainCode/fsi-2006.xlsx),thesis_archived_workbook
Bulgaria,2007,127.000000,60.300000,5.400000,3.900000,4.200000,4.300000,6.200000,5.900000,5.700000,5.000000,4.700000,5.400000,4.100000,5.500000,https://fragilestatesindex.org/excel/ (archived in MainCode/fsi-2007.xlsx),thesis_archived_workbook
Bulgaria,2008,131.000000,58.500000,5.200000,3.900000,4.000000,4.300000,6.000000,5.700000,5.400000,4.600000,4.700000,5.100000,4.100000,5.500000,https://fragilestatesindex.org/excel/ (archived in MainCode/fsi-2008.xlsx),thesis_archived_workbook
Bulgaria,2009,128.000000,61.500000,5.300000,4.600000,4.400000,5.000000,6.300000,6.000000,6.000000,5.000000,4.800000,4.700000,3.800000,5.600000,https://fragilestatesindex.org/excel/ (archived in MainCode/fsi-2009.xlsx),thesis_archived_workbook
Bulgaria,2010,126.000000,61.200000,5.100000,4.600000,4.500000,5.300000,6.100000,5.800000,6.000000,5.000000,4.600000,4.500000,3.900000,5.800000,https://fragilestatesindex.org/excel/ (archived in MainCode/fsi-2010.xlsx),thesis_archived_workbook
Bulgaria,2011,129.000000,59.000000,4.900000,5.300000,4.300000,5.300000,5.700000,5.500000,5.900000,4.600000,4.300000,4.100000,3.600000,5.500000,https://fragilestatesindex.org/excel/ (archived in MainCode/fsi-2011.xlsx),thesis_archived_workbook
Bulgaria,2012,130.000000,56.300000,4.600000,5.300000,4.900000,5.000000,5.400000,5.200000,5.100000,4.300000,4.000000,4.000000,3.300000,5.200000,https://fragilestatesindex.org/excel/ (archived in MainCode/fsi-2012.xlsx),thesis_archived_workbook
Bulgaria,2013,132.000000,55.000000,4.700000,5.300000,4.600000,5.000000,5.100000,4.900000,4.800000,4.400000,3.700000,4.400000,3.100000,5.000000,https://fragilestatesindex.org/excel/ (archived in MainCode/fsi-2013.xlsx),thesis_archived_workbook
Bulgaria,2014,133.000000,54.400000,4.400000,5.300000,4.900000,5.200000,4.800000,4.900000,4.900000,4.100000,3.700000,4.100000,3.400000,4.700000,https://fragilestatesindex.org/excel/ (archived in MainCode/fsi-2014.xlsx),thesis_archived_workbook
Bulgaria,2015,130.000000,55.400000,4.100000,5.300000,5.200000,6.200000,4.900000,4.600000,5.000000,4.200000,3.400000,4.200000,3.500000,4.800000,https://fragilestatesindex.org/excel/ (archived in MainCode/fsi-2015.xlsx),thesis_archived_workbook
Bulgaria,2016,132.000000,53.700000,3.800000,5.300000,5.300000,5.900000,4.600000,4.300000,4.700000,3.900000,3.500000,3.900000,4.000000,4.500000,https://fragilestatesindex.org/excel/ (archived in MainCode/fsi-2016.xlsx),thesis_archived_workbook
Bulgaria,2017,132.000000,53.700000,4.300000,5.300000,5.100000,5.700000,4.400000,4.200000,4.500000,4.400000,3.300000,3.700000,4.500000,4.300000,https://fragilestatesindex.org/excel/ (archived in MainCode/fsi-2017.xlsx),thesis_archived_workbook
Bulgaria,2018,133.000000,51.654208,4.600000,5.300000,5.100000,5.538035,4.100000,3.900000,4.200000,4.100000,3.216173,3.400000,4.200000,4.000000,https://fragilestatesindex.org/excel/ (archived in MainCode/fsi-2018.xlsx),thesis_archived_workbook
Bulgaria,2019,132.000000,50.600000,4.300000,5.300000,4.800000,5.200000,3.800000,4.200000,3.900000,3.800000,3.200000,3.500000,4.300000,4.300000,https://fragilestatesindex.org/excel/ (archived in MainCode/fsi-2019.xlsx),thesis_archived_workbook
Bulgaria,2020,133.000000,49.171655,4.600000,5.300000,4.516112,4.900000,3.500000,4.500000,3.600000,3.500000,2.955543,3.200000,4.000000,4.600000,https://fragilestatesindex.org/excel/ (archived in MainCode/fsi-2020.xlsx),thesis_archived_workbook
Bulgaria,2021,133.000000,51.600000,4.300000,5.300000,4.200000,5.200000,3.800000,5.000000,3.700000,4.000000,2.900000,5.200000,3.700000,4.300000,https://fragilestatesindex.org/wp-content/uploads/2021/05/fsi-2021.xlsx,publisher_workbook
Bulgaria,2022,131.000000,51.600000,4.000000,5.300000,4.300000,4.900000,4.300000,5.100000,3.400000,4.200000,3.000000,5.700000,3.400000,4.000000,https://fragilestatesindex.org/wp-content/uploads/2022/07/fsi-2022-download.xlsx,publisher_workbook
Bulgaria,2023,131.000000,51.800000,4.100000,5.300000,4.000000,4.400000,4.700000,5.200000,3.500000,3.900000,3.200000,5.400000,4.400000,3.700000,https://fragilestatesindex.org/wp-content/uploads/2023/06/FSI-2023-DOWNLOAD.xlsx,publisher_workbook
Burkina Faso,2006,30.000000,89.700000,7.600000,7.700000,6.500000,8.200000,8.800000,6.600000,7.800000,8.400000,6.500000,9.000000,5.900000,6.700000,https://fragilestatesindex.org/excel/ (archived in MainCode/fsi-2006.xlsx),thesis_archived_workbook
Burkina Faso,2007,33.000000,89.700000,7.600000,7.700000,6.400000,8.200000,8.900000,6.600000,7.600000,8.900000,6.600000,8.600000,5.600000,7.000000,https://fragilestatesindex.org/excel/ (archived in MainCode/fsi-2007.xlsx),thesis_archived_workbook
Burkina Faso,2008,36.000000,89.900000,7.600000,7.700000,6.400000,8.100000,8.900000,6.600000,7.600000,8.900000,6.600000,8.600000,5.600000,7.300000,https://fragilestatesindex.org/excel/ (archived in MainCode/fsi-2008.xlsx),thesis_archived_workbook
Burkina Faso,2009,35.000000,91.300000,7.500000,7.600000,6.100000,8.200000,9.000000,6.500000,7.900000,9.000000,6.500000,9.000000,6.000000,8.000000,https://fragilestatesindex.org/excel/ (archived in MainCode/fsi-2009.xlsx),thesis_archived_workbook
Burkina Faso,2010,35.000000,90.700000,7.300000,7.600000,5.900000,8.000000,8.800000,6.600000,7.700000,8.800000,6.600000,9.300000,6.200000,7.900000,https://fragilestatesindex.org/excel/ (archived in MainCode/fsi-2010.xlsx),thesis_archived_workbook
Burkina Faso,2011,37.000000,88.600000,7.000000,7.300000,5.500000,8.000000,8.500000,6.300000,7.700000,8.700000,6.400000,8.900000,6.200000,8.000000,https://fragilestatesindex.org/excel/ (archived in MainCode/fsi-2011.xlsx),thesis_archived_workbook
Burkina Faso,2012,41.000000,87.400000,7.100000,7.300000,5.200000,7.700000,8.200000,6.000000,8.000000,8.400000,7.000000,8.900000,5.900000,7.700000,https://fragilestatesindex.org/excel/ (archived in MainCode/fsi-2012.xlsx),thesis_archived_workbook
Burkina Faso,2013,35.000000,90.200000,7.200000,7.300000,5.300000,7.700000,8.400000,6.300000,7.700000,8.700000,6.800000,9.400000,7.400000,8.000000,https://fragilestatesindex.org/excel/ (archived in MainCode/fsi-2013.xlsx),thesis_archived_workbook
Burkina Faso,2014,39.000000,89.000000,6.900000,7.300000,5.300000,7.400000,8.100000,6.600000,7.800000,8.800000,6.500000,9.000000,7.600000,7.700000,https://fragilestatesindex.org/excel/ (archived in MainCode/fsi-2014.xlsx),thesis_archived_workbook
Burkina Faso,2015,39.000000,89.200000,7.400000,7.800000,5.000000,7.100000,8.100000,6.900000,8.100000,8.900000,6.200000,9.100000,7.100000,7.500000,https://fragilestatesindex.org/excel/ (archived in MainCode/fsi-2015.xlsx),thesis_archived_workbook
Burkina Faso,2016,41.000000,89.400000,8.100000,8.100000,4.700000,6.500000,8.400000,7.200000,7.300000,8.900000,6.300000,9.400000,6.800000,7.700000,https://fragilestatesindex.org/excel/ (archived in MainCode/fsi-2016.xlsx),thesis_archived_workbook
Burkina Faso,2017,44.000000,88.000000,8.400000,7.800000,4.500000,6.300000,8.200000,7.500000,7.100000,8.700000,6.100000,9.300000,6.600000,7.500000,https://fragilestatesindex.org/excel/ (archived in MainCode/fsi-2017.xlsx),thesis_archived_workbook
Burkina Faso,2018,45.000000,86.523638,8.500000,7.800000,4.200000,6.600000,7.900000,7.475282,6.800000,8.400000,5.948356,8.800000,6.300000,7.800000,https://fragilestatesindex.org/excel/ (archived in MainCode/fsi-2018.xlsx),thesis_archived_workbook
Burkina Faso,2019,47.000000,83.900000,8.200000,7.800000,3.900000,6.900000,7.600000,7.200000,6.500000,8.100000,5.600000,8.500000,6.000000,7.500000,https://fragilestatesindex.org/excel/ (archived in MainCode/fsi-2019.xlsx),thesis_archived_workbook
Burkina Faso,2020,37.000000,85.928523,8.700000,7.800000,4.400000,6.728523,7.300000,7.100000,6.200000,8.400000,5.700000,8.600000,7.000000,8.000000,https://fragilestatesindex.org/excel/ (archived in MainCode/fsi-2020.xlsx),thesis_archived_workbook
Burkina Faso,2021,36.000000,87.100000,9.000000,7.800000,4.500000,7.000000,7.800000,7.000000,5.900000,8.700000,5.500000,8.600000,7.200000,8.100000,https://fragilestatesindex.org/wp-content/uploads/2021/05/fsi-2021.xlsx,publisher_workbook
Burkina Faso,2022,29.000000,90.500000,8.700000,7.800000,5.500000,6.900000,8.100000,7.100000,6.400000,8.800000,6.500000,8.400000,7.700000,8.600000,https://fragilestatesindex.org/wp-content/uploads/2022/07/fsi-2022-download.xlsx,publisher_workbook
Burkina Faso,2023,21.000000,94.000000,9.300000,8.200000,5.800000,7.200000,8.300000,7.000000,7.400000,8.600000,7.000000,8.300000,8.200000,8.700000,https://fragilestatesindex.org/wp-content/uploads/2023/06/FSI-2023-DOWNLOAD.xlsx,publisher_workbook
Burundi,2006,15.000000,96.700000,7.300000,7.800000,7.000000,7.800000,8.800000,6.700000,7.200000,8.500000,7.500000,9.000000,9.100000,10.000000,https://fragilestatesindex.org/excel/ (archived in MainCode/fsi-2006.xlsx),thesis_archived_workbook
Burundi,2007,19.000000,95.200000,6.800000,7.500000,6.700000,8.200000,8.800000,6.700000,7.100000,8.900000,7.500000,9.100000,8.900000,9.000000,https://fragilestatesindex.org/excel/ (archived in MainCode/fsi-2007.xlsx),thesis_archived_workbook
Burundi,2008,24.000000,94.100000,6.800000,7.800000,6.700000,8.000000,8.800000,6.500000,7.100000,9.000000,7.500000,9.100000,8.200000,8.600000,https://fragilestatesindex.org/excel/ (archived in MainCode/fsi-2008.xlsx),thesis_archived_workbook
Burundi,2009,24.000000,95.700000,7.300000,7.700000,7.500000,8.000000,8.400000,6.500000,7.500000,9.000000,7.600000,9.200000,8.100000,8.900000,https://fragilestatesindex.org/excel/ (archived in MainCode/fsi-2009.xlsx),thesis_archived_workbook
Burundi,2010,23.000000,96.700000,7.100000,7.900000,7.800000,8.200000,8.400000,6.500000,7.600000,9.000000,7.700000,9.400000,8.400000,8.700000,https://fragilestatesindex.org/excel/ (archived in MainCode/fsi-2010.xlsx),thesis_archived_workbook
Burundi,2011,17.000000,98.600000,7.700000,8.200000,8.200000,8.500000,8.100000,6.200000,8.200000,8.800000,8.000000,9.100000,8.700000,9.000000,https://fragilestatesindex.org/excel/ (archived in MainCode/fsi-2011.xlsx),thesis_archived_workbook
Burundi,2012,18.000000,97.500000,7.400000,7.900000,8.000000,8.800000,7.900000,5.900000,8.300000,8.500000,8.100000,8.800000,8.900000,9.000000,https://fragilestatesindex.org/excel/ (archived in MainCode/fsi-2012.xlsx),thesis_archived_workbook
Burundi,2013,20.000000,97.600000,7.700000,7.900000,8.100000,9.100000,7.600000,6.200000,8.400000,8.300000,7.900000,8.900000,8.800000,8.700000,https://fragilestatesindex.org/excel/ (archived in MainCode/fsi-2013.xlsx),thesis_archived_workbook
Burundi,2014,21.000000,97.100000,7.400000,7.900000,8.100000,8.800000,7.500000,6.500000,8.100000,8.600000,8.000000,8.700000,9.000000,8.500000,https://fragilestatesindex.org/excel/ (archived in MainCode/fsi-2014.xlsx),thesis_archived_workbook
Burundi,2015,18.000000,98.000000,7.700000,7.900000,8.000000,8.500000,7.700000,6.800000,8.400000,8.300000,8.200000,9.200000,9.000000,8.400000,https://fragilestatesindex.org/excel/ (archived in MainCode/fsi-2015.xlsx),thesis_archived_workbook
Burundi,2016,15.000000,100.700000,9.000000,8.500000,8.100000,8.200000,7.400000,6.500000,9.000000,8.200000,8.500000,9.500000,9.100000,8.700000,https://fragilestatesindex.org/excel/ (archived in MainCode/fsi-2016.xlsx),thesis_archived_workbook
Burundi,2017,17.000000,98.900000,8.800000,8.200000,7.900000,8.000000,7.200000,6.300000,8.800000,8.000000,8.800000,9.300000,8.600000,9.000000,https://fragilestatesindex.org/excel/ (archived in MainCode/fsi-2017.xlsx),thesis_archived_workbook
Burundi,2018,17.000000,97.364240,8.500000,7.900000,7.600000,8.052373,6.977876,6.000000,8.891896,7.700000,8.900000,9.400000,8.742095,8.700000,https://fragilestatesindex.org/excel/ (archived in MainCode/fsi-2018.xlsx),thesis_archived_workbook
Burundi,2019,15.000000,98.200000,8.600000,7.900000,7.900000,8.400000,7.200000,6.000000,9.000000,8.200000,9.000000,9.100000,8.400000,8.400000,https://fragilestatesindex.org/excel/ (archived in MainCode/fsi-2019.xlsx),thesis_archived_workbook
Burundi,2020,11.000000,97.876030,8.300000,7.900000,7.600000,8.500000,7.349977,5.900000,9.126052,7.900000,9.100000,9.200000,8.500000,8.500000,https://fragilestatesindex.org/excel/ (archived in MainCode/fsi-2020.xlsx),thesis_archived_workbook
Burundi,2021,16.000000,97.100000,8.000000,8.200000,7.300000,8.800000,7.200000,5.600000,9.300000,7.900000,9.200000,9.200000,8.200000,8.200000,https://fragilestatesindex.org/wp-content/uploads/2021/05/fsi-2021.xlsx,publisher_workbook
Burundi,2022,19.000000,95.400000,7.700000,8.500000,7.000000,8.300000,7.100000,5.500000,9.400000,7.900000,8.900000,8.900000,8.300000,7.900000,https://fragilestatesindex.org/wp-content/uploads/2022/07/fsi-2022-download.xlsx,publisher_workbook
Burundi,2023,20.000000,94.200000,7.800000,8.500000,6.700000,8.800000,7.200000,5.200000,9.100000,8.000000,8.600000,8.700000,8.000000,7.600000,https://fragilestatesindex.org/wp-content/uploads/2023/06/FSI-2023-DOWNLOAD.xlsx,publisher_workbook
Cabo Verde,2021,110.000000,64.200000,4.800000,5.500000,2.900000,6.500000,5.500000,7.700000,4.100000,5.600000,2.800000,6.800000,3.600000,8.400000,https://fragilestatesindex.org/wp-content/uploads/2021/05/fsi-2021.xlsx,publisher_workbook
Cabo Verde,2022,114.000000,61.400000,4.500000,5.500000,2.600000,5.700000,5.200000,7.700000,3.800000,5.900000,2.600000,6.500000,3.300000,8.100000,https://fragilestatesindex.org/wp-content/uploads/2022/07/fsi-2022-download.xlsx,publisher_workbook
Cambodia,2006,47.000000,85.000000,6.700000,7.500000,7.000000,6.000000,7.200000,8.000000,7.800000,7.500000,6.900000,7.500000,6.500000,6.400000,https://fragilestatesindex.org/excel/ (archived in MainCode/fsi-2006.xlsx),thesis_archived_workbook
Cambodia,2007,48.000000,85.700000,6.200000,7.500000,7.300000,6.400000,7.200000,8.000000,8.500000,7.600000,7.100000,7.600000,5.900000,6.400000,https://fragilestatesindex.org/excel/ (archived in MainCode/fsi-2007.xlsx),thesis_archived_workbook
Cambodia,2008,48.000000,85.800000,6.200000,7.200000,7.500000,6.600000,7.200000,8.000000,8.300000,7.600000,7.100000,7.800000,5.700000,6.600000,https://fragilestatesindex.org/excel/ (archived in MainCode/fsi-2008.xlsx),thesis_archived_workbook
Cambodia,2009,48.000000,87.300000,6.500000,7.500000,7.000000,7.500000,7.200000,8.000000,8.500000,7.900000,7.400000,7.900000,5.200000,6.700000,https://fragilestatesindex.org/excel/ (archived in MainCode/fsi-2009.xlsx),thesis_archived_workbook
Cambodia,2010,40.000000,88.700000,6.400000,7.700000,6.900000,7.700000,7.100000,7.900000,8.700000,8.300000,7.700000,8.000000,5.300000,7.000000,https://fragilestatesindex.org/excel/ (archived in MainCode/fsi-2010.xlsx),thesis_archived_workbook
Cambodia,2011,38.000000,88.500000,6.200000,8.000000,7.200000,7.200000,6.800000,7.600000,8.500000,8.400000,8.000000,7.700000,5.600000,7.400000,https://fragilestatesindex.org/excel/ (archived in MainCode/fsi-2011.xlsx),thesis_archived_workbook
Cambodia,2012,37.000000,88.700000,6.500000,8.000000,7.300000,6.900000,7.100000,7.700000,8.200000,8.300000,7.700000,7.500000,5.900000,7.700000,https://fragilestatesindex.org/excel/ (archived in MainCode/fsi-2012.xlsx),thesis_archived_workbook
Cambodia,2013,41.000000,88.000000,6.200000,8.000000,7.000000,6.400000,7.300000,7.400000,8.300000,8.100000,7.800000,7.200000,6.200000,8.000000,https://fragilestatesindex.org/excel/ (archived in MainCode/fsi-2013.xlsx),thesis_archived_workbook
Cambodia,2014,40.000000,88.500000,6.300000,8.600000,7.300000,6.100000,7.400000,7.200000,8.400000,8.000000,7.900000,7.500000,6.100000,7.700000,https://fragilestatesindex.org/excel/ (archived in MainCode/fsi-2014.xlsx),thesis_archived_workbook
Cambodia,2015,42.000000,87.900000,6.700000,8.200000,7.400000,6.400000,7.100000,7.500000,8.400000,7.700000,8.300000,7.000000,5.800000,7.400000,https://fragilestatesindex.org/excel/ (archived in MainCode/fsi-2015.xlsx),thesis_archived_workbook
Cambodia,2016,46.000000,87.400000,6.400000,8.300000,7.100000,5.900000,6.800000,7.800000,8.500000,8.000000,7.900000,7.200000,5.900000,7.600000,https://fragilestatesindex.org/excel/ (archived in MainCode/fsi-2016.xlsx),thesis_archived_workbook
Cambodia,2017,50.000000,85.700000,6.700000,8.300000,6.900000,5.700000,6.600000,7.600000,8.300000,7.800000,7.700000,7.000000,5.700000,7.400000,https://fragilestatesindex.org/excel/ (archived in MainCode/fsi-2017.xlsx),thesis_archived_workbook
Cambodia,2018,53.000000,84.048892,6.485043,8.632000,6.600000,5.495624,6.485860,7.518158,8.532207,7.500000,7.800000,6.500000,5.400000,7.100000,https://fragilestatesindex.org/excel/ (archived in MainCode/fsi-2018.xlsx),thesis_archived_workbook
Cambodia,2019,54.000000,82.500000,6.400000,8.600000,6.300000,5.300000,6.200000,7.200000,8.700000,7.600000,7.600000,6.200000,5.100000,7.400000,https://fragilestatesindex.org/excel/ (archived in MainCode/fsi-2019.xlsx),thesis_archived_workbook
Cambodia,2020,55.000000,80.308381,6.700000,8.600000,6.000000,5.000000,5.900000,6.900000,8.400000,7.708381,7.300000,5.900000,4.800000,7.100000,https://fragilestatesindex.org/excel/ (archived in MainCode/fsi-2020.xlsx),thesis_archived_workbook
Cambodia,2021,54.000000,80.600000,6.400000,8.300000,6.100000,5.200000,6.200000,6.600000,8.700000,8.200000,7.700000,5.900000,4.500000,6.800000,https://fragilestatesindex.org/wp-content/uploads/2021/05/fsi-2021.xlsx,publisher_workbook
Cambodia,2022,50.000000,80.500000,6.100000,8.400000,5.800000,5.500000,6.300000,6.300000,8.800000,7.900000,7.800000,6.900000,4.200000,6.500000,https://fragilestatesindex.org/wp-content/uploads/2022/07/fsi-2022-download.xlsx,publisher_workbook
Cambodia,2023,54.000000,80.300000,6.400000,8.700000,5.500000,5.200000,6.400000,6.000000,9.100000,7.400000,8.300000,6.400000,3.900000,7.000000,https://fragilestatesindex.org/wp-content/uploads/2023/06/FSI-2023-DOWNLOAD.xlsx,publisher_workbook
Cameroon,2006,36.000000,88.400000,7.600000,7.900000,6.500000,6.000000,8.700000,8.000000,8.500000,8.000000,7.200000,6.500000,6.800000,6.700000,https://fragilestatesindex.org/excel/ (archived in MainCode/fsi-2006.xlsx),thesis_archived_workbook
Cameroon,2007,35.000000,89.400000,7.700000,8.000000,7.000000,6.100000,8.700000,7.900000,8.500000,7.500000,7.200000,7.000000,6.800000,7.000000,https://fragilestatesindex.org/excel/ (archived in MainCode/fsi-2007.xlsx),thesis_archived_workbook
Cameroon,2008,33.000000,91.200000,7.800000,8.200000,7.100000,6.100000,8.700000,7.900000,8.700000,7.600000,7.400000,7.400000,7.100000,7.200000,https://fragilestatesindex.org/excel/ (archived in MainCode/fsi-2008.xlsx),thesis_archived_workbook
Cameroon,2009,26.000000,95.300000,7.800000,8.700000,7.200000,6.900000,8.900000,8.000000,9.200000,8.000000,8.000000,8.000000,7.500000,7.100000,https://fragilestatesindex.org/excel/ (archived in MainCode/fsi-2009.xlsx),thesis_archived_workbook
Cameroon,2010,26.000000,95.400000,7.800000,8.700000,7.500000,7.000000,8.700000,8.100000,9.000000,8.000000,7.800000,8.200000,7.600000,7.000000,https://fragilestatesindex.org/excel/ (archived in MainCode/fsi-2010.xlsx),thesis_archived_workbook
Cameroon,2011,24.000000,94.600000,7.800000,8.500000,7.800000,7.000000,8.400000,7.800000,8.800000,8.300000,8.100000,8.000000,7.300000,6.800000,https://fragilestatesindex.org/excel/ (archived in MainCode/fsi-2011.xlsx),thesis_archived_workbook
Cameroon,2012,26.000000,93.100000,7.900000,9.200000,7.500000,6.500000,8.100000,7.500000,8.900000,8.100000,7.800000,8.200000,7.000000,6.500000,https://fragilestatesindex.org/excel/ (archived in MainCode/fsi-2012.xlsx),thesis_archived_workbook
Cameroon,2013,27.000000,93.500000,8.000000,9.200000,7.800000,6.100000,7.800000,7.200000,8.500000,8.400000,8.100000,8.300000,7.300000,6.800000,https://fragilestatesindex.org/excel/ (archived in MainCode/fsi-2013.xlsx),thesis_archived_workbook
Cameroon,2014,27.000000,93.100000,7.700000,9.500000,7.800000,5.900000,7.500000,7.500000,8.200000,8.500000,8.300000,8.100000,7.600000,6.500000,https://fragilestatesindex.org/excel/ (archived in MainCode/fsi-2014.xlsx),thesis_archived_workbook
Cameroon,2015,28.000000,94.300000,7.600000,9.100000,8.100000,6.200000,7.800000,7.500000,8.400000,8.800000,8.000000,8.000000,7.800000,7.000000,https://fragilestatesindex.org/excel/ (archived in MainCode/fsi-2015.xlsx),thesis_archived_workbook
Cameroon,2016,22.000000,97.800000,8.100000,9.400000,8.500000,6.300000,8.100000,7.800000,8.700000,8.900000,7.700000,8.300000,8.000000,8.000000,https://fragilestatesindex.org/excel/ (archived in MainCode/fsi-2016.xlsx),thesis_archived_workbook
Cameroon,2017,26.000000,95.600000,7.900000,9.100000,8.300000,6.600000,7.600000,7.600000,8.400000,8.700000,7.500000,8.100000,8.000000,7.800000,https://fragilestatesindex.org/excel/ (archived in MainCode/fsi-2017.xlsx),thesis_archived_workbook
Cameroon,2018,23.000000,95.312181,8.000000,9.100000,8.400000,6.686671,7.475066,7.525434,8.476434,8.400000,7.600000,8.144362,8.004214,7.500000,https://fragilestatesindex.org/excel/ (archived in MainCode/fsi-2018.xlsx),thesis_archived_workbook
Cameroon,2019,16.000000,97.000000,8.500000,9.600000,8.500000,6.500000,7.500000,7.500000,9.200000,8.200000,7.700000,8.300000,8.300000,7.200000,https://fragilestatesindex.org/excel/ (archived in MainCode/fsi-2019.xlsx),thesis_archived_workbook
Cameroon,2020,11.000000,97.855082,8.200000,9.300000,8.600000,6.800000,7.663807,7.600000,8.900000,8.300000,7.800000,8.791275,8.600000,7.300000,https://fragilestatesindex.org/excel/ (archived in MainCode/fsi-2020.xlsx),thesis_archived_workbook
Cameroon,2021,15.000000,97.200000,8.300000,9.300000,8.700000,7.000000,7.600000,7.100000,9.000000,8.600000,7.500000,8.800000,8.300000,7.000000,https://fragilestatesindex.org/wp-content/uploads/2021/05/fsi-2021.xlsx,publisher_workbook
Cameroon,2022,17.000000,96.000000,8.400000,9.300000,8.400000,6.500000,7.700000,7.200000,8.700000,8.300000,7.600000,8.800000,8.400000,6.700000,https://fragilestatesindex.org/wp-content/uploads/2022/07/fsi-2022-download.xlsx,publisher_workbook
Cameroon,2023,23.000000,94.000000,8.100000,9.300000,8.100000,6.000000,7.400000,6.900000,8.800000,8.300000,7.300000,9.000000,8.400000,6.400000,https://fragilestatesindex.org/wp-content/uploads/2023/06/FSI-2023-DOWNLOAD.xlsx,publisher_workbook
Canada,2006,139.000000,23.100000,1.000000,1.600000,2.000000,1.200000,5.000000,2.000000,1.500000,1.000000,1.500000,3.000000,2.300000,1.000000,https://fragilestatesindex.org/excel/ (archived in MainCode/fsi-2006.xlsx),thesis_archived_workbook
Canada,2007,167.000000,25.100000,1.000000,1.600000,2.000000,1.500000,5.000000,2.100000,1.500000,1.200000,2.000000,3.300000,2.400000,1.500000,https://fragilestatesindex.org/excel/ (archived in MainCode/fsi-2007.xlsx),thesis_archived_workbook
Canada,2008,167.000000,26.300000,1.000000,1.800000,3.000000,1.500000,5.000000,2.100000,1.500000,1.200000,2.000000,3.300000,2.400000,1.500000,https://fragilestatesindex.org/excel/ (archived in MainCode/fsi-2008.xlsx),thesis_archived_workbook
Canada,2009,166.000000,27.700000,1.100000,2.400000,3.000000,2.000000,4.700000,2.100000,1.700000,1.200000,2.100000,3.300000,2.400000,1.700000,https://fragilestatesindex.org/excel/ (archived in MainCode/fsi-2009.xlsx),thesis_archived_workbook
Canada,2010,166.000000,27.900000,1.200000,2.400000,3.100000,2.500000,4.500000,2.100000,1.500000,1.500000,1.900000,3.200000,2.500000,1.500000,https://fragilestatesindex.org/excel/ (archived in MainCode/fsi-2010.xlsx),thesis_archived_workbook
Canada,2011,168.000000,27.700000,1.500000,2.500000,3.300000,2.400000,4.100000,2.400000,1.200000,1.900000,1.600000,2.900000,2.500000,1.400000,https://fragilestatesindex.org/excel/ (archived in MainCode/fsi-2011.xlsx),thesis_archived_workbook
Canada,2012,169.000000,26.800000,1.800000,2.500000,3.000000,2.100000,3.800000,2.400000,1.000000,2.200000,1.900000,2.700000,2.200000,1.100000,https://fragilestatesindex.org/excel/ (archived in MainCode/fsi-2012.xlsx),thesis_archived_workbook
Canada,2013,168.000000,26.000000,1.800000,2.500000,3.100000,1.800000,3.500000,2.100000,1.500000,2.000000,2.000000,2.600000,2.100000,1.000000,https://fragilestatesindex.org/excel/ (archived in MainCode/fsi-2013.xlsx),thesis_archived_workbook
Canada,2014,168.000000,27.400000,2.100000,2.500000,3.400000,2.100000,3.200000,2.200000,1.200000,2.300000,2.100000,2.700000,2.300000,1.300000,https://fragilestatesindex.org/excel/ (archived in MainCode/fsi-2014.xlsx),thesis_archived_workbook
Canada,2015,168.000000,25.600000,2.200000,2.500000,3.900000,1.800000,3.000000,2.200000,0.900000,2.000000,1.800000,2.400000,2.000000,1.000000,https://fragilestatesindex.org/excel/ (archived in MainCode/fsi-2015.xlsx),thesis_archived_workbook
Canada,2016,169.000000,23.800000,1.900000,2.500000,3.600000,1.900000,2.700000,1.900000,1.000000,1.700000,1.500000,2.100000,2.000000,1.000000,https://fragilestatesindex.org/excel/ (archived in MainCode/fsi-2016.xlsx),thesis_archived_workbook
Canada,2017,169.000000,22.600000,2.200000,2.500000,3.400000,1.800000,2.500000,1.700000,1.000000,1.500000,1.300000,1.900000,1.800000,1.000000,https://fragilestatesindex.org/excel/ (archived in MainCode/fsi-2017.xlsx),thesis_archived_workbook
Canada,2018,168.000000,21.505584,2.500000,2.500000,3.100000,1.776141,2.200000,2.000000,0.700000,1.200000,1.329443,1.600000,1.900000,0.700000,https://fragilestatesindex.org/excel/ (archived in MainCode/fsi-2018.xlsx),thesis_archived_workbook
Canada,2019,172.000000,20.000000,2.800000,2.500000,2.800000,1.500000,2.100000,1.700000,0.700000,1.000000,1.400000,1.300000,1.600000,0.700000,https://fragilestatesindex.org/excel/ (archived in MainCode/fsi-2019.xlsx),thesis_archived_workbook
Canada,2020,171.000000,18.668899,3.100000,2.500000,2.500000,1.245088,1.800000,1.400000,0.500000,0.838236,1.385574,1.000000,1.900000,0.500000,https://fragilestatesindex.org/excel/ (archived in MainCode/fsi-2020.xlsx),thesis_archived_workbook
Canada,2021,171.000000,21.700000,2.800000,2.500000,2.200000,2.000000,2.300000,1.100000,0.500000,2.300000,1.300000,2.000000,2.200000,0.500000,https://fragilestatesindex.org/wp-content/uploads/2021/05/fsi-2021.xlsx,publisher_workbook
Canada,2022,172.000000,20.100000,2.500000,2.500000,2.300000,1.700000,2.200000,0.800000,0.400000,2.000000,1.600000,1.500000,2.300000,0.300000,https://fragilestatesindex.org/wp-content/uploads/2022/07/fsi-2022-download.xlsx,publisher_workbook
Canada,2023,173.000000,18.900000,2.200000,2.500000,2.000000,1.400000,2.500000,0.700000,0.400000,1.700000,1.900000,1.200000,2.000000,0.400000,https://fragilestatesindex.org/wp-content/uploads/2023/06/FSI-2023-DOWNLOAD.xlsx,publisher_workbook
Cape Verde,2007,66.000000,81.100000,6.100000,6.400000,4.800000,8.000000,6.200000,8.200000,7.000000,7.400000,6.400000,7.900000,4.800000,7.900000,https://fragilestatesindex.org/excel/ (archived in MainCode/fsi-2007.xlsx),thesis_archived_workbook
Cape Verde,2008,65.000000,80.700000,5.800000,6.400000,4.800000,7.800000,6.200000,8.200000,7.300000,7.200000,6.400000,7.900000,4.800000,7.900000,https://fragilestatesindex.org/excel/ (archived in MainCode/fsi-2008.xlsx),thesis_archived_workbook
Cape Verde,2009,84.000000,78.500000,5.700000,6.100000,4.400000,7.200000,6.200000,8.200000,7.400000,7.600000,6.200000,7.900000,4.000000,7.600000,https://fragilestatesindex.org/excel/ (archived in MainCode/fsi-2009.xlsx),thesis_archived_workbook
Cape Verde,2010,88.000000,77.200000,5.500000,6.100000,4.400000,7.000000,6.000000,8.200000,7.200000,7.400000,6.000000,7.700000,4.100000,7.600000,https://fragilestatesindex.org/excel/ (archived in MainCode/fsi-2010.xlsx),thesis_archived_workbook
Cape Verde,2011,90.000000,75.800000,5.700000,5.700000,4.200000,6.300000,6.300000,8.300000,6.900000,6.900000,5.700000,7.300000,4.300000,8.200000,https://fragilestatesindex.org/excel/ (archived in MainCode/fsi-2011.xlsx),thesis_archived_workbook
Cape Verde,2012,91.000000,74.700000,5.700000,5.700000,4.200000,6.600000,6.600000,8.400000,6.600000,6.600000,5.400000,7.000000,4.000000,7.900000,https://fragilestatesindex.org/excel/ (archived in MainCode/fsi-2012.xlsx),thesis_archived_workbook
Cape Verde,2013,94.000000,73.700000,5.700000,5.500000,4.200000,6.100000,6.900000,8.300000,6.300000,6.500000,5.100000,6.700000,4.100000,8.200000,https://fragilestatesindex.org/excel/ (archived in MainCode/fsi-2013.xlsx),thesis_archived_workbook
Cape Verde,2014,93.000000,74.100000,5.700000,5.500000,4.200000,6.200000,7.200000,8.600000,6.000000,6.800000,4.800000,6.800000,4.400000,7.900000,https://fragilestatesindex.org/excel/ (archived in MainCode/fsi-2014.xlsx),thesis_archived_workbook
Cape Verde,2015,94.000000,73.500000,5.700000,5.500000,4.000000,6.200000,7.500000,8.600000,5.700000,6.500000,4.500000,7.100000,4.100000,8.100000,https://fragilestatesindex.org/excel/ (archived in MainCode/fsi-2015.xlsx),thesis_archived_workbook
Cape Verde,2016,101.000000,71.500000,5.400000,5.500000,4.100000,5.700000,7.300000,8.200000,5.500000,6.200000,4.200000,7.200000,4.400000,7.800000,https://fragilestatesindex.org/excel/ (archived in MainCode/fsi-2016.xlsx),thesis_archived_workbook
Cape Verde,2017,106.000000,70.100000,5.400000,5.500000,4.100000,5.200000,7.100000,8.000000,5.300000,6.000000,4.000000,7.200000,4.200000,8.100000,https://fragilestatesindex.org/excel/ (archived in MainCode/fsi-2017.xlsx),thesis_archived_workbook
Cape Verde,2018,110.000000,68.000000,5.100000,5.500000,3.800000,5.500000,6.800000,7.700000,5.000000,5.700000,3.700000,6.900000,3.900000,8.400000,https://fragilestatesindex.org/excel/ (archived in MainCode/fsi-2018.xlsx),thesis_archived_workbook
Cape Verde,2019,106.000000,66.600000,5.000000,5.500000,3.500000,5.800000,6.300000,7.500000,4.700000,5.400000,3.400000,6.600000,4.200000,8.700000,https://fragilestatesindex.org/excel/ (archived in MainCode/fsi-2019.xlsx),thesis_archived_workbook
Cape Verde,2020,106.000000,64.778171,5.081616,5.500000,3.200000,5.715178,6.000000,7.800000,4.400000,5.100000,3.100000,6.300000,3.900000,8.681377,https://fragilestatesindex.org/excel/ (archived in MainCode/fsi-2020.xlsx),thesis_archived_workbook
Cape Verde,2023,114.000000,60.100000,4.200000,5.500000,2.400000,5.900000,5.000000,8.000000,3.500000,5.600000,2.300000,6.200000,3.600000,7.900000,https://fragilestatesindex.org/wp-content/uploads/2023/06/FSI-2023-DOWNLOAD.xlsx,publisher_workbook
Central African Republic,2006,13.000000,97.500000,8.900000,8.000000,8.800000,8.100000,8.500000,5.500000,9.000000,8.000000,7.500000,9.000000,7.700000,8.500000,https://fragilestatesindex.org/excel/ (archived in MainCode/fsi-2006.xlsx),thesis_archived_workbook
Central African Republic,2007,10.000000,101.000000,8.900000,9.300000,8.800000,8.400000,8.600000,5.500000,9.000000,8.000000,8.200000,8.900000,8.400000,9.000000,https://fragilestatesindex.org/excel/ (archived in MainCode/fsi-2007.xlsx),thesis_archived_workbook
Central African Republic,2008,10.000000,103.700000,9.400000,9.400000,8.900000,8.400000,8.800000,5.500000,9.200000,8.600000,8.700000,9.000000,8.800000,9.000000,https://fragilestatesindex.org/excel/ (archived in MainCode/fsi-2008.xlsx),thesis_archived_workbook
Central African Republic,2009,8.000000,105.400000,9.600000,9.500000,8.600000,8.400000,9.100000,5.700000,9.300000,9.300000,8.900000,8.900000,9.000000,9.100000,https://fragilestatesindex.org/excel/ (archived in MainCode/fsi-2009.xlsx),thesis_archived_workbook
Central African Republic,2010,8.000000,106.400000,9.700000,9.100000,8.900000,8.400000,9.200000,6.100000,9.000000,9.200000,8.800000,9.100000,9.300000,9.600000,https://fragilestatesindex.org/excel/ (archived in MainCode/fsi-2010.xlsx),thesis_archived_workbook
Central African Republic,2011,8.000000,105.000000,9.700000,9.100000,8.600000,8.100000,8.900000,5.800000,9.100000,9.000000,8.600000,8.900000,9.600000,9.600000,https://fragilestatesindex.org/excel/ (archived in MainCode/fsi-2011.xlsx),thesis_archived_workbook
Central African Republic,2012,10.000000,103.800000,9.600000,9.100000,8.500000,8.000000,8.700000,5.600000,8.900000,9.100000,8.500000,8.800000,9.700000,9.300000,https://fragilestatesindex.org/excel/ (archived in MainCode/fsi-2012.xlsx),thesis_archived_workbook
Central African Republic,2013,9.000000,105.300000,9.700000,9.100000,8.500000,7.700000,9.200000,6.100000,9.000000,9.500000,8.600000,8.600000,9.800000,9.400000,https://fragilestatesindex.org/excel/ (archived in MainCode/fsi-2013.xlsx),thesis_archived_workbook
Central African Republic,2014,3.000000,110.600000,9.900000,9.700000,9.500000,7.800000,9.400000,7.000000,9.500000,9.700000,9.500000,8.700000,10.000000,9.900000,https://fragilestatesindex.org/excel/ (archived in MainCode/fsi-2014.xlsx),thesis_archived_workbook
Central African Republic,2015,3.000000,111.900000,9.800000,10.000000,9.600000,8.300000,9.700000,6.900000,9.500000,9.900000,10.000000,8.400000,10.000000,9.800000,https://fragilestatesindex.org/excel/ (archived in MainCode/fsi-2015.xlsx),thesis_archived_workbook
Central African Republic,2016,3.000000,112.100000,9.200000,10.000000,9.300000,8.600000,9.900000,7.200000,9.800000,10.000000,9.900000,8.700000,10.000000,9.500000,https://fragilestatesindex.org/excel/ (archived in MainCode/fsi-2016.xlsx),thesis_archived_workbook
Central African Republic,2017,3.000000,112.600000,9.000000,9.700000,9.100000,9.100000,10.000000,7.500000,9.700000,10.000000,9.700000,9.000000,10.000000,9.800000,https://fragilestatesindex.org/excel/ (archived in MainCode/fsi-2017.xlsx),thesis_archived_workbook
Central African Republic,2018,5.000000,111.126345,9.100000,9.700000,8.800000,8.800000,9.768958,7.400000,9.400000,9.955870,9.400000,9.301516,10.000000,9.500000,https://fragilestatesindex.org/excel/ (archived in MainCode/fsi-2018.xlsx),thesis_archived_workbook
Central African Republic,2019,6.000000,108.900000,8.600000,9.400000,8.300000,8.700000,9.900000,7.100000,9.100000,10.000000,9.500000,9.100000,10.000000,9.200000,https://fragilestatesindex.org/excel/ (archived in MainCode/fsi-2019.xlsx),thesis_archived_workbook
Central African Republic,2020,6.000000,107.486605,8.300000,9.682000,8.000000,8.400000,9.934481,6.800000,8.879979,9.990145,9.200000,8.800000,10.000000,9.500000,https://fragilestatesindex.org/excel/ (archived in MainCode/fsi-2020.xlsx),thesis_archived_workbook
Central African Republic,2021,6.000000,107.000000,8.000000,9.700000,8.100000,8.500000,9.600000,6.600000,9.000000,10.000000,9.300000,8.900000,9.700000,9.600000,https://fragilestatesindex.org/wp-content/uploads/2021/05/fsi-2021.xlsx,publisher_workbook
Central African Republic,2022,5.000000,108.100000,8.300000,9.700000,8.400000,8.200000,9.700000,6.500000,9.200000,10.000000,9.400000,9.200000,9.800000,9.700000,https://fragilestatesindex.org/wp-content/uploads/2022/07/fsi-2022-download.xlsx,publisher_workbook
Central African Republic,2023,8.000000,105.700000,8.000000,9.400000,8.100000,8.200000,9.600000,6.200000,8.900000,10.000000,9.100000,9.300000,9.500000,9.400000,https://fragilestatesindex.org/wp-content/uploads/2023/06/FSI-2023-DOWNLOAD.xlsx,publisher_workbook
Chad,2006,6.000000,105.900000,9.400000,9.500000,8.500000,7.900000,9.000000,8.000000,9.500000,9.000000,9.100000,9.000000,9.000000,8.000000,https://fragilestatesindex.org/excel/ (archived in MainCode/fsi-2006.xlsx),thesis_archived_workbook
Chad,2007,5.000000,108.800000,9.600000,9.700000,9.500000,8.300000,9.000000,7.900000,9.500000,9.100000,9.200000,9.100000,8.900000,9.000000,https://fragilestatesindex.org/excel/ (archived in MainCode/fsi-2007.xlsx),thesis_archived_workbook
Chad,2008,4.000000,110.900000,9.800000,9.800000,9.700000,8.300000,9.100000,7.800000,9.700000,9.400000,9.500000,9.100000,9.200000,9.500000,https://fragilestatesindex.org/excel/ (archived in MainCode/fsi-2008.xlsx),thesis_archived_workbook
Chad,2009,4.000000,112.200000,9.900000,9.800000,9.800000,8.300000,9.300000,7.800000,9.800000,9.600000,9.500000,9.300000,9.400000,9.700000,https://fragilestatesindex.org/excel/ (archived in MainCode/fsi-2009.xlsx),thesis_archived_workbook
Chad,2010,2.000000,113.300000,9.900000,9.800000,9.800000,8.500000,9.300000,8.300000,9.900000,9.600000,9.600000,9.400000,9.500000,9.700000,https://fragilestatesindex.org/excel/ (archived in MainCode/fsi-2010.xlsx),thesis_archived_workbook
Chad,2011,2.000000,110.300000,9.200000,9.800000,9.400000,8.500000,8.900000,8.000000,9.800000,9.600000,9.300000,9.200000,9.500000,9.100000,https://fragilestatesindex.org/excel/ (archived in MainCode/fsi-2011.xlsx),thesis_archived_workbook
Chad,2012,4.000000,107.600000,8.900000,9.800000,9.100000,8.300000,8.600000,7.700000,9.800000,9.500000,9.300000,9.300000,9.500000,7.800000,https://fragilestatesindex.org/excel/ (archived in MainCode/fsi-2012.xlsx),thesis_archived_workbook
Chad,2013,5.000000,109.000000,9.400000,9.500000,8.800000,8.000000,8.900000,8.000000,9.700000,9.900000,9.800000,9.500000,9.700000,7.900000,https://fragilestatesindex.org/excel/ (archived in MainCode/fsi-2013.xlsx),thesis_archived_workbook
Chad,2014,6.000000,108.700000,9.100000,9.800000,8.500000,7.700000,8.800000,8.300000,9.400000,10.000000,9.500000,9.600000,9.800000,8.200000,https://fragilestatesindex.org/excel/ (archived in MainCode/fsi-2014.xlsx),thesis_archived_workbook
Chad,2015,6.000000,108.400000,8.800000,9.500000,8.200000,7.800000,9.100000,8.600000,9.300000,9.700000,9.400000,9.700000,10.000000,8.300000,https://fragilestatesindex.org/excel/ (archived in MainCode/fsi-2015.xlsx),thesis_archived_workbook
Chad,2016,7.000000,110.100000,9.100000,9.800000,8.500000,8.000000,9.300000,8.900000,9.200000,9.800000,9.300000,9.900000,9.800000,8.500000,https://fragilestatesindex.org/excel/ (archived in MainCode/fsi-2016.xlsx),thesis_archived_workbook
Chad,2017,8.000000,109.400000,9.400000,9.800000,8.000000,8.500000,9.100000,8.800000,9.100000,9.700000,9.100000,10.000000,9.600000,8.300000,https://fragilestatesindex.org/excel/ (archived in MainCode/fsi-2017.xlsx),thesis_archived_workbook
Chad,2018,8.000000,108.311870,9.500000,9.500000,7.700000,9.000000,9.342648,8.630684,8.800000,9.738539,8.800000,10.000000,9.300000,8.000000,https://fragilestatesindex.org/excel/ (archived in MainCode/fsi-2018.xlsx),thesis_archived_workbook
Chad,2019,7.000000,108.500000,9.500000,9.800000,8.200000,9.000000,9.000000,8.500000,9.600000,9.100000,8.800000,9.500000,9.500000,8.000000,https://fragilestatesindex.org/excel/ (archived in MainCode/fsi-2019.xlsx),thesis_archived_workbook
Chad,2020,7.000000,106.433821,9.200000,9.500000,8.300000,8.500000,8.871490,8.400000,9.300000,9.362331,8.500000,9.600000,9.200000,7.700000,https://fragilestatesindex.org/excel/ (archived in MainCode/fsi-2020.xlsx),thesis_archived_workbook
Chad,2021,7.000000,105.800000,8.900000,9.500000,8.000000,8.600000,8.700000,7.900000,9.400000,9.800000,8.200000,9.600000,9.300000,7.900000,https://fragilestatesindex.org/wp-content/uploads/2021/05/fsi-2021.xlsx,publisher_workbook
Chad,2022,9.000000,105.700000,8.600000,9.500000,8.400000,8.700000,8.800000,8.000000,9.400000,9.700000,8.300000,9.600000,9.100000,7.600000,https://fragilestatesindex.org/wp-content/uploads/2022/07/fsi-2022-download.xlsx,publisher_workbook
Chad,2023,9.000000,104.600000,8.700000,9.500000,8.100000,8.400000,8.700000,7.700000,9.100000,9.600000,8.400000,9.500000,9.000000,7.900000,https://fragilestatesindex.org/wp-content/uploads/2023/06/FSI-2023-DOWNLOAD.xlsx,publisher_workbook
Chile,2006,132.000000,32.000000,2.000000,1.500000,3.500000,3.400000,4.000000,2.000000,1.500000,3.500000,3.600000,3.000000,1.000000,3.000000,https://fragilestatesindex.org/excel/ (archived in MainCode/fsi-2006.xlsx),thesis_archived_workbook
Chile,2007,158.000000,33.800000,2.000000,1.500000,3.500000,3.800000,4.000000,2.100000,1.600000,3.700000,3.700000,3.800000,1.100000,3.000000,https://fragilestatesindex.org/excel/ (archived in MainCode/fsi-2007.xlsx),thesis_archived_workbook
Chile,2008,157.000000,36.300000,2.000000,1.500000,3.900000,3.700000,4.600000,2.100000,2.000000,3.800000,3.900000,3.800000,2.000000,3.000000,https://fragilestatesindex.org/excel/ (archived in MainCode/fsi-2008.xlsx),thesis_archived_workbook
Chile,2009,155.000000,37.500000,2.000000,1.500000,3.600000,4.300000,4.400000,2.100000,2.000000,4.200000,3.600000,4.000000,2.500000,3.300000,https://fragilestatesindex.org/excel/ (archived in MainCode/fsi-2009.xlsx),thesis_archived_workbook
Chile,2010,155.000000,38.000000,2.300000,1.500000,3.400000,4.600000,4.500000,2.500000,1.800000,4.000000,3.400000,4.100000,2.600000,3.300000,https://fragilestatesindex.org/excel/ (archived in MainCode/fsi-2010.xlsx),thesis_archived_workbook
Chile,2011,153.000000,40.700000,2.500000,1.400000,3.500000,4.600000,5.000000,2.800000,2.100000,4.300000,3.300000,5.000000,3.000000,3.300000,https://fragilestatesindex.org/excel/ (archived in MainCode/fsi-2011.xlsx),thesis_archived_workbook
Chile,2012,151.000000,43.500000,2.800000,1.400000,3.800000,4.600000,5.500000,3.100000,3.700000,4.500000,3.200000,4.600000,2.700000,3.500000,https://fragilestatesindex.org/excel/ (archived in MainCode/fsi-2012.xlsx),thesis_archived_workbook
Chile,2013,152.000000,42.300000,2.900000,1.400000,3.500000,4.100000,5.500000,2.800000,3.800000,4.300000,3.500000,4.900000,2.400000,3.200000,https://fragilestatesindex.org/excel/ (archived in MainCode/fsi-2013.xlsx),thesis_archived_workbook
Chile,2014,153.000000,42.000000,2.800000,1.700000,3.800000,3.900000,5.400000,2.900000,3.300000,4.200000,3.700000,4.600000,2.600000,3.100000,https://fragilestatesindex.org/excel/ (archived in MainCode/fsi-2014.xlsx),thesis_archived_workbook
Chile,2015,150.000000,41.500000,3.100000,1.700000,4.100000,3.600000,5.100000,3.200000,3.000000,4.500000,3.400000,5.100000,2.100000,2.600000,https://fragilestatesindex.org/excel/ (archived in MainCode/fsi-2015.xlsx),thesis_archived_workbook
Chile,2016,150.000000,41.900000,2.900000,2.200000,3.800000,3.300000,5.400000,3.500000,3.500000,4.200000,3.200000,5.400000,2.200000,2.300000,https://fragilestatesindex.org/excel/ (archived in MainCode/fsi-2016.xlsx),thesis_archived_workbook
Chile,2017,150.000000,41.100000,3.200000,2.200000,3.600000,3.200000,5.700000,3.800000,3.300000,4.000000,3.000000,4.900000,2.100000,2.100000,https://fragilestatesindex.org/excel/ (archived in MainCode/fsi-2017.xlsx),thesis_archived_workbook
Chile,2018,150.000000,40.691036,3.500000,2.200000,3.300000,3.500000,5.400000,4.100000,3.000000,3.700000,3.134212,5.000000,2.056824,1.800000,https://fragilestatesindex.org/excel/ (archived in MainCode/fsi-2018.xlsx),thesis_archived_workbook
Chile,2019,150.000000,38.900000,3.800000,2.200000,3.000000,3.700000,5.100000,3.800000,2.700000,3.400000,3.200000,4.700000,1.800000,1.500000,https://fragilestatesindex.org/excel/ (archived in MainCode/fsi-2019.xlsx),thesis_archived_workbook
Chile,2020,142.000000,42.513527,4.100000,2.200000,3.100000,3.559128,5.400000,3.548314,5.700000,3.500000,3.900000,4.400000,1.900000,1.206085,https://fragilestatesindex.org/excel/ (archived in MainCode/fsi-2020.xlsx),thesis_archived_workbook
Chile,2021,144.000000,44.100000,3.800000,2.200000,3.200000,4.200000,5.100000,3.400000,5.200000,4.500000,3.600000,5.900000,1.900000,1.100000,https://fragilestatesindex.org/wp-content/uploads/2021/05/fsi-2021.xlsx,publisher_workbook
Chile,2022,144.000000,43.200000,3.900000,2.200000,3.500000,3.700000,5.000000,3.300000,4.700000,4.200000,3.800000,6.200000,1.800000,0.900000,https://fragilestatesindex.org/wp-content/uploads/2022/07/fsi-2022-download.xlsx,publisher_workbook
Chile,2023,147.000000,42.200000,3.600000,2.200000,3.800000,4.000000,4.900000,3.300000,4.400000,3.900000,3.600000,5.900000,1.500000,1.100000,https://fragilestatesindex.org/wp-content/uploads/2023/06/FSI-2023-DOWNLOAD.xlsx,publisher_workbook
China,2006,57.000000,82.500000,5.500000,8.000000,8.000000,4.500000,9.200000,6.600000,8.500000,7.300000,9.000000,8.500000,5.100000,2.300000,https://fragilestatesindex.org/excel/ (archived in MainCode/fsi-2006.xlsx),thesis_archived_workbook
China,2007,62.000000,81.200000,5.300000,7.500000,8.000000,4.000000,9.000000,6.500000,8.500000,6.500000,9.000000,8.700000,5.100000,3.100000,https://fragilestatesindex.org/excel/ (archived in MainCode/fsi-2007.xlsx),thesis_archived_workbook
China,2008,68.000000,80.300000,5.200000,7.000000,7.800000,4.000000,9.000000,6.300000,8.300000,6.600000,8.900000,8.800000,5.100000,3.300000,https://fragilestatesindex.org/excel/ (archived in MainCode/fsi-2008.xlsx),thesis_archived_workbook
China,2009,56.000000,84.600000,6.000000,7.200000,7.900000,4.500000,9.200000,6.100000,8.500000,7.200000,8.900000,9.000000,6.800000,3.300000,https://fragilestatesindex.org/excel/ (archived in MainCode/fsi-2009.xlsx),thesis_archived_workbook
China,2010,62.000000,83.000000,5.800000,7.200000,8.000000,4.300000,9.000000,5.900000,8.300000,7.000000,9.000000,8.800000,6.600000,3.100000,https://fragilestatesindex.org/excel/ (archived in MainCode/fsi-2010.xlsx),thesis_archived_workbook
China,2011,72.000000,80.100000,5.700000,6.900000,7.900000,4.400000,8.600000,5.600000,7.900000,6.600000,8.800000,8.200000,6.200000,3.300000,https://fragilestatesindex.org/excel/ (archived in MainCode/fsi-2011.xlsx),thesis_archived_workbook
China,2012,76.000000,78.300000,6.000000,6.900000,7.900000,3.900000,8.300000,5.300000,7.900000,6.300000,8.600000,7.900000,5.900000,3.500000,https://fragilestatesindex.org/excel/ (archived in MainCode/fsi-2012.xlsx),thesis_archived_workbook
China,2013,66.000000,80.900000,6.500000,7.200000,8.300000,3.600000,8.000000,5.000000,8.100000,6.800000,9.400000,8.100000,6.100000,3.800000,https://fragilestatesindex.org/excel/ (archived in MainCode/fsi-2013.xlsx),thesis_archived_workbook
China,2014,68.000000,79.000000,6.200000,7.200000,8.600000,3.900000,7.700000,4.800000,7.900000,6.500000,9.100000,7.700000,5.900000,3.500000,https://fragilestatesindex.org/excel/ (archived in MainCode/fsi-2014.xlsx),thesis_archived_workbook
China,2015,83.000000,76.500000,5.900000,7.200000,8.300000,3.400000,7.400000,4.600000,8.000000,6.200000,9.200000,7.400000,5.600000,3.200000,https://fragilestatesindex.org/excel/ (archived in MainCode/fsi-2015.xlsx),thesis_archived_workbook
China,2016,86.000000,74.900000,5.600000,7.200000,8.100000,4.100000,7.500000,4.600000,8.300000,5.900000,8.700000,6.900000,5.100000,2.900000,https://fragilestatesindex.org/excel/ (archived in MainCode/fsi-2016.xlsx),thesis_archived_workbook
China,2017,85.000000,74.700000,5.900000,7.200000,7.900000,4.400000,7.300000,4.900000,8.600000,5.700000,8.500000,6.700000,4.900000,2.700000,https://fragilestatesindex.org/excel/ (archived in MainCode/fsi-2017.xlsx),thesis_archived_workbook
China,2018,89.000000,72.395041,5.872797,7.200000,7.600000,4.100000,7.000000,4.922244,8.600000,5.400000,8.500000,6.200000,4.600000,2.400000,https://fragilestatesindex.org/excel/ (archived in MainCode/fsi-2018.xlsx),thesis_archived_workbook
China,2019,88.000000,71.100000,5.600000,7.200000,7.300000,4.200000,6.700000,4.600000,8.700000,5.100000,8.800000,5.900000,4.300000,2.700000,https://fragilestatesindex.org/excel/ (archived in MainCode/fsi-2019.xlsx),thesis_archived_workbook
China,2020,86.000000,69.858788,5.799055,7.200000,7.400000,3.900000,6.400000,4.300000,8.759733,4.800000,9.300000,5.600000,4.000000,2.400000,https://fragilestatesindex.org/excel/ (archived in MainCode/fsi-2020.xlsx),thesis_archived_workbook
China,2021,95.000000,68.900000,5.500000,7.200000,7.100000,3.700000,5.900000,3.800000,8.500000,5.300000,9.600000,5.900000,3.700000,2.700000,https://fragilestatesindex.org/wp-content/uploads/2021/05/fsi-2021.xlsx,publisher_workbook
China,2022,98.000000,66.900000,5.200000,7.200000,6.800000,3.300000,6.000000,3.500000,8.200000,5.000000,9.700000,6.200000,3.400000,2.400000,https://fragilestatesindex.org/wp-content/uploads/2022/07/fsi-2022-download.xlsx,publisher_workbook
China,2023,102.000000,65.100000,4.900000,7.200000,6.500000,3.300000,6.100000,3.200000,8.100000,4.700000,9.400000,6.500000,3.100000,2.100000,https://fragilestatesindex.org/wp-content/uploads/2023/06/FSI-2023-DOWNLOAD.xlsx,publisher_workbook
Colombia,2006,27.000000,91.800000,9.000000,9.200000,7.400000,3.200000,8.500000,8.500000,8.700000,6.500000,7.600000,7.000000,9.100000,7.100000,https://fragilestatesindex.org/excel/ (archived in MainCode/fsi-2006.xlsx),thesis_archived_workbook
Colombia,2007,33.000000,89.700000,8.300000,8.500000,7.400000,3.800000,8.400000,8.400000,8.200000,6.000000,7.400000,6.800000,9.500000,7.000000,https://fragilestatesindex.org/excel/ (archived in MainCode/fsi-2007.xlsx),thesis_archived_workbook
Colombia,2008,37.000000,89.000000,8.000000,8.300000,7.400000,3.800000,8.400000,8.400000,7.900000,6.000000,7.200000,6.800000,9.200000,7.600000,https://fragilestatesindex.org/excel/ (archived in MainCode/fsi-2008.xlsx),thesis_archived_workbook
Colombia,2009,41.000000,89.200000,7.500000,8.000000,7.200000,4.300000,8.500000,8.500000,7.900000,6.000000,7.200000,6.900000,9.200000,8.000000,https://fragilestatesindex.org/excel/ (archived in MainCode/fsi-2009.xlsx),thesis_archived_workbook
Colombia,2010,46.000000,88.200000,7.700000,8.000000,7.200000,4.600000,8.300000,8.300000,7.700000,5.800000,6.900000,6.700000,9.000000,8.000000,https://fragilestatesindex.org/excel/ (archived in MainCode/fsi-2010.xlsx),thesis_archived_workbook
Colombia,2011,44.000000,87.000000,7.500000,8.000000,7.500000,4.100000,8.600000,7.900000,7.500000,5.600000,7.200000,6.700000,8.700000,7.700000,https://fragilestatesindex.org/excel/ (archived in MainCode/fsi-2011.xlsx),thesis_archived_workbook
Colombia,2012,52.000000,84.400000,7.000000,7.700000,7.200000,4.000000,8.400000,7.600000,7.400000,5.900000,7.000000,6.400000,8.400000,7.400000,https://fragilestatesindex.org/excel/ (archived in MainCode/fsi-2012.xlsx),thesis_archived_workbook
Colombia,2013,57.000000,83.800000,6.800000,7.700000,7.500000,3.800000,8.100000,7.300000,7.300000,6.100000,7.300000,6.500000,8.300000,7.100000,https://fragilestatesindex.org/excel/ (archived in MainCode/fsi-2013.xlsx),thesis_archived_workbook
Colombia,2014,59.000000,83.100000,7.000000,7.700000,7.700000,4.100000,7.800000,7.000000,7.400000,6.300000,7.100000,6.200000,8.000000,6.800000,https://fragilestatesindex.org/excel/ (archived in MainCode/fsi-2014.xlsx),thesis_archived_workbook
Colombia,2015,61.000000,82.500000,7.300000,7.600000,8.000000,3.800000,7.500000,6.700000,7.100000,6.000000,7.300000,6.900000,7.800000,6.500000,https://fragilestatesindex.org/excel/ (archived in MainCode/fsi-2015.xlsx),thesis_archived_workbook
Colombia,2016,67.000000,80.200000,7.000000,7.600000,7.000000,3.900000,7.800000,6.300000,6.500000,6.100000,7.200000,6.700000,7.900000,6.200000,https://fragilestatesindex.org/excel/ (archived in MainCode/fsi-2016.xlsx),thesis_archived_workbook
Colombia,2017,69.000000,78.900000,6.900000,7.600000,7.300000,4.200000,7.600000,6.200000,6.300000,5.900000,7.000000,6.200000,7.700000,6.000000,https://fragilestatesindex.org/excel/ (archived in MainCode/fsi-2017.xlsx),thesis_archived_workbook
Colombia,2018,71.000000,76.627930,6.600000,7.600000,7.000000,4.500000,7.300000,5.908795,6.000000,5.600000,6.719135,6.300000,7.400000,5.700000,https://fragilestatesindex.org/excel/ (archived in MainCode/fsi-2018.xlsx),thesis_archived_workbook
Colombia,2019,70.000000,75.700000,6.900000,7.600000,7.100000,4.800000,6.800000,5.600000,5.700000,5.300000,6.700000,6.000000,7.800000,5.400000,https://fragilestatesindex.org/excel/ (archived in MainCode/fsi-2019.xlsx),thesis_archived_workbook
Colombia,2020,65.000000,76.614192,7.231934,7.600000,7.153130,4.827573,6.500000,5.300000,5.800000,5.600000,6.501554,6.500000,7.900000,5.700000,https://fragilestatesindex.org/excel/ (archived in MainCode/fsi-2020.xlsx),thesis_archived_workbook
Colombia,2021,61.000000,79.300000,6.900000,7.600000,7.500000,6.000000,6.400000,5.000000,5.500000,6.600000,6.800000,8.000000,7.600000,5.400000,https://fragilestatesindex.org/wp-content/uploads/2021/05/fsi-2021.xlsx,publisher_workbook
Colombia,2022,60.000000,78.400000,6.600000,7.600000,7.600000,5.500000,6.300000,4.800000,5.600000,6.300000,7.200000,8.100000,7.700000,5.100000,https://fragilestatesindex.org/wp-content/uploads/2022/07/fsi-2022-download.xlsx,publisher_workbook
Colombia,2023,59.000000,78.100000,6.700000,7.600000,7.300000,6.200000,6.400000,4.600000,5.300000,6.000000,7.500000,7.800000,7.800000,4.900000,https://fragilestatesindex.org/wp-content/uploads/2023/06/FSI-2023-DOWNLOAD.xlsx,publisher_workbook
Comoros,2007,78.000000,77.800000,6.700000,6.500000,5.300000,7.600000,6.100000,5.700000,7.900000,8.700000,6.600000,6.200000,3.600000,6.900000,https://fragilestatesindex.org/excel/ (archived in MainCode/fsi-2007.xlsx),thesis_archived_workbook
Comoros,2008,74.000000,79.600000,7.000000,6.700000,5.300000,7.300000,6.100000,6.000000,8.100000,8.500000,6.900000,6.700000,3.600000,7.400000,https://fragilestatesindex.org/excel/ (archived in MainCode/fsi-2008.xlsx),thesis_archived_workbook
Comoros,2009,51.000000,86.300000,7.500000,7.900000,5.500000,7.800000,6.300000,6.000000,8.700000,8.700000,7.000000,7.400000,3.700000,9.800000,https://fragilestatesindex.org/excel/ (archived in MainCode/fsi-2009.xlsx),thesis_archived_workbook
Comoros,2010,52.000000,85.100000,7.500000,8.000000,5.600000,7.600000,6.100000,6.400000,8.200000,8.500000,6.800000,7.500000,3.900000,9.000000,https://fragilestatesindex.org/excel/ (archived in MainCode/fsi-2010.xlsx),thesis_archived_workbook
Comoros,2011,55.000000,83.800000,7.500000,8.000000,5.300000,7.600000,5.800000,6.600000,8.000000,8.200000,6.600000,7.500000,4.000000,8.700000,https://fragilestatesindex.org/excel/ (archived in MainCode/fsi-2011.xlsx),thesis_archived_workbook
Comoros,2012,57.000000,83.000000,7.500000,7.500000,5.300000,7.900000,6.100000,6.900000,7.700000,7.900000,6.300000,7.300000,4.200000,8.400000,https://fragilestatesindex.org/excel/ (archived in MainCode/fsi-2012.xlsx),thesis_archived_workbook
Comoros,2013,56.000000,84.000000,7.500000,7.500000,5.300000,8.200000,6.400000,7.200000,7.400000,7.900000,6.600000,7.400000,4.500000,8.100000,https://fragilestatesindex.org/excel/ (archived in MainCode/fsi-2013.xlsx),thesis_archived_workbook
Comoros,2014,54.000000,85.100000,7.500000,7.500000,5.300000,8.300000,6.700000,7.500000,7.100000,8.200000,6.900000,7.300000,4.800000,8.000000,https://fragilestatesindex.org/excel/ (archived in MainCode/fsi-2014.xlsx),thesis_archived_workbook
Comoros,2015,59.000000,83.300000,7.200000,7.500000,5.000000,8.000000,7.000000,7.800000,6.800000,8.000000,6.100000,7.600000,4.500000,7.800000,https://fragilestatesindex.org/excel/ (archived in MainCode/fsi-2015.xlsx),thesis_archived_workbook
Comoros,2016,57.000000,83.800000,6.900000,7.500000,5.000000,8.200000,7.200000,7.600000,6.800000,8.400000,6.500000,7.500000,4.700000,7.500000,https://fragilestatesindex.org/excel/ (archived in MainCode/fsi-2016.xlsx),thesis_archived_workbook
Comoros,2017,52.000000,84.800000,6.700000,8.000000,5.400000,8.000000,7.500000,7.400000,7.300000,8.200000,6.300000,7.300000,4.700000,8.000000,https://fragilestatesindex.org/excel/ (archived in MainCode/fsi-2017.xlsx),thesis_archived_workbook
Comoros,2018,57.000000,82.622791,6.400000,8.000000,5.100000,7.900000,7.234365,7.100000,7.000000,7.900000,6.000000,7.288427,5.000000,7.700000,https://fragilestatesindex.org/excel/ (archived in MainCode/fsi-2018.xlsx),thesis_archived_workbook
Comoros,2019,56.000000,81.700000,6.500000,8.000000,4.800000,7.600000,7.000000,6.800000,7.100000,7.600000,5.900000,7.600000,5.300000,7.400000,https://fragilestatesindex.org/excel/ (archived in MainCode/fsi-2019.xlsx),thesis_archived_workbook
Comoros,2020,53.000000,81.249012,6.500000,8.000000,4.500000,7.300000,7.008748,6.500000,7.400000,7.457857,5.782407,7.900000,5.800000,7.100000,https://fragilestatesindex.org/excel/ (archived in MainCode/fsi-2020.xlsx),thesis_archived_workbook
Comoros,2021,47.000000,82.500000,6.200000,8.000000,4.200000,7.600000,7.300000,6.800000,7.700000,8.100000,5.800000,8.000000,6.000000,6.800000,https://fragilestatesindex.org/wp-content/uploads/2021/05/fsi-2021.xlsx,publisher_workbook
Comoros,2022,47.000000,82.300000,5.900000,8.000000,4.500000,7.300000,7.400000,7.100000,7.900000,8.100000,5.500000,8.300000,5.800000,6.500000,https://fragilestatesindex.org/wp-content/uploads/2022/07/fsi-2022-download.xlsx,publisher_workbook
Comoros,2023,45.000000,82.200000,5.600000,8.000000,4.800000,7.300000,7.700000,7.200000,8.000000,8.000000,5.700000,8.200000,5.500000,6.200000,https://fragilestatesindex.org/wp-content/uploads/2023/06/FSI-2023-DOWNLOAD.xlsx,publisher_workbook
Congo Democratic Republic,2006,2.000000,110.100000,9.800000,9.600000,9.100000,8.100000,9.000000,8.000000,9.000000,9.000000,9.500000,9.500000,9.500000,10.000000,https://fragilestatesindex.org/excel/ (archived in MainCode/fsi-2006.xlsx),thesis_archived_workbook
Congo Democratic Republic,2007,7.000000,105.500000,9.600000,8.600000,8.800000,8.000000,9.100000,7.600000,8.300000,8.700000,8.900000,9.400000,8.900000,9.600000,https://fragilestatesindex.org/excel/ (archived in MainCode/fsi-2007.xlsx),thesis_archived_workbook
Congo Democratic Republic,2008,6.000000,106.700000,9.600000,8.600000,8.800000,8.300000,9.000000,7.900000,8.300000,9.100000,8.900000,9.600000,9.200000,9.400000,https://fragilestatesindex.org/excel/ (archived in MainCode/fsi-2008.xlsx),thesis_archived_workbook
Congo Democratic Republic,2009,5.000000,108.700000,9.700000,8.700000,8.900000,8.300000,9.300000,8.100000,8.600000,9.200000,9.000000,9.700000,9.600000,9.600000,https://fragilestatesindex.org/excel/ (archived in MainCode/fsi-2009.xlsx),thesis_archived_workbook
Congo Democratic Republic,2010,5.000000,109.900000,9.800000,8.900000,8.600000,8.700000,9.500000,8.000000,8.800000,9.000000,9.400000,9.900000,9.600000,9.700000,https://fragilestatesindex.org/excel/ (archived in MainCode/fsi-2010.xlsx),thesis_archived_workbook
Congo Democratic Republic,2011,4.000000,108.200000,9.600000,8.800000,8.300000,8.700000,9.200000,7.700000,9.000000,8.900000,9.200000,9.700000,9.600000,9.500000,https://fragilestatesindex.org/excel/ (archived in MainCode/fsi-2011.xlsx),thesis_archived_workbook
Congo Democratic Republic,2012,2.000000,111.200000,9.700000,9.500000,9.300000,8.800000,8.900000,7.400000,9.500000,9.200000,9.700000,9.900000,9.700000,9.600000,https://fragilestatesindex.org/excel/ (archived in MainCode/fsi-2012.xlsx),thesis_archived_workbook
Congo Democratic Republic,2013,2.000000,111.900000,10.000000,9.500000,9.400000,8.500000,8.800000,7.100000,9.600000,9.500000,9.800000,10.000000,10.000000,9.700000,https://fragilestatesindex.org/excel/ (archived in MainCode/fsi-2013.xlsx),thesis_archived_workbook
Congo Democratic Republic,2014,4.000000,110.200000,9.400000,9.500000,9.600000,8.200000,8.500000,7.200000,9.300000,9.400000,10.000000,9.400000,9.900000,9.800000,https://fragilestatesindex.org/excel/ (archived in MainCode/fsi-2014.xlsx),thesis_archived_workbook
Congo Democratic Republic,2015,5.000000,109.700000,9.500000,9.500000,9.500000,7.900000,8.800000,7.100000,9.000000,9.700000,10.000000,9.500000,9.400000,9.800000,https://fragilestatesindex.org/excel/ (archived in MainCode/fsi-2015.xlsx),thesis_archived_workbook
Congo Democratic Republic,2016,8.000000,110.000000,9.200000,9.800000,9.700000,8.100000,8.900000,6.800000,9.300000,9.700000,10.000000,9.100000,9.700000,9.700000,https://fragilestatesindex.org/excel/ (archived in MainCode/fsi-2016.xlsx),thesis_archived_workbook
Congo Democratic Republic,2017,7.000000,110.000000,9.000000,9.800000,10.000000,8.400000,8.400000,6.600000,9.600000,9.500000,9.800000,9.400000,10.000000,9.500000,https://fragilestatesindex.org/excel/ (archived in MainCode/fsi-2017.xlsx),thesis_archived_workbook
Congo Democratic Republic,2018,6.000000,110.670365,9.100000,9.800000,9.961298,8.100000,8.497630,7.038157,9.600000,9.500000,9.800000,9.573280,10.000000,9.700000,https://fragilestatesindex.org/excel/ (archived in MainCode/fsi-2018.xlsx),thesis_archived_workbook
Congo Democratic Republic,2019,5.000000,110.200000,8.800000,9.800000,10.000000,8.300000,8.600000,7.000000,9.400000,9.200000,9.600000,9.800000,10.000000,9.700000,https://fragilestatesindex.org/excel/ (archived in MainCode/fsi-2019.xlsx),thesis_archived_workbook
Congo Democratic Republic,2020,5.000000,109.394621,8.500000,9.800000,9.700000,8.000000,8.619842,6.900000,9.660971,9.464911,9.548897,9.800000,10.000000,9.400000,https://fragilestatesindex.org/excel/ (archived in MainCode/fsi-2020.xlsx),thesis_archived_workbook
Congo Democratic Republic,2021,5.000000,108.400000,8.600000,9.500000,9.400000,8.500000,8.500000,6.800000,9.200000,9.800000,9.200000,9.800000,10.000000,9.100000,https://fragilestatesindex.org/wp-content/uploads/2021/05/fsi-2021.xlsx,publisher_workbook
Congo Democratic Republic,2022,6.000000,107.300000,8.700000,9.600000,9.300000,8.300000,8.400000,6.700000,9.300000,9.500000,9.300000,9.700000,9.700000,8.800000,https://fragilestatesindex.org/wp-content/uploads/2022/07/fsi-2022-download.xlsx,publisher_workbook
Congo Democratic Republic,2023,4.000000,107.200000,8.800000,9.600000,9.400000,8.100000,8.400000,6.400000,9.300000,9.300000,9.300000,9.700000,9.800000,9.100000,https://fragilestatesindex.org/wp-content/uploads/2023/06/FSI-2023-DOWNLOAD.xlsx,publisher_workbook
Congo Republic,2007,26.000000,93.000000,7.900000,7.200000,6.800000,8.300000,8.100000,6.100000,8.500000,8.800000,7.900000,8.700000,7.300000,7.400000,https://fragilestatesindex.org/excel/ (archived in MainCode/fsi-2007.xlsx),thesis_archived_workbook
Congo Republic,2008,26.000000,93.400000,7.900000,7.200000,6.800000,8.000000,8.100000,6.100000,8.800000,8.800000,7.900000,8.700000,7.700000,7.400000,https://fragilestatesindex.org/excel/ (archived in MainCode/fsi-2008.xlsx),thesis_archived_workbook
Congo Republic,2009,30.000000,93.100000,7.800000,7.100000,6.500000,8.000000,8.000000,6.100000,8.600000,8.800000,7.900000,8.900000,7.800000,7.600000,https://fragilestatesindex.org/excel/ (archived in MainCode/fsi-2009.xlsx),thesis_archived_workbook
Congo Republic,2010,31.000000,92.500000,7.600000,7.100000,6.300000,7.800000,8.100000,6.400000,9.100000,8.600000,7.700000,8.700000,7.700000,7.400000,https://fragilestatesindex.org/excel/ (archived in MainCode/fsi-2010.xlsx),thesis_archived_workbook
Congo Republic,2011,32.000000,91.400000,7.300000,6.700000,6.000000,7.300000,8.200000,6.700000,8.900000,8.300000,7.500000,8.500000,7.700000,8.200000,https://fragilestatesindex.org/excel/ (archived in MainCode/fsi-2011.xlsx),thesis_archived_workbook
Congo Republic,2012,33.000000,90.100000,7.000000,6.700000,6.300000,7.500000,7.900000,6.500000,8.600000,8.400000,7.200000,8.300000,7.700000,7.900000,https://fragilestatesindex.org/excel/ (archived in MainCode/fsi-2012.xlsx),thesis_archived_workbook
Congo Republic,2013,36.000000,90.000000,6.700000,6.700000,6.000000,7.000000,8.200000,6.200000,8.700000,8.700000,7.500000,8.200000,8.000000,8.200000,https://fragilestatesindex.org/excel/ (archived in MainCode/fsi-2013.xlsx),thesis_archived_workbook
Congo Republic,2014,37.000000,89.600000,6.400000,6.700000,6.300000,6.700000,8.100000,6.500000,8.400000,8.800000,7.600000,8.100000,8.100000,7.900000,https://fragilestatesindex.org/excel/ (archived in MainCode/fsi-2014.xlsx),thesis_archived_workbook
Congo Republic,2015,33.000000,90.800000,6.700000,6.700000,6.600000,6.400000,8.200000,6.800000,8.700000,9.100000,7.900000,7.800000,8.300000,7.600000,https://fragilestatesindex.org/excel/ (archived in MainCode/fsi-2015.xlsx),thesis_archived_workbook
Congo Republic,2016,31.000000,92.200000,6.700000,6.700000,6.900000,6.700000,8.300000,7.100000,9.100000,9.200000,8.200000,8.100000,7.900000,7.300000,https://fragilestatesindex.org/excel/ (archived in MainCode/fsi-2016.xlsx),thesis_archived_workbook
Congo Republic,2017,29.000000,93.400000,7.200000,6.700000,7.200000,7.000000,8.100000,7.400000,8.900000,9.500000,8.500000,8.100000,7.700000,7.100000,https://fragilestatesindex.org/excel/ (archived in MainCode/fsi-2017.xlsx),thesis_archived_workbook
Congo Republic,2018,29.000000,93.127630,6.984110,6.700000,7.500000,7.300000,7.800000,7.700000,8.983897,9.200000,8.508524,8.178295,7.472803,6.800000,https://fragilestatesindex.org/excel/ (archived in MainCode/fsi-2018.xlsx),thesis_archived_workbook
Congo Republic,2019,27.000000,92.500000,7.000000,6.700000,7.800000,7.600000,8.100000,7.400000,9.000000,8.900000,8.400000,8.100000,7.000000,6.500000,https://fragilestatesindex.org/excel/ (archived in MainCode/fsi-2019.xlsx),thesis_archived_workbook
Congo Republic,2020,25.000000,92.068200,7.274583,6.700000,8.100000,7.813484,8.391422,7.100000,9.082993,8.600000,8.100000,8.005718,6.700000,6.200000,https://fragilestatesindex.org/excel/ (archived in MainCode/fsi-2020.xlsx),thesis_archived_workbook
Congo Republic,2021,26.000000,92.400000,7.000000,6.700000,8.400000,9.000000,8.100000,6.800000,9.100000,8.900000,7.800000,8.000000,6.500000,6.100000,https://fragilestatesindex.org/wp-content/uploads/2021/05/fsi-2021.xlsx,publisher_workbook
Congo Republic,2022,24.000000,92.200000,6.700000,6.700000,8.700000,9.300000,7.800000,6.500000,9.100000,9.000000,7.500000,8.300000,6.800000,5.800000,https://fragilestatesindex.org/wp-content/uploads/2022/07/fsi-2022-download.xlsx,publisher_workbook
Congo Republic,2023,28.000000,90.700000,6.400000,6.700000,8.800000,9.300000,7.500000,6.200000,9.100000,8.700000,7.200000,8.500000,6.500000,5.800000,https://fragilestatesindex.org/wp-content/uploads/2023/06/FSI-2023-DOWNLOAD.xlsx,publisher_workbook
Costa Rica,2006,114.000000,49.600000,2.000000,3.300000,4.000000,4.500000,6.200000,5.000000,3.900000,2.500000,3.500000,6.000000,4.200000,4.500000,https://fragilestatesindex.org/excel/ (archived in MainCode/fsi-2006.xlsx),thesis_archived_workbook
Costa Rica,2007,139.000000,50.500000,2.000000,3.300000,4.000000,4.800000,6.600000,5.000000,3.900000,2.900000,3.500000,5.600000,4.400000,4.500000,https://fragilestatesindex.org/excel/ (archived in MainCode/fsi-2007.xlsx),thesis_archived_workbook
Costa Rica,2008,140.000000,50.900000,2.200000,3.300000,4.000000,4.600000,6.600000,4.800000,4.100000,3.500000,3.500000,5.600000,4.200000,4.500000,https://fragilestatesindex.org/excel/ (archived in MainCode/fsi-2008.xlsx),thesis_archived_workbook
Costa Rica,2009,137.000000,52.500000,2.200000,3.200000,4.100000,5.000000,6.700000,4.700000,4.100000,4.000000,3.500000,5.700000,4.500000,4.800000,https://fragilestatesindex.org/excel/ (archived in MainCode/fsi-2009.xlsx),thesis_archived_workbook
Costa Rica,2010,138.000000,52.000000,2.500000,3.200000,3.900000,5.400000,6.500000,4.500000,3.900000,4.100000,3.300000,5.500000,4.600000,4.600000,https://fragilestatesindex.org/excel/ (archived in MainCode/fsi-2010.xlsx),thesis_archived_workbook
Costa Rica,2011,137.000000,50.600000,2.500000,3.500000,4.100000,4.900000,6.500000,4.100000,3.500000,4.200000,3.000000,5.100000,4.300000,4.900000,https://fragilestatesindex.org/excel/ (archived in MainCode/fsi-2011.xlsx),thesis_archived_workbook
Costa Rica,2012,139.000000,49.700000,2.800000,3.500000,4.400000,4.600000,6.400000,3.800000,3.200000,4.500000,2.700000,4.600000,4.000000,5.200000,https://fragilestatesindex.org/excel/ (archived in MainCode/fsi-2012.xlsx),thesis_archived_workbook
Costa Rica,2013,139.000000,48.700000,2.500000,3.800000,4.100000,4.300000,6.100000,3.500000,3.500000,4.600000,2.400000,4.900000,4.100000,4.900000,https://fragilestatesindex.org/excel/ (archived in MainCode/fsi-2013.xlsx),thesis_archived_workbook
Costa Rica,2014,140.000000,48.500000,2.800000,3.800000,4.400000,4.600000,5.800000,3.200000,3.200000,4.800000,2.300000,4.600000,4.400000,4.600000,https://fragilestatesindex.org/excel/ (archived in MainCode/fsi-2014.xlsx),thesis_archived_workbook
Costa Rica,2015,142.000000,46.800000,3.100000,3.800000,4.700000,4.300000,5.500000,3.500000,2.900000,4.500000,2.100000,4.100000,3.900000,4.300000,https://fragilestatesindex.org/excel/ (archived in MainCode/fsi-2015.xlsx),thesis_archived_workbook
Costa Rica,2016,142.000000,45.100000,3.300000,3.800000,4.400000,4.200000,5.500000,3.800000,2.600000,4.100000,1.700000,3.800000,3.600000,4.300000,https://fragilestatesindex.org/excel/ (archived in MainCode/fsi-2016.xlsx),thesis_archived_workbook
Costa Rica,2017,145.000000,44.100000,3.600000,3.800000,4.200000,4.000000,5.300000,4.100000,2.400000,3.900000,1.500000,3.300000,3.900000,4.100000,https://fragilestatesindex.org/excel/ (archived in MainCode/fsi-2017.xlsx),thesis_archived_workbook
Costa Rica,2018,144.000000,43.236724,3.547398,3.800000,3.900000,4.300000,5.000000,4.400000,2.100000,3.733307,1.639979,3.000000,3.600000,4.216040,https://fragilestatesindex.org/excel/ (archived in MainCode/fsi-2018.xlsx),thesis_archived_workbook
Costa Rica,2019,145.000000,42.000000,3.700000,3.800000,3.600000,4.600000,4.700000,4.100000,1.800000,3.400000,1.500000,2.700000,3.700000,4.400000,https://fragilestatesindex.org/excel/ (archived in MainCode/fsi-2019.xlsx),thesis_archived_workbook
Costa Rica,2020,147.000000,40.184018,3.832739,3.800000,3.300000,4.626506,4.400000,3.800000,1.500000,3.226131,1.203256,2.511414,3.400000,4.583972,https://fragilestatesindex.org/excel/ (archived in MainCode/fsi-2020.xlsx),thesis_archived_workbook
Costa Rica,2021,149.000000,42.500000,3.500000,3.800000,3.000000,5.200000,4.700000,3.500000,1.300000,4.700000,1.100000,3.500000,3.900000,4.300000,https://fragilestatesindex.org/wp-content/uploads/2021/05/fsi-2021.xlsx,publisher_workbook
Costa Rica,2022,149.000000,41.000000,3.200000,3.800000,2.700000,5.200000,4.800000,3.200000,1.200000,4.400000,1.100000,3.200000,4.400000,3.800000,https://fragilestatesindex.org/wp-content/uploads/2022/07/fsi-2022-download.xlsx,publisher_workbook
Costa Rica,2023,150.000000,40.400000,2.900000,3.800000,2.400000,5.500000,5.100000,2.900000,1.200000,4.100000,1.200000,2.900000,4.900000,3.500000,https://fragilestatesindex.org/wp-content/uploads/2023/06/FSI-2023-DOWNLOAD.xlsx,publisher_workbook
Cote d'Ivoire,2006,3.000000,109.200000,9.800000,9.800000,9.800000,9.000000,8.000000,8.500000,10.000000,8.500000,9.400000,8.800000,7.600000,10.000000,https://fragilestatesindex.org/excel/ (archived in MainCode/fsi-2006.xlsx),thesis_archived_workbook
Cote d'Ivoire,2007,6.000000,107.300000,9.600000,9.300000,9.800000,8.900000,8.000000,8.400000,9.500000,7.900000,9.200000,8.600000,8.300000,9.800000,https://fragilestatesindex.org/excel/ (archived in MainCode/fsi-2007.xlsx),thesis_archived_workbook
Cote d'Ivoire,2008,8.000000,104.600000,9.200000,8.900000,9.500000,8.500000,8.000000,8.400000,8.900000,7.800000,9.000000,8.400000,8.300000,9.700000,https://fragilestatesindex.org/excel/ (archived in MainCode/fsi-2008.xlsx),thesis_archived_workbook
Cote d'Ivoire,2009,11.000000,102.500000,8.500000,8.500000,9.000000,8.300000,8.100000,8.400000,9.100000,8.000000,8.500000,8.600000,7.800000,9.700000,https://fragilestatesindex.org/excel/ (archived in MainCode/fsi-2009.xlsx),thesis_archived_workbook
Cote d'Ivoire,2010,12.000000,101.200000,8.200000,8.500000,8.900000,8.000000,7.900000,8.200000,9.000000,8.300000,8.300000,8.400000,8.000000,9.500000,https://fragilestatesindex.org/excel/ (archived in MainCode/fsi-2010.xlsx),thesis_archived_workbook
Cote d'Ivoire,2011,10.000000,102.800000,8.600000,9.100000,8.700000,7.700000,8.000000,7.900000,9.500000,8.400000,8.600000,8.100000,8.500000,9.700000,https://fragilestatesindex.org/excel/ (archived in MainCode/fsi-2011.xlsx),thesis_archived_workbook
Cote d'Ivoire,2012,11.000000,103.600000,8.900000,9.900000,9.000000,7.400000,7.700000,7.600000,9.600000,8.300000,8.300000,7.900000,9.000000,10.000000,https://fragilestatesindex.org/excel/ (archived in MainCode/fsi-2012.xlsx),thesis_archived_workbook
Cote d'Ivoire,2013,12.000000,103.500000,9.100000,9.400000,9.000000,7.700000,7.800000,7.300000,9.300000,8.500000,8.600000,7.800000,9.300000,9.700000,https://fragilestatesindex.org/excel/ (archived in MainCode/fsi-2013.xlsx),thesis_archived_workbook
Cote d'Ivoire,2014,14.000000,101.700000,8.800000,9.400000,9.000000,7.400000,7.600000,7.000000,8.800000,8.700000,8.700000,7.800000,9.100000,9.400000,https://fragilestatesindex.org/excel/ (archived in MainCode/fsi-2014.xlsx),thesis_archived_workbook
Cote d'Ivoire,2015,15.000000,100.100000,8.300000,9.100000,8.700000,7.100000,7.900000,6.700000,8.500000,9.000000,7.900000,8.100000,9.000000,9.700000,https://fragilestatesindex.org/excel/ (archived in MainCode/fsi-2015.xlsx),thesis_archived_workbook
Cote d'Ivoire,2016,21.000000,97.900000,7.700000,9.400000,8.300000,6.800000,8.200000,7.000000,8.100000,8.700000,8.100000,8.200000,8.000000,9.400000,https://fragilestatesindex.org/excel/ (archived in MainCode/fsi-2016.xlsx),thesis_archived_workbook
Cote d'Ivoire,2017,21.000000,96.500000,7.700000,9.100000,8.100000,6.600000,8.000000,7.300000,7.900000,8.700000,7.900000,8.200000,7.800000,9.200000,https://fragilestatesindex.org/excel/ (archived in MainCode/fsi-2017.xlsx),thesis_archived_workbook
Cote d'Ivoire,2018,25.000000,94.561519,7.700000,9.100000,7.800000,6.783512,7.700000,7.330539,7.600000,8.520828,7.600000,8.226640,7.500000,8.700000,https://fragilestatesindex.org/excel/ (archived in MainCode/fsi-2018.xlsx),thesis_archived_workbook
Cote d'Ivoire,2019,29.000000,92.100000,7.400000,9.100000,7.500000,6.700000,7.600000,7.000000,7.300000,8.200000,7.300000,8.300000,7.200000,8.400000,https://fragilestatesindex.org/excel/ (archived in MainCode/fsi-2019.xlsx),thesis_archived_workbook
Cote d'Ivoire,2020,32.000000,89.722674,7.100000,9.100000,7.600000,6.400000,7.500000,6.700000,7.000000,8.073522,7.000000,8.249151,6.900000,8.100000,https://fragilestatesindex.org/excel/ (archived in MainCode/fsi-2020.xlsx),thesis_archived_workbook
Cote d'Ivoire,2021,28.000000,90.700000,7.200000,9.600000,7.300000,6.600000,7.700000,6.400000,7.700000,8.400000,7.100000,8.300000,6.600000,7.800000,https://fragilestatesindex.org/wp-content/uploads/2021/05/fsi-2021.xlsx,publisher_workbook
Cote d'Ivoire,2023,36.000000,87.100000,6.600000,9.900000,6.700000,6.200000,7.500000,5.800000,7.500000,8.200000,6.900000,8.600000,6.000000,7.200000,https://fragilestatesindex.org/wp-content/uploads/2023/06/FSI-2023-DOWNLOAD.xlsx,publisher_workbook
Croatia,2006,104.000000,61.900000,4.000000,3.900000,6.500000,5.800000,5.700000,5.000000,4.200000,4.100000,4.600000,5.700000,6.600000,5.800000,https://fragilestatesindex.org/excel/ (archived in MainCode/fsi-2006.xlsx),thesis_archived_workbook
Croatia,2007,126.000000,60.500000,3.900000,3.900000,6.000000,5.700000,5.700000,5.000000,4.200000,4.100000,4.500000,5.300000,6.500000,5.700000,https://fragilestatesindex.org/excel/ (archived in MainCode/fsi-2007.xlsx),thesis_archived_workbook
Croatia,2008,129.000000,59.400000,3.900000,3.900000,5.700000,5.300000,5.500000,5.000000,4.400000,4.100000,4.500000,5.100000,6.300000,5.700000,https://fragilestatesindex.org/excel/ (archived in MainCode/fsi-2008.xlsx),thesis_archived_workbook
Croatia,2009,131.000000,60.100000,4.300000,4.300000,5.400000,5.900000,5.500000,4.800000,4.500000,3.900000,4.700000,4.900000,6.100000,5.800000,https://fragilestatesindex.org/excel/ (archived in MainCode/fsi-2009.xlsx),thesis_archived_workbook
Croatia,2010,131.000000,59.000000,4.400000,4.300000,5.200000,6.200000,5.300000,4.600000,4.800000,3.700000,4.500000,4.700000,5.900000,5.400000,https://fragilestatesindex.org/excel/ (archived in MainCode/fsi-2010.xlsx),thesis_archived_workbook
Croatia,2011,132.000000,57.300000,4.400000,4.700000,5.500000,5.900000,5.000000,4.900000,4.400000,3.400000,4.300000,4.300000,5.500000,5.000000,https://fragilestatesindex.org/excel/ (archived in MainCode/fsi-2011.xlsx),thesis_archived_workbook
Croatia,2012,130.000000,56.300000,4.700000,4.700000,5.600000,5.400000,4.700000,4.700000,4.200000,3.200000,4.600000,4.000000,5.200000,5.300000,https://fragilestatesindex.org/excel/ (archived in MainCode/fsi-2012.xlsx),thesis_archived_workbook
Croatia,2013,135.000000,54.100000,4.800000,4.400000,5.300000,5.100000,4.400000,4.400000,3.900000,2.900000,4.700000,3.700000,5.500000,5.000000,https://fragilestatesindex.org/excel/ (archived in MainCode/fsi-2013.xlsx),thesis_archived_workbook
Croatia,2014,136.000000,52.900000,4.500000,4.400000,5.600000,5.000000,4.100000,4.600000,3.700000,3.200000,4.400000,3.500000,5.200000,4.700000,https://fragilestatesindex.org/excel/ (archived in MainCode/fsi-2014.xlsx),thesis_archived_workbook
Croatia,2015,137.000000,51.000000,4.000000,4.400000,5.700000,5.300000,3.800000,4.500000,3.400000,2.900000,4.100000,3.600000,4.900000,4.400000,https://fragilestatesindex.org/excel/ (archived in MainCode/fsi-2015.xlsx),thesis_archived_workbook
Croatia,2016,136.000000,52.400000,3.700000,4.400000,6.000000,5.500000,3.500000,4.200000,3.100000,2.600000,3.800000,3.300000,7.500000,4.800000,https://fragilestatesindex.org/excel/ (archived in MainCode/fsi-2016.xlsx),thesis_archived_workbook
Croatia,2017,138.000000,50.600000,3.500000,4.400000,5.800000,5.300000,3.300000,4.700000,2.900000,2.400000,3.600000,3.100000,7.000000,4.600000,https://fragilestatesindex.org/excel/ (archived in MainCode/fsi-2017.xlsx),thesis_archived_workbook
Croatia,2018,138.000000,48.716418,3.200000,4.400000,5.500000,5.600000,3.000000,4.400000,2.600000,2.516418,3.300000,3.200000,6.700000,4.300000,https://fragilestatesindex.org/excel/ (archived in MainCode/fsi-2018.xlsx),thesis_archived_workbook
Croatia,2019,138.000000,47.500000,3.000000,4.400000,5.200000,5.300000,2.700000,4.900000,2.300000,2.600000,3.200000,2.900000,6.400000,4.600000,https://fragilestatesindex.org/excel/ (archived in MainCode/fsi-2019.xlsx),thesis_archived_workbook
Croatia,2020,138.000000,46.094521,2.930126,4.400000,4.900000,5.000000,2.400000,5.200000,2.245160,2.635809,2.900000,2.600000,6.100000,4.783426,https://fragilestatesindex.org/excel/ (archived in MainCode/fsi-2020.xlsx),thesis_archived_workbook
Croatia,2021,138.000000,49.800000,2.600000,4.400000,4.900000,5.700000,2.800000,5.700000,2.300000,3.100000,2.600000,4.600000,6.600000,4.500000,https://fragilestatesindex.org/wp-content/uploads/2021/05/fsi-2021.xlsx,publisher_workbook
Croatia,2022,137.000000,49.300000,2.300000,4.400000,4.600000,5.400000,2.700000,5.800000,2.400000,3.400000,2.300000,5.100000,6.700000,4.200000,https://fragilestatesindex.org/wp-content/uploads/2022/07/fsi-2022-download.xlsx,publisher_workbook
Croatia,2023,138.000000,48.700000,2.000000,4.400000,4.300000,5.700000,2.900000,6.100000,2.300000,2.900000,2.000000,4.800000,6.800000,4.500000,https://fragilestatesindex.org/wp-content/uploads/2023/06/FSI-2023-DOWNLOAD.xlsx,publisher_workbook
Cuba,2006,61.000000,81.900000,8.000000,8.000000,5.500000,6.500000,7.900000,6.000000,7.800000,4.000000,8.300000,7.500000,4.700000,7.700000,https://fragilestatesindex.org/excel/ (archived in MainCode/fsi-2006.xlsx),thesis_archived_workbook
Cuba,2007,76.000000,78.600000,7.700000,7.800000,5.500000,6.300000,7.200000,6.000000,7.600000,3.800000,7.800000,6.500000,4.700000,7.700000,https://fragilestatesindex.org/excel/ (archived in MainCode/fsi-2007.xlsx),thesis_archived_workbook
Cuba,2008,76.000000,78.600000,7.700000,7.000000,5.500000,6.100000,7.200000,6.800000,7.600000,4.000000,7.800000,6.500000,4.700000,7.700000,https://fragilestatesindex.org/excel/ (archived in MainCode/fsi-2008.xlsx),thesis_archived_workbook
Cuba,2009,73.000000,80.600000,7.500000,7.100000,5.500000,6.300000,6.800000,7.200000,7.500000,5.000000,7.400000,6.900000,5.900000,7.500000,https://fragilestatesindex.org/excel/ (archived in MainCode/fsi-2009.xlsx),thesis_archived_workbook
Cuba,2010,77.000000,79.400000,7.300000,7.100000,5.500000,6.300000,6.600000,7.200000,7.000000,5.000000,7.500000,6.700000,5.700000,7.500000,https://fragilestatesindex.org/excel/ (archived in MainCode/fsi-2010.xlsx),thesis_archived_workbook
Cuba,2011,86.000000,76.600000,6.900000,6.900000,5.100000,6.000000,6.300000,6.900000,6.600000,5.300000,7.400000,6.300000,5.400000,7.500000,https://fragilestatesindex.org/excel/ (archived in MainCode/fsi-2011.xlsx),thesis_archived_workbook
Cuba,2012,101.000000,73.100000,6.600000,6.900000,4.800000,5.500000,5.900000,6.600000,6.400000,5.000000,7.400000,6.000000,5.000000,7.000000,https://fragilestatesindex.org/excel/ (archived in MainCode/fsi-2012.xlsx),thesis_archived_workbook
Cuba,2013,101.000000,72.800000,6.300000,6.900000,4.800000,5.200000,5.900000,6.300000,6.500000,4.700000,7.500000,6.600000,5.300000,6.700000,https://fragilestatesindex.org/excel/ (archived in MainCode/fsi-2013.xlsx),thesis_archived_workbook
Cuba,2014,107.000000,70.800000,6.000000,7.200000,4.800000,4.800000,5.900000,6.000000,6.800000,4.900000,7.000000,5.900000,5.000000,6.500000,https://fragilestatesindex.org/excel/ (archived in MainCode/fsi-2014.xlsx),thesis_archived_workbook
Cuba,2015,112.000000,67.400000,5.700000,7.000000,4.500000,4.500000,5.900000,5.700000,7.000000,4.700000,7.300000,5.600000,4.500000,5.000000,https://fragilestatesindex.org/excel/ (archived in MainCode/fsi-2015.xlsx),thesis_archived_workbook
Cuba,2016,114.000000,66.300000,5.400000,7.000000,4.200000,4.200000,5.600000,5.400000,7.300000,4.300000,7.700000,5.700000,4.200000,5.300000,https://fragilestatesindex.org/excel/ (archived in MainCode/fsi-2016.xlsx),thesis_archived_workbook
Cuba,2017,119.000000,64.600000,5.200000,7.000000,4.000000,4.000000,5.400000,5.200000,7.600000,4.100000,7.500000,5.500000,4.000000,5.100000,https://fragilestatesindex.org/excel/ (archived in MainCode/fsi-2017.xlsx),thesis_archived_workbook
Cuba,2018,119.000000,62.890317,4.900000,7.000000,3.700000,4.008167,5.100000,4.900000,7.582150,4.400000,7.200000,5.600000,3.700000,4.800000,https://fragilestatesindex.org/excel/ (archived in MainCode/fsi-2018.xlsx),thesis_archived_workbook
Cuba,2019,118.000000,60.800000,4.600000,7.000000,3.400000,4.200000,4.800000,5.200000,7.500000,3.900000,6.700000,5.300000,3.400000,4.800000,https://fragilestatesindex.org/excel/ (archived in MainCode/fsi-2019.xlsx),thesis_archived_workbook
Cuba,2020,118.000000,59.227757,4.300000,7.000000,3.100000,4.300000,4.500000,5.233030,7.200000,3.794727,6.400000,5.000000,3.100000,5.300000,https://fragilestatesindex.org/excel/ (archived in MainCode/fsi-2020.xlsx),thesis_archived_workbook
Cuba,2021,118.000000,59.500000,4.000000,7.000000,2.800000,4.800000,4.200000,5.500000,7.400000,4.300000,6.500000,5.000000,3.000000,5.000000,https://fragilestatesindex.org/wp-content/uploads/2021/05/fsi-2021.xlsx,publisher_workbook
Cuba,2022,117.000000,60.100000,3.700000,7.000000,2.500000,5.100000,4.100000,5.600000,7.500000,4.800000,6.600000,5.800000,2.700000,4.700000,https://fragilestatesindex.org/wp-content/uploads/2022/07/fsi-2022-download.xlsx,publisher_workbook
Cuba,2023,117.000000,59.500000,3.400000,7.000000,2.200000,5.600000,3.800000,5.600000,7.600000,4.500000,6.300000,5.900000,3.200000,4.400000,https://fragilestatesindex.org/wp-content/uploads/2023/06/FSI-2023-DOWNLOAD.xlsx,publisher_workbook
Cyprus,2006,92.000000,70.500000,4.000000,8.500000,8.600000,5.000000,7.700000,6.000000,5.400000,4.200000,3.500000,5.000000,3.600000,9.000000,https://fragilestatesindex.org/excel/ (archived in MainCode/fsi-2006.xlsx),thesis_archived_workbook
Cyprus,2007,112.000000,70.200000,4.200000,8.400000,8.300000,4.800000,7.500000,5.700000,5.500000,3.800000,3.500000,5.100000,4.200000,9.200000,https://fragilestatesindex.org/excel/ (archived in MainCode/fsi-2007.xlsx),thesis_archived_workbook
Cyprus,2008,112.000000,69.700000,5.000000,8.400000,8.300000,4.200000,7.500000,5.200000,5.500000,3.800000,3.500000,4.900000,4.200000,9.200000,https://fragilestatesindex.org/excel/ (archived in MainCode/fsi-2008.xlsx),thesis_archived_workbook
Cyprus,2009,114.000000,68.900000,5.200000,7.900000,7.500000,4.000000,7.800000,5.200000,5.400000,3.600000,3.800000,5.000000,4.500000,9.000000,https://fragilestatesindex.org/excel/ (archived in MainCode/fsi-2009.xlsx),thesis_archived_workbook
Cyprus,2010,114.000000,68.000000,5.300000,7.900000,7.600000,4.300000,7.600000,5.000000,5.200000,3.400000,3.600000,4.800000,4.500000,8.800000,https://fragilestatesindex.org/excel/ (archived in MainCode/fsi-2010.xlsx),thesis_archived_workbook
Cyprus,2011,116.000000,67.600000,5.300000,7.900000,7.600000,5.000000,7.300000,5.300000,5.000000,3.300000,3.300000,4.400000,4.400000,8.800000,https://fragilestatesindex.org/excel/ (archived in MainCode/fsi-2011.xlsx),thesis_archived_workbook
Cyprus,2012,115.000000,66.800000,5.000000,7.900000,7.300000,5.400000,7.000000,5.000000,5.200000,3.100000,3.300000,4.100000,4.700000,8.800000,https://fragilestatesindex.org/excel/ (archived in MainCode/fsi-2012.xlsx),thesis_archived_workbook
Cyprus,2013,115.000000,67.000000,5.000000,7.900000,7.300000,5.800000,7.000000,4.800000,5.500000,3.000000,3.300000,4.000000,4.400000,9.000000,https://fragilestatesindex.org/excel/ (archived in MainCode/fsi-2013.xlsx),thesis_archived_workbook
Cyprus,2014,112.000000,67.900000,4.700000,7.900000,7.300000,6.400000,6.700000,4.800000,5.600000,3.300000,3.600000,4.300000,4.200000,9.100000,https://fragilestatesindex.org/excel/ (archived in MainCode/fsi-2014.xlsx),thesis_archived_workbook
Cyprus,2015,114.000000,66.200000,4.400000,7.900000,7.000000,6.700000,6.400000,4.500000,5.300000,3.000000,3.300000,4.000000,4.500000,9.200000,https://fragilestatesindex.org/excel/ (archived in MainCode/fsi-2015.xlsx),thesis_archived_workbook
Cyprus,2016,119.000000,64.000000,4.100000,7.900000,6.500000,6.400000,6.100000,4.200000,5.000000,2.700000,3.200000,3.700000,5.000000,9.200000,https://fragilestatesindex.org/excel/ (archived in MainCode/fsi-2016.xlsx),thesis_archived_workbook
Cyprus,2017,121.000000,62.600000,4.400000,7.900000,6.300000,6.000000,5.900000,4.000000,4.800000,2.500000,3.000000,3.500000,5.300000,9.000000,https://fragilestatesindex.org/excel/ (archived in MainCode/fsi-2017.xlsx),thesis_archived_workbook
Cyprus,2018,121.000000,60.286307,4.363996,7.900000,6.000000,5.700000,5.600000,3.700000,4.500000,2.371536,2.950775,3.500000,5.000000,8.700000,https://fragilestatesindex.org/excel/ (archived in MainCode/fsi-2018.xlsx),thesis_archived_workbook
Cyprus,2019,122.000000,57.800000,4.100000,7.900000,5.700000,5.400000,5.300000,3.500000,4.200000,2.100000,2.800000,3.200000,5.300000,8.400000,https://fragilestatesindex.org/excel/ (archived in MainCode/fsi-2019.xlsx),thesis_archived_workbook
Cyprus,2020,123.000000,56.057965,3.800000,7.900000,5.400000,5.100000,5.000000,3.800000,3.900000,2.305841,2.852124,2.900000,5.000000,8.100000,https://fragilestatesindex.org/excel/ (archived in MainCode/fsi-2020.xlsx),thesis_archived_workbook
Cyprus,2021,121.000000,57.400000,3.500000,7.900000,5.100000,5.600000,4.900000,3.500000,4.000000,3.300000,2.700000,3.400000,5.300000,8.200000,https://fragilestatesindex.org/wp-content/uploads/2021/05/fsi-2021.xlsx,publisher_workbook
Cyprus,2022,120.000000,56.900000,3.200000,7.900000,4.800000,5.300000,4.800000,3.400000,3.700000,3.600000,2.700000,3.700000,5.600000,8.200000,https://fragilestatesindex.org/wp-content/uploads/2022/07/fsi-2022-download.xlsx,publisher_workbook
Cyprus,2023,120.000000,57.000000,2.900000,7.900000,4.500000,5.600000,4.500000,3.500000,4.200000,3.300000,3.000000,3.400000,5.900000,8.300000,https://fragilestatesindex.org/wp-content/uploads/2023/06/FSI-2023-DOWNLOAD.xlsx,publisher_workbook
Czech Republic,2006,119.000000,41.800000,2.000000,3.500000,3.200000,2.500000,4.000000,5.000000,3.700000,3.900000,3.000000,4.000000,3.500000,3.500000,https://fragilestatesindex.org/excel/ (archived in MainCode/fsi-2006.xlsx),thesis_archived_workbook
Czech Republic,2007,148.000000,42.100000,2.000000,3.500000,3.200000,2.800000,3.900000,5.000000,3.700000,3.800000,3.500000,4.000000,3.300000,3.400000,https://fragilestatesindex.org/excel/ (archived in MainCode/fsi-2007.xlsx),thesis_archived_workbook
Czech Republic,2008,149.000000,42.100000,2.000000,3.500000,3.200000,3.400000,3.900000,4.800000,3.700000,3.800000,3.500000,3.800000,3.100000,3.400000,https://fragilestatesindex.org/excel/ (archived in MainCode/fsi-2008.xlsx),thesis_archived_workbook
Czech Republic,2009,152.000000,42.600000,2.000000,3.300000,3.600000,4.100000,4.300000,4.500000,3.600000,3.800000,3.500000,3.500000,2.700000,3.700000,https://fragilestatesindex.org/excel/ (archived in MainCode/fsi-2009.xlsx),thesis_archived_workbook
Czech Republic,2010,152.000000,41.500000,2.100000,3.300000,3.400000,4.400000,4.100000,4.300000,3.400000,3.600000,3.300000,3.300000,2.800000,3.500000,https://fragilestatesindex.org/excel/ (archived in MainCode/fsi-2010.xlsx),thesis_archived_workbook
Czech Republic,2011,152.000000,42.400000,2.100000,3.800000,3.800000,4.600000,3.800000,4.000000,3.700000,3.900000,3.000000,3.000000,2.800000,3.800000,https://fragilestatesindex.org/excel/ (archived in MainCode/fsi-2011.xlsx),thesis_archived_workbook
Czech Republic,2012,155.000000,39.500000,2.100000,3.800000,3.500000,4.300000,3.500000,3.700000,3.500000,3.600000,2.700000,2.800000,2.500000,3.500000,https://fragilestatesindex.org/excel/ (archived in MainCode/fsi-2012.xlsx),thesis_archived_workbook
Czech Republic,2013,154.000000,39.900000,2.100000,4.200000,3.800000,4.500000,3.800000,3.400000,4.100000,3.700000,2.400000,2.500000,2.200000,3.200000,https://fragilestatesindex.org/excel/ (archived in MainCode/fsi-2013.xlsx),thesis_archived_workbook
Czech Republic,2014,154.000000,39.400000,2.300000,4.300000,3.800000,4.800000,3.500000,3.100000,4.200000,3.400000,2.400000,2.400000,2.300000,2.900000,https://fragilestatesindex.org/excel/ (archived in MainCode/fsi-2014.xlsx),thesis_archived_workbook
Czech Republic,2015,154.000000,37.400000,2.600000,4.300000,3.800000,4.800000,3.200000,2.800000,4.200000,3.100000,2.100000,1.900000,2.000000,2.600000,https://fragilestatesindex.org/excel/ (archived in MainCode/fsi-2015.xlsx),thesis_archived_workbook
Czech Republic,2016,151.000000,40.800000,2.300000,5.000000,5.000000,4.300000,2.900000,2.500000,4.900000,2.800000,2.600000,1.600000,4.000000,2.900000,https://fragilestatesindex.org/excel/ (archived in MainCode/fsi-2016.xlsx),thesis_archived_workbook
Czech Republic,2017,152.000000,40.100000,2.600000,5.000000,4.800000,4.600000,2.700000,2.800000,4.700000,2.600000,2.400000,1.400000,3.800000,2.700000,https://fragilestatesindex.org/excel/ (archived in MainCode/fsi-2017.xlsx),thesis_archived_workbook
Czech Republic,2018,153.000000,39.047601,2.900000,5.300000,5.100000,4.300000,2.400000,2.500000,5.000000,2.300000,2.247601,1.100000,3.500000,2.400000,https://fragilestatesindex.org/excel/ (archived in MainCode/fsi-2018.xlsx),thesis_archived_workbook
Czech Republic,2020,155.000000,35.741616,2.900000,5.300000,4.900000,3.700000,1.800000,3.266945,4.400000,1.742625,2.090139,0.941907,2.900000,1.800000,https://fragilestatesindex.org/excel/ (archived in MainCode/fsi-2020.xlsx),thesis_archived_workbook
Czech Republic,2023,151.000000,40.200000,2.000000,5.300000,4.000000,4.400000,1.900000,3.500000,3.900000,2.900000,1.900000,3.200000,4.500000,2.700000,https://fragilestatesindex.org/wp-content/uploads/2023/06/FSI-2023-DOWNLOAD.xlsx,publisher_workbook
Czechia,2019,154.000000,37.600000,3.200000,5.300000,4.800000,4.000000,2.100000,3.000000,4.700000,2.000000,2.200000,1.000000,3.200000,2.100000,https://fragilestatesindex.org/excel/ (archived in MainCode/fsi-2019.xlsx),thesis_archived_workbook
Czechia,2021,153.000000,39.300000,2.600000,5.300000,4.600000,4.200000,2.000000,3.500000,4.100000,2.700000,2.000000,3.000000,3.200000,2.100000,https://fragilestatesindex.org/wp-content/uploads/2021/05/fsi-2021.xlsx,publisher_workbook
Czechia,2022,151.000000,39.900000,2.300000,5.300000,4.300000,3.900000,1.900000,3.400000,4.200000,3.200000,2.000000,3.500000,3.500000,2.400000,https://fragilestatesindex.org/wp-content/uploads/2022/07/fsi-2022-download.xlsx,publisher_workbook
Côte d'Ivoire,2022,31.000000,89.600000,6.900000,9.900000,7.000000,6.300000,7.800000,6.100000,7.800000,8.300000,7.200000,8.500000,6.300000,7.500000,https://fragilestatesindex.org/wp-content/uploads/2022/07/fsi-2022-download.xlsx,publisher_workbook
Denmark,2006,137.000000,24.800000,1.000000,1.000000,4.500000,2.000000,2.000000,2.000000,1.000000,1.000000,1.500000,3.000000,2.500000,3.300000,https://fragilestatesindex.org/excel/ (archived in MainCode/fsi-2006.xlsx),thesis_archived_workbook
Denmark,2007,169.000000,22.200000,1.000000,1.000000,2.500000,2.100000,1.900000,2.000000,1.000000,1.400000,1.500000,3.200000,2.600000,2.000000,https://fragilestatesindex.org/excel/ (archived in MainCode/fsi-2007.xlsx),thesis_archived_workbook
Denmark,2008,170.000000,21.500000,1.000000,1.000000,2.500000,2.100000,1.900000,2.000000,1.000000,1.400000,1.500000,3.200000,1.900000,2.000000,https://fragilestatesindex.org/excel/ (archived in MainCode/fsi-2008.xlsx),thesis_archived_workbook
Denmark,2009,172.000000,23.200000,1.300000,1.000000,3.000000,2.700000,2.200000,2.000000,1.300000,1.500000,1.500000,3.000000,1.600000,2.100000,https://fragilestatesindex.org/excel/ (archived in MainCode/fsi-2009.xlsx),thesis_archived_workbook
Denmark,2010,172.000000,22.900000,1.500000,1.000000,3.000000,3.100000,2.000000,1.800000,1.100000,1.300000,1.300000,2.800000,1.700000,2.300000,https://fragilestatesindex.org/excel/ (archived in MainCode/fsi-2010.xlsx),thesis_archived_workbook
Denmark,2011,173.000000,23.800000,1.500000,1.000000,3.300000,2.500000,1.700000,2.100000,1.200000,1.600000,1.300000,2.900000,2.100000,2.600000,https://fragilestatesindex.org/excel/ (archived in MainCode/fsi-2011.xlsx),thesis_archived_workbook
Denmark,2012,175.000000,23.000000,1.800000,1.000000,3.000000,2.200000,1.800000,2.200000,0.800000,1.700000,1.500000,2.800000,1.900000,2.300000,https://fragilestatesindex.org/excel/ (archived in MainCode/fsi-2012.xlsx),thesis_archived_workbook
Denmark,2013,174.000000,21.900000,1.500000,1.400000,3.400000,1.900000,1.600000,1.900000,1.000000,1.400000,1.700000,2.500000,1.600000,2.000000,https://fragilestatesindex.org/excel/ (archived in MainCode/fsi-2013.xlsx),thesis_archived_workbook
Denmark,2014,176.000000,22.800000,1.800000,1.400000,3.400000,2.200000,1.800000,2.000000,0.800000,1.700000,1.600000,2.800000,1.400000,1.900000,https://fragilestatesindex.org/excel/ (archived in MainCode/fsi-2014.xlsx),thesis_archived_workbook
Denmark,2015,175.000000,21.400000,1.500000,1.400000,3.600000,2.500000,2.100000,1.900000,0.500000,1.400000,1.300000,2.500000,1.400000,1.400000,https://fragilestatesindex.org/excel/ (archived in MainCode/fsi-2015.xlsx),thesis_archived_workbook
Denmark,2016,175.000000,21.500000,1.400000,1.400000,4.600000,2.200000,1.800000,1.600000,0.600000,1.100000,1.700000,2.200000,1.800000,1.100000,https://fragilestatesindex.org/excel/ (archived in MainCode/fsi-2016.xlsx),thesis_archived_workbook
Denmark,2017,175.000000,21.500000,1.700000,1.400000,4.400000,2.000000,1.600000,1.900000,0.900000,1.000000,1.500000,2.000000,2.100000,1.000000,https://fragilestatesindex.org/excel/ (archived in MainCode/fsi-2017.xlsx),thesis_archived_workbook
Denmark,2018,175.000000,19.785177,1.400000,1.400000,4.400000,1.733860,1.300000,1.972119,0.900000,0.936542,1.200000,1.700000,2.142656,0.700000,https://fragilestatesindex.org/excel/ (archived in MainCode/fsi-2018.xlsx),thesis_archived_workbook
Denmark,2019,175.000000,19.500000,1.300000,1.400000,4.300000,1.600000,1.200000,1.900000,0.900000,0.900000,1.700000,1.600000,2.000000,0.700000,https://fragilestatesindex.org/excel/ (archived in MainCode/fsi-2019.xlsx),thesis_archived_workbook
Denmark,2020,175.000000,17.213587,1.600000,1.400000,4.000000,1.300000,0.900000,1.600000,0.600000,0.913587,1.400000,1.300000,1.700000,0.500000,https://fragilestatesindex.org/excel/ (archived in MainCode/fsi-2020.xlsx),thesis_archived_workbook
Denmark,2021,175.000000,18.800000,1.700000,1.400000,3.700000,1.700000,1.200000,1.300000,0.500000,1.400000,0.900000,2.300000,2.200000,0.500000,https://fragilestatesindex.org/wp-content/uploads/2021/05/fsi-2021.xlsx,publisher_workbook
Denmark,2022,175.000000,18.100000,1.400000,1.400000,3.400000,1.200000,1.500000,1.000000,0.300000,1.700000,0.600000,2.600000,2.700000,0.300000,https://fragilestatesindex.org/wp-content/uploads/2022/07/fsi-2022-download.xlsx,publisher_workbook
Denmark,2023,174.000000,17.900000,1.100000,1.400000,3.100000,1.000000,1.800000,1.000000,0.300000,1.700000,0.600000,2.300000,3.000000,0.600000,https://fragilestatesindex.org/wp-content/uploads/2023/06/FSI-2023-DOWNLOAD.xlsx,publisher_workbook
Djibouti,2007,70.000000,80.300000,7.000000,6.900000,5.500000,6.900000,6.100000,5.000000,7.400000,7.500000,6.000000,7.900000,6.500000,7.600000,https://fragilestatesindex.org/excel/ (archived in MainCode/fsi-2007.xlsx),thesis_archived_workbook
Djibouti,2008,71.000000,80.000000,6.500000,6.900000,5.500000,7.100000,6.200000,5.200000,7.400000,7.300000,6.200000,7.700000,6.400000,7.600000,https://fragilestatesindex.org/excel/ (archived in MainCode/fsi-2008.xlsx),thesis_archived_workbook
Djibouti,2009,73.000000,80.600000,6.200000,6.900000,5.700000,6.600000,6.300000,5.200000,7.400000,7.500000,6.200000,8.000000,6.400000,8.200000,https://fragilestatesindex.org/excel/ (archived in MainCode/fsi-2009.xlsx),thesis_archived_workbook
Djibouti,2010,68.000000,81.900000,6.000000,7.100000,5.900000,6.400000,6.500000,5.500000,7.200000,7.300000,6.600000,7.900000,6.800000,8.700000,https://fragilestatesindex.org/excel/ (archived in MainCode/fsi-2010.xlsx),thesis_archived_workbook
Djibouti,2011,59.000000,82.600000,6.200000,7.500000,6.200000,6.000000,6.800000,5.200000,7.200000,7.200000,7.000000,7.800000,7.200000,8.300000,https://fragilestatesindex.org/excel/ (archived in MainCode/fsi-2011.xlsx),thesis_archived_workbook
Djibouti,2012,53.000000,83.800000,6.500000,7.500000,6.500000,6.600000,7.100000,4.900000,7.500000,7.200000,6.800000,8.300000,6.900000,8.000000,https://fragilestatesindex.org/excel/ (archived in MainCode/fsi-2012.xlsx),thesis_archived_workbook
Djibouti,2013,50.000000,85.500000,6.600000,7.500000,6.200000,6.900000,7.300000,5.200000,7.800000,7.400000,7.000000,8.300000,7.200000,8.100000,https://fragilestatesindex.org/excel/ (archived in MainCode/fsi-2013.xlsx),thesis_archived_workbook
Djibouti,2014,45.000000,87.100000,6.900000,7.600000,6.400000,7.200000,7.500000,5.500000,7.900000,7.700000,6.900000,8.100000,7.400000,8.000000,https://fragilestatesindex.org/excel/ (archived in MainCode/fsi-2014.xlsx),thesis_archived_workbook
Djibouti,2015,41.000000,88.000000,6.900000,7.300000,6.600000,7.400000,7.800000,5.800000,7.600000,7.800000,7.200000,8.200000,7.100000,8.400000,https://fragilestatesindex.org/excel/ (archived in MainCode/fsi-2015.xlsx),thesis_archived_workbook
Djibouti,2016,39.000000,89.700000,6.600000,7.300000,6.700000,7.100000,8.100000,5.500000,7.900000,8.100000,7.500000,8.500000,7.500000,8.900000,https://fragilestatesindex.org/excel/ (archived in MainCode/fsi-2016.xlsx),thesis_archived_workbook
Djibouti,2017,41.000000,88.900000,6.500000,7.300000,6.500000,7.000000,7.900000,5.400000,8.200000,7.900000,7.800000,8.400000,7.300000,8.700000,https://fragilestatesindex.org/excel/ (archived in MainCode/fsi-2017.xlsx),thesis_archived_workbook
Djibouti,2018,42.000000,87.114778,6.200000,7.300000,6.200000,6.711584,7.867866,5.509985,8.101691,7.768385,7.655266,8.100000,7.000000,8.700000,https://fragilestatesindex.org/excel/ (archived in MainCode/fsi-2018.xlsx),thesis_archived_workbook
Djibouti,2019,43.000000,85.100000,5.900000,7.300000,5.900000,7.000000,7.700000,5.200000,8.100000,7.600000,7.700000,7.800000,6.700000,8.200000,https://fragilestatesindex.org/excel/ (archived in MainCode/fsi-2019.xlsx),thesis_archived_workbook
Djibouti,2020,47.000000,82.725483,5.600000,7.300000,5.600000,6.703470,7.400000,4.900000,8.122013,7.300000,7.400000,7.500000,7.000000,7.900000,https://fragilestatesindex.org/excel/ (archived in MainCode/fsi-2020.xlsx),thesis_archived_workbook
Djibouti,2021,49.000000,82.400000,5.300000,7.300000,5.300000,6.800000,7.300000,4.600000,8.400000,7.400000,7.200000,7.500000,7.100000,8.200000,https://fragilestatesindex.org/wp-content/uploads/2021/05/fsi-2021.xlsx,publisher_workbook
Djibouti,2022,48.000000,81.300000,5.000000,7.300000,5.000000,6.700000,7.200000,4.300000,8.500000,7.400000,7.400000,7.200000,7.400000,7.900000,https://fragilestatesindex.org/wp-content/uploads/2022/07/fsi-2022-download.xlsx,publisher_workbook
Djibouti,2023,46.000000,82.200000,5.300000,7.300000,5.300000,7.000000,7.200000,4.000000,8.800000,7.600000,7.900000,7.100000,7.100000,7.600000,https://fragilestatesindex.org/wp-content/uploads/2023/06/FSI-2023-DOWNLOAD.xlsx,publisher_workbook
Dominican Republic,2006,47.000000,85.000000,7.000000,7.400000,6.500000,6.000000,8.000000,8.500000,6.200000,8.000000,7.100000,7.800000,7.000000,5.500000,https://fragilestatesindex.org/excel/ (archived in MainCode/fsi-2006.xlsx),thesis_archived_workbook
Dominican Republic,2007,69.000000,80.600000,6.500000,7.400000,6.100000,5.800000,8.100000,8.300000,6.000000,6.900000,7.000000,6.500000,6.400000,5.600000,https://fragilestatesindex.org/excel/ (archived in MainCode/fsi-2007.xlsx),thesis_archived_workbook
Dominican Republic,2008,77.000000,78.400000,6.100000,7.000000,6.100000,5.600000,8.100000,8.300000,5.800000,6.900000,7.000000,6.500000,5.400000,5.600000,https://fragilestatesindex.org/excel/ (archived in MainCode/fsi-2008.xlsx),thesis_archived_workbook
Dominican Republic,2009,88.000000,77.700000,5.800000,6.800000,6.000000,5.600000,8.000000,8.500000,5.800000,6.700000,6.700000,6.700000,5.300000,5.800000,https://fragilestatesindex.org/excel/ (archived in MainCode/fsi-2009.xlsx),thesis_archived_workbook
Dominican Republic,2010,93.000000,76.800000,5.600000,6.800000,5.800000,5.900000,7.800000,8.300000,5.600000,6.900000,6.500000,6.500000,5.100000,6.000000,https://fragilestatesindex.org/excel/ (archived in MainCode/fsi-2010.xlsx),thesis_archived_workbook
Dominican Republic,2011,84.000000,76.900000,5.800000,6.800000,6.100000,5.600000,7.500000,7.900000,5.800000,6.800000,6.300000,6.500000,5.500000,6.200000,https://fragilestatesindex.org/excel/ (archived in MainCode/fsi-2011.xlsx),thesis_archived_workbook
Dominican Republic,2012,95.000000,74.100000,5.500000,6.500000,5.800000,5.800000,7.200000,7.600000,5.700000,6.500000,6.000000,6.500000,5.200000,5.900000,https://fragilestatesindex.org/excel/ (archived in MainCode/fsi-2012.xlsx),thesis_archived_workbook
Dominican Republic,2013,95.000000,73.200000,5.200000,6.500000,6.100000,5.500000,6.900000,7.900000,5.400000,6.200000,5.700000,6.400000,5.500000,5.900000,https://fragilestatesindex.org/excel/ (archived in MainCode/fsi-2013.xlsx),thesis_archived_workbook
Dominican Republic,2014,95.000000,73.400000,4.900000,6.500000,6.100000,5.500000,6.600000,7.900000,5.700000,6.500000,5.800000,6.500000,5.600000,5.800000,https://fragilestatesindex.org/excel/ (archived in MainCode/fsi-2014.xlsx),thesis_archived_workbook
Dominican Republic,2015,104.000000,71.200000,5.200000,6.200000,5.800000,5.300000,6.300000,7.600000,6.000000,6.800000,5.500000,6.800000,3.800000,5.900000,https://fragilestatesindex.org/excel/ (archived in MainCode/fsi-2015.xlsx),thesis_archived_workbook
Dominican Republic,2016,105.000000,70.800000,5.500000,6.200000,6.000000,5.200000,6.000000,7.300000,5.700000,6.800000,6.000000,7.000000,3.500000,5.600000,https://fragilestatesindex.org/excel/ (archived in MainCode/fsi-2016.xlsx),thesis_archived_workbook
Dominican Republic,2017,109.000000,69.000000,5.800000,6.200000,5.800000,5.500000,5.800000,7.100000,5.500000,6.300000,5.800000,6.500000,3.300000,5.400000,https://fragilestatesindex.org/excel/ (archived in MainCode/fsi-2017.xlsx),thesis_archived_workbook
Dominican Republic,2018,104.000000,69.196325,6.100000,6.200000,5.500000,5.200000,5.591419,6.800000,6.500000,6.600000,5.604906,7.000000,3.000000,5.100000,https://fragilestatesindex.org/excel/ (archived in MainCode/fsi-2018.xlsx),thesis_archived_workbook
Dominican Republic,2019,108.000000,66.200000,6.400000,6.200000,5.200000,4.900000,5.300000,6.600000,6.000000,6.300000,5.300000,6.500000,2.700000,4.800000,https://fragilestatesindex.org/excel/ (archived in MainCode/fsi-2019.xlsx),thesis_archived_workbook
Dominican Republic,2020,107.000000,64.356202,6.421594,6.200000,4.900000,4.600000,5.006442,6.528166,6.300000,6.000000,5.000000,6.200000,2.700000,4.500000,https://fragilestatesindex.org/excel/ (archived in MainCode/fsi-2020.xlsx),thesis_archived_workbook
Dominican Republic,2021,107.000000,64.700000,6.100000,6.200000,4.600000,5.100000,4.900000,6.600000,6.000000,7.000000,4.700000,6.700000,2.600000,4.200000,https://fragilestatesindex.org/wp-content/uploads/2021/05/fsi-2021.xlsx,publisher_workbook
Dominican Republic,2022,110.000000,62.800000,5.800000,6.200000,4.600000,4.800000,4.800000,6.700000,5.700000,6.700000,4.400000,6.700000,2.500000,3.900000,https://fragilestatesindex.org/wp-content/uploads/2022/07/fsi-2022-download.xlsx,publisher_workbook
Dominican Republic,2023,110.000000,60.800000,5.500000,6.200000,4.600000,4.600000,4.700000,6.700000,5.400000,6.400000,4.100000,6.400000,2.600000,3.600000,https://fragilestatesindex.org/wp-content/uploads/2023/06/FSI-2023-DOWNLOAD.xlsx,publisher_workbook
Ecuador,2006,63.000000,81.200000,6.800000,7.800000,6.800000,5.200000,8.000000,7.100000,8.300000,7.400000,6.700000,6.000000,5.600000,5.500000,https://fragilestatesindex.org/excel/ (archived in MainCode/fsi-2006.xlsx),thesis_archived_workbook
Ecuador,2007,72.000000,79.900000,6.600000,7.600000,6.700000,5.300000,8.000000,7.100000,7.500000,6.800000,6.600000,6.200000,6.000000,5.500000,https://fragilestatesindex.org/excel/ (archived in MainCode/fsi-2007.xlsx),thesis_archived_workbook
Ecuador,2008,68.000000,80.300000,6.700000,7.900000,6.500000,5.900000,7.800000,7.300000,7.100000,6.800000,6.400000,6.200000,6.000000,5.700000,https://fragilestatesindex.org/excel/ (archived in MainCode/fsi-2008.xlsx),thesis_archived_workbook
Ecuador,2009,69.000000,81.200000,6.800000,7.800000,6.300000,6.400000,8.000000,7.300000,7.000000,6.800000,6.000000,6.500000,6.300000,6.000000,https://fragilestatesindex.org/excel/ (archived in MainCode/fsi-2009.xlsx),thesis_archived_workbook
Ecuador,2010,69.000000,81.700000,6.600000,7.800000,6.400000,6.700000,8.000000,7.500000,7.400000,7.000000,5.800000,6.300000,6.100000,6.100000,https://fragilestatesindex.org/excel/ (archived in MainCode/fsi-2010.xlsx),thesis_archived_workbook
Ecuador,2011,62.000000,82.200000,7.000000,8.200000,6.900000,6.300000,7.700000,7.100000,7.500000,7.200000,5.700000,5.900000,6.400000,6.300000,https://fragilestatesindex.org/excel/ (archived in MainCode/fsi-2011.xlsx),thesis_archived_workbook
Ecuador,2012,67.000000,80.100000,6.500000,8.200000,6.900000,5.900000,7.700000,7.100000,7.500000,7.200000,5.200000,5.600000,6.000000,6.300000,https://fragilestatesindex.org/excel/ (archived in MainCode/fsi-2012.xlsx),thesis_archived_workbook
Ecuador,2013,74.000000,78.600000,6.700000,8.200000,7.200000,5.600000,7.400000,6.800000,7.200000,6.900000,4.900000,5.800000,5.700000,6.200000,https://fragilestatesindex.org/excel/ (archived in MainCode/fsi-2013.xlsx),thesis_archived_workbook
Ecuador,2014,79.000000,77.300000,6.400000,8.200000,7.500000,5.600000,7.100000,6.500000,6.900000,6.600000,5.000000,5.900000,5.700000,5.900000,https://fragilestatesindex.org/excel/ (archived in MainCode/fsi-2014.xlsx),thesis_archived_workbook
Ecuador,2015,85.000000,75.900000,6.700000,8.200000,7.800000,5.300000,6.800000,6.200000,7.000000,6.300000,5.100000,5.700000,5.200000,5.600000,https://fragilestatesindex.org/excel/ (archived in MainCode/fsi-2015.xlsx),thesis_archived_workbook
Ecuador,2016,84.000000,75.600000,6.500000,8.200000,7.500000,5.500000,6.900000,5.900000,6.700000,6.000000,5.200000,6.000000,5.400000,5.800000,https://fragilestatesindex.org/excel/ (archived in MainCode/fsi-2016.xlsx),thesis_archived_workbook
Ecuador,2017,75.000000,77.300000,6.800000,8.200000,7.300000,6.000000,6.700000,5.800000,6.500000,6.500000,5.000000,6.500000,5.700000,6.300000,https://fragilestatesindex.org/excel/ (archived in MainCode/fsi-2017.xlsx),thesis_archived_workbook
Ecuador,2018,82.000000,74.231226,6.500000,8.200000,7.000000,6.000000,6.700000,5.531226,6.200000,6.200000,4.500000,6.000000,5.400000,6.000000,https://fragilestatesindex.org/excel/ (archived in MainCode/fsi-2018.xlsx),thesis_archived_workbook
Ecuador,2019,87.000000,71.200000,6.200000,8.200000,6.700000,5.700000,6.400000,5.200000,5.700000,5.900000,4.200000,5.700000,5.500000,5.700000,https://fragilestatesindex.org/excel/ (archived in MainCode/fsi-2019.xlsx),thesis_archived_workbook
Ecuador,2020,89.000000,69.403035,6.203035,8.200000,6.400000,5.400000,6.100000,4.900000,6.000000,5.600000,3.900000,5.400000,5.900000,5.400000,https://fragilestatesindex.org/excel/ (archived in MainCode/fsi-2020.xlsx),thesis_archived_workbook
Ecuador,2021,86.000000,71.200000,5.900000,8.200000,6.100000,6.300000,6.000000,4.600000,5.700000,6.600000,4.200000,6.900000,5.600000,5.100000,https://fragilestatesindex.org/wp-content/uploads/2021/05/fsi-2021.xlsx,publisher_workbook
Ecuador,2022,89.000000,69.100000,5.600000,8.200000,5.800000,6.000000,5.900000,4.300000,5.800000,6.300000,4.100000,7.000000,5.300000,4.800000,https://fragilestatesindex.org/wp-content/uploads/2022/07/fsi-2022-download.xlsx,publisher_workbook
Ecuador,2023,87.000000,69.400000,6.000000,8.200000,5.900000,6.000000,6.200000,4.200000,6.400000,6.000000,4.300000,6.700000,5.000000,4.500000,https://fragilestatesindex.org/wp-content/uploads/2023/06/FSI-2023-DOWNLOAD.xlsx,publisher_workbook
Egypt,2006,31.000000,89.500000,6.500000,7.700000,8.500000,7.000000,8.000000,6.000000,9.000000,7.300000,8.000000,8.000000,6.000000,7.500000,https://fragilestatesindex.org/excel/ (archived in MainCode/fsi-2006.xlsx),thesis_archived_workbook
Egypt,2007,36.000000,89.200000,6.100000,8.300000,7.800000,7.000000,7.800000,6.200000,9.000000,6.700000,8.500000,7.700000,6.500000,7.600000,https://fragilestatesindex.org/excel/ (archived in MainCode/fsi-2007.xlsx),thesis_archived_workbook
Egypt,2008,40.000000,88.700000,6.100000,8.400000,7.700000,6.900000,7.800000,6.200000,9.000000,6.300000,8.500000,7.500000,6.300000,8.000000,https://fragilestatesindex.org/excel/ (archived in MainCode/fsi-2008.xlsx),thesis_archived_workbook
Egypt,2009,43.000000,89.000000,6.200000,8.100000,8.000000,7.000000,7.600000,6.200000,8.600000,6.400000,8.400000,7.600000,6.900000,8.000000,https://fragilestatesindex.org/excel/ (archived in MainCode/fsi-2009.xlsx),thesis_archived_workbook
Egypt,2010,49.000000,87.600000,6.500000,8.100000,8.200000,6.800000,7.400000,6.000000,8.400000,6.100000,8.200000,7.400000,6.700000,7.800000,https://fragilestatesindex.org/excel/ (archived in MainCode/fsi-2010.xlsx),thesis_archived_workbook
Egypt,2011,45.000000,86.800000,6.800000,8.000000,8.300000,6.500000,7.400000,5.700000,8.600000,5.900000,8.300000,7.100000,6.400000,7.800000,https://fragilestatesindex.org/excel/ (archived in MainCode/fsi-2011.xlsx),thesis_archived_workbook
Egypt,2012,31.000000,90.400000,7.000000,8.800000,8.800000,7.100000,7.400000,5.700000,9.200000,5.900000,9.000000,7.100000,6.400000,8.000000,https://fragilestatesindex.org/excel/ (archived in MainCode/fsi-2012.xlsx),thesis_archived_workbook
Egypt,2013,34.000000,90.600000,7.300000,8.700000,8.500000,8.200000,7.100000,5.400000,8.900000,5.600000,9.600000,7.200000,6.500000,7.700000,https://fragilestatesindex.org/excel/ (archived in MainCode/fsi-2013.xlsx),thesis_archived_workbook
Egypt,2014,31.000000,91.000000,7.900000,9.400000,8.600000,7.900000,6.800000,5.100000,9.000000,5.700000,9.700000,7.100000,6.400000,7.400000,https://fragilestatesindex.org/excel/ (archived in MainCode/fsi-2014.xlsx),thesis_archived_workbook
Egypt,2015,38.000000,89.900000,8.200000,9.000000,8.700000,8.100000,6.500000,4.700000,8.700000,5.400000,9.800000,7.100000,6.700000,7.100000,https://fragilestatesindex.org/excel/ (archived in MainCode/fsi-2015.xlsx),thesis_archived_workbook
Egypt,2016,38.000000,90.200000,8.300000,8.800000,9.000000,8.400000,6.200000,4.400000,8.400000,5.100000,9.700000,6.800000,7.000000,8.100000,https://fragilestatesindex.org/excel/ (archived in MainCode/fsi-2016.xlsx),thesis_archived_workbook
Egypt,2017,36.000000,89.800000,8.100000,8.800000,8.800000,8.200000,6.000000,4.700000,8.200000,4.900000,9.800000,7.100000,7.300000,7.900000,https://fragilestatesindex.org/excel/ (archived in MainCode/fsi-2017.xlsx),thesis_archived_workbook
Egypt,2018,36.000000,88.737363,8.200000,8.800000,8.900000,7.900000,5.700000,5.200000,8.337363,4.600000,9.900000,6.600000,7.000000,7.600000,https://fragilestatesindex.org/excel/ (archived in MainCode/fsi-2018.xlsx),thesis_archived_workbook
Egypt,2019,34.000000,88.400000,8.200000,9.100000,8.900000,7.900000,5.700000,5.300000,8.600000,4.300000,10.000000,6.300000,6.700000,7.300000,https://fragilestatesindex.org/excel/ (archived in MainCode/fsi-2019.xlsx),thesis_archived_workbook
Egypt,2020,35.000000,86.006138,7.900000,9.100000,8.600000,7.600000,5.400000,5.281330,8.600000,4.230977,9.700000,6.193831,6.400000,7.000000,https://fragilestatesindex.org/excel/ (archived in MainCode/fsi-2020.xlsx),thesis_archived_workbook
Egypt,2021,39.000000,85.000000,7.600000,9.100000,8.300000,7.300000,5.100000,5.200000,8.600000,4.700000,9.800000,6.500000,6.100000,6.700000,https://fragilestatesindex.org/wp-content/uploads/2021/05/fsi-2021.xlsx,publisher_workbook
Egypt,2022,42.000000,83.600000,7.300000,9.100000,8.000000,7.000000,4.800000,5.100000,8.600000,5.000000,9.500000,7.000000,5.800000,6.400000,https://fragilestatesindex.org/wp-content/uploads/2022/07/fsi-2022-download.xlsx,publisher_workbook
Egypt,2023,50.000000,81.600000,7.000000,9.100000,7.700000,7.100000,4.500000,5.000000,8.600000,4.700000,9.200000,6.700000,5.500000,6.500000,https://fragilestatesindex.org/wp-content/uploads/2023/06/FSI-2023-DOWNLOAD.xlsx,publisher_workbook
El Salvador,2006,77.000000,76.100000,6.000000,3.900000,6.000000,5.000000,7.000000,7.000000,7.000000,7.400000,6.700000,8.500000,6.100000,5.500000,https://fragilestatesindex.org/excel/ (archived in MainCode/fsi-2006.xlsx),thesis_archived_workbook
El Salvador,2007,91.000000,74.900000,5.800000,3.900000,6.000000,5.400000,7.300000,7.000000,7.000000,6.900000,6.900000,7.600000,5.600000,5.500000,https://fragilestatesindex.org/excel/ (archived in MainCode/fsi-2007.xlsx),thesis_archived_workbook
El Salvador,2008,91.000000,75.500000,6.300000,3.900000,6.000000,6.000000,7.600000,7.000000,7.000000,6.500000,7.000000,7.400000,5.600000,5.200000,https://fragilestatesindex.org/excel/ (archived in MainCode/fsi-2008.xlsx),thesis_archived_workbook
El Salvador,2009,90.000000,77.200000,6.400000,4.500000,6.200000,6.300000,7.800000,6.900000,7.000000,6.600000,6.900000,7.600000,5.700000,5.300000,https://fragilestatesindex.org/excel/ (archived in MainCode/fsi-2009.xlsx),thesis_archived_workbook
El Salvador,2010,85.000000,78.100000,6.700000,4.500000,5.900000,6.600000,7.900000,7.100000,6.800000,7.000000,6.700000,8.100000,5.700000,5.100000,https://fragilestatesindex.org/excel/ (archived in MainCode/fsi-2010.xlsx),thesis_archived_workbook
El Salvador,2011,89.000000,76.000000,7.000000,4.300000,5.800000,6.300000,7.600000,7.100000,6.500000,6.900000,6.700000,7.600000,5.300000,4.900000,https://fragilestatesindex.org/excel/ (archived in MainCode/fsi-2011.xlsx),thesis_archived_workbook
El Salvador,2012,93.000000,74.400000,6.700000,4.300000,6.000000,6.000000,7.300000,7.200000,6.200000,6.600000,6.400000,7.700000,5.200000,4.800000,https://fragilestatesindex.org/excel/ (archived in MainCode/fsi-2012.xlsx),thesis_archived_workbook
El Salvador,2013,95.000000,73.200000,6.400000,4.300000,5.700000,6.500000,7.000000,6.900000,5.900000,6.500000,6.100000,7.400000,5.500000,5.100000,https://fragilestatesindex.org/excel/ (archived in MainCode/fsi-2013.xlsx),thesis_archived_workbook
El Salvador,2014,100.000000,72.000000,6.100000,4.300000,6.000000,6.200000,6.900000,6.600000,5.600000,6.400000,5.800000,7.100000,5.600000,5.400000,https://fragilestatesindex.org/excel/ (archived in MainCode/fsi-2014.xlsx),thesis_archived_workbook
El Salvador,2015,102.000000,71.400000,6.500000,4.300000,6.300000,5.900000,6.600000,6.900000,4.800000,6.700000,6.100000,6.900000,5.100000,5.300000,https://fragilestatesindex.org/excel/ (archived in MainCode/fsi-2015.xlsx),thesis_archived_workbook
El Salvador,2016,96.000000,72.500000,7.000000,4.300000,6.200000,5.600000,6.600000,7.500000,5.000000,6.600000,6.500000,6.600000,5.000000,5.600000,https://fragilestatesindex.org/excel/ (archived in MainCode/fsi-2016.xlsx),thesis_archived_workbook
El Salvador,2017,92.000000,73.100000,7.300000,4.300000,6.700000,5.400000,6.400000,7.900000,4.800000,6.400000,6.300000,6.900000,4.800000,5.900000,https://fragilestatesindex.org/excel/ (archived in MainCode/fsi-2017.xlsx),thesis_archived_workbook
El Salvador,2018,96.000000,71.160061,7.216718,4.300000,6.400000,5.343343,6.100000,7.900000,4.500000,6.100000,6.000000,6.900000,4.800000,5.600000,https://fragilestatesindex.org/excel/ (archived in MainCode/fsi-2018.xlsx),thesis_archived_workbook
El Salvador,2019,96.000000,69.800000,6.900000,4.300000,6.100000,5.400000,5.800000,8.500000,4.200000,5.800000,5.700000,7.000000,4.800000,5.300000,https://fragilestatesindex.org/excel/ (archived in MainCode/fsi-2019.xlsx),thesis_archived_workbook
El Salvador,2020,93.000000,68.894644,7.118394,4.300000,5.800000,5.134328,5.500000,8.469943,4.071054,5.700925,5.400000,6.700000,5.300000,5.400000,https://fragilestatesindex.org/excel/ (archived in MainCode/fsi-2020.xlsx),thesis_archived_workbook
El Salvador,2021,82.000000,71.600000,6.600000,4.800000,5.500000,6.100000,5.400000,8.400000,4.400000,6.800000,5.500000,7.000000,5.500000,5.600000,https://fragilestatesindex.org/wp-content/uploads/2021/05/fsi-2021.xlsx,publisher_workbook
El Salvador,2022,82.000000,70.800000,6.300000,4.800000,5.600000,5.600000,5.100000,8.400000,4.900000,6.500000,5.600000,7.100000,5.600000,5.300000,https://fragilestatesindex.org/wp-content/uploads/2022/07/fsi-2022-download.xlsx,publisher_workbook
El Salvador,2023,89.000000,69.300000,6.000000,4.800000,5.300000,5.500000,5.100000,8.700000,5.200000,6.200000,5.400000,6.800000,5.300000,5.000000,https://fragilestatesindex.org/wp-content/uploads/2023/06/FSI-2023-DOWNLOAD.xlsx,publisher_workbook
Equatorial Guinea,2006,52.000000,84.000000,8.300000,8.000000,6.700000,4.000000,9.000000,7.500000,9.000000,8.000000,8.500000,7.000000,2.000000,6.000000,https://fragilestatesindex.org/excel/ (archived in MainCode/fsi-2006.xlsx),thesis_archived_workbook
Equatorial Guinea,2007,41.000000,88.200000,8.900000,8.500000,7.000000,4.000000,9.000000,7.400000,9.400000,8.600000,9.400000,8.000000,2.000000,6.000000,https://fragilestatesindex.org/excel/ (archived in MainCode/fsi-2007.xlsx),thesis_archived_workbook
Equatorial Guinea,2008,42.000000,88.000000,9.000000,8.500000,7.000000,3.900000,9.200000,7.400000,9.400000,8.300000,9.500000,7.800000,2.000000,6.000000,https://fragilestatesindex.org/excel/ (archived in MainCode/fsi-2008.xlsx),thesis_archived_workbook
Equatorial Guinea,2009,47.000000,88.300000,8.600000,8.600000,6.800000,4.400000,9.000000,7.400000,9.400000,8.600000,9.200000,8.300000,2.000000,6.000000,https://fragilestatesindex.org/excel/ (archived in MainCode/fsi-2009.xlsx),thesis_archived_workbook
Equatorial Guinea,2010,44.000000,88.500000,8.400000,8.400000,6.800000,4.700000,8.800000,7.400000,9.600000,8.400000,9.400000,8.400000,2.300000,5.900000,https://fragilestatesindex.org/excel/ (archived in MainCode/fsi-2010.xlsx),thesis_archived_workbook
Equatorial Guinea,2011,41.000000,88.100000,8.100000,8.200000,6.600000,4.500000,9.100000,7.200000,9.600000,8.100000,9.400000,8.500000,2.700000,6.000000,https://fragilestatesindex.org/excel/ (archived in MainCode/fsi-2011.xlsx),thesis_archived_workbook
Equatorial Guinea,2012,43.000000,86.300000,7.800000,8.200000,6.600000,4.800000,8.800000,6.900000,9.400000,7.800000,9.100000,8.200000,3.000000,5.700000,https://fragilestatesindex.org/excel/ (archived in MainCode/fsi-2012.xlsx),thesis_archived_workbook
Equatorial Guinea,2013,47.000000,86.100000,7.500000,8.200000,6.600000,4.500000,9.100000,6.600000,9.600000,7.600000,9.400000,8.300000,3.300000,5.500000,https://fragilestatesindex.org/excel/ (archived in MainCode/fsi-2013.xlsx),thesis_archived_workbook
Equatorial Guinea,2014,52.000000,85.300000,7.200000,8.200000,6.600000,4.200000,8.800000,6.300000,9.700000,7.400000,9.500000,8.000000,3.600000,5.800000,https://fragilestatesindex.org/excel/ (archived in MainCode/fsi-2014.xlsx),thesis_archived_workbook
Equatorial Guinea,2015,54.000000,84.800000,7.000000,8.200000,6.300000,5.200000,9.000000,6.000000,9.800000,7.100000,9.700000,7.700000,3.300000,5.500000,https://fragilestatesindex.org/excel/ (archived in MainCode/fsi-2015.xlsx),thesis_archived_workbook
Equatorial Guinea,2016,53.000000,85.200000,6.700000,8.200000,6.300000,6.200000,8.900000,5.700000,9.900000,7.400000,9.400000,7.700000,3.600000,5.200000,https://fragilestatesindex.org/excel/ (archived in MainCode/fsi-2016.xlsx),thesis_archived_workbook
Equatorial Guinea,2017,51.000000,85.000000,6.500000,8.200000,6.300000,6.500000,8.700000,5.500000,9.800000,7.900000,9.200000,7.500000,3.900000,5.000000,https://fragilestatesindex.org/excel/ (archived in MainCode/fsi-2017.xlsx),thesis_archived_workbook
Equatorial Guinea,2018,55.000000,83.398896,6.200000,8.200000,6.000000,6.223093,8.400000,5.200000,9.785563,8.004087,8.900000,7.586153,4.200000,4.700000,https://fragilestatesindex.org/excel/ (archived in MainCode/fsi-2018.xlsx),thesis_archived_workbook
Equatorial Guinea,2019,53.000000,82.600000,5.900000,8.200000,6.300000,5.900000,8.100000,4.900000,9.800000,8.100000,8.600000,7.900000,4.500000,4.400000,https://fragilestatesindex.org/excel/ (archived in MainCode/fsi-2019.xlsx),thesis_archived_workbook
Equatorial Guinea,2020,45.000000,83.016204,6.200000,8.200000,6.600000,5.731407,8.049823,4.600000,9.834974,8.400000,8.300000,8.200000,4.800000,4.100000,https://fragilestatesindex.org/excel/ (archived in MainCode/fsi-2020.xlsx),thesis_archived_workbook
Equatorial Guinea,2021,44.000000,84.100000,5.900000,8.200000,6.900000,6.300000,7.900000,4.300000,9.800000,8.700000,8.400000,8.500000,5.000000,4.200000,https://fragilestatesindex.org/wp-content/uploads/2021/05/fsi-2021.xlsx,publisher_workbook
Equatorial Guinea,2022,39.000000,84.100000,5.600000,8.200000,7.200000,6.600000,7.900000,4.000000,9.800000,8.800000,8.100000,8.800000,5.200000,3.900000,https://fragilestatesindex.org/wp-content/uploads/2022/07/fsi-2022-download.xlsx,publisher_workbook
Equatorial Guinea,2023,42.000000,84.400000,5.900000,8.200000,7.500000,6.700000,7.600000,3.700000,9.900000,8.500000,8.200000,9.100000,5.500000,3.600000,https://fragilestatesindex.org/wp-content/uploads/2023/06/FSI-2023-DOWNLOAD.xlsx,publisher_workbook
Eritrea,2006,54.000000,83.900000,7.200000,7.500000,5.400000,8.000000,6.000000,6.000000,8.000000,7.300000,6.800000,8.000000,7.200000,6.500000,https://fragilestatesindex.org/excel/ (archived in MainCode/fsi-2006.xlsx),thesis_archived_workbook
Eritrea,2007,50.000000,85.500000,7.500000,7.200000,5.400000,8.400000,5.900000,6.000000,8.300000,7.700000,7.400000,8.100000,7.100000,6.500000,https://fragilestatesindex.org/excel/ (archived in MainCode/fsi-2007.xlsx),thesis_archived_workbook
Eritrea,2008,44.000000,87.400000,7.500000,7.200000,5.600000,8.500000,5.900000,6.000000,8.400000,7.900000,7.400000,8.600000,7.100000,7.300000,https://fragilestatesindex.org/excel/ (archived in MainCode/fsi-2008.xlsx),thesis_archived_workbook
Eritrea,2009,36.000000,90.300000,7.400000,7.700000,5.800000,8.600000,6.000000,6.500000,8.600000,8.600000,7.900000,8.600000,7.000000,7.600000,https://fragilestatesindex.org/excel/ (archived in MainCode/fsi-2009.xlsx),thesis_archived_workbook
Eritrea,2010,30.000000,93.300000,7.600000,7.900000,6.100000,8.600000,6.200000,7.100000,8.800000,8.600000,8.400000,8.700000,7.200000,8.100000,https://fragilestatesindex.org/excel/ (archived in MainCode/fsi-2010.xlsx),thesis_archived_workbook
Eritrea,2011,28.000000,93.600000,7.700000,8.100000,6.100000,8.300000,6.500000,7.400000,8.500000,8.400000,8.900000,8.300000,6.800000,8.500000,https://fragilestatesindex.org/excel/ (archived in MainCode/fsi-2011.xlsx),thesis_archived_workbook
Eritrea,2012,23.000000,94.500000,7.800000,8.100000,6.400000,8.600000,6.900000,7.100000,8.400000,8.200000,8.700000,8.600000,7.100000,8.500000,https://fragilestatesindex.org/excel/ (archived in MainCode/fsi-2012.xlsx),thesis_archived_workbook
Eritrea,2013,25.000000,95.000000,7.500000,8.100000,6.100000,8.300000,6.900000,7.300000,8.700000,8.400000,9.100000,8.700000,7.400000,8.600000,https://fragilestatesindex.org/excel/ (archived in MainCode/fsi-2013.xlsx),thesis_archived_workbook
Eritrea,2014,23.000000,95.500000,7.600000,8.100000,6.400000,8.000000,7.200000,7.500000,8.800000,8.400000,9.200000,8.500000,7.300000,8.500000,https://fragilestatesindex.org/excel/ (archived in MainCode/fsi-2014.xlsx),thesis_archived_workbook
Eritrea,2015,24.000000,96.900000,7.700000,8.100000,6.100000,8.300000,7.200000,7.600000,9.100000,8.700000,9.300000,8.800000,7.800000,8.200000,https://fragilestatesindex.org/excel/ (archived in MainCode/fsi-2015.xlsx),thesis_archived_workbook
Eritrea,2016,18.000000,98.600000,7.400000,8.100000,6.600000,8.300000,7.500000,8.000000,9.500000,8.600000,9.100000,9.100000,8.500000,7.900000,https://fragilestatesindex.org/excel/ (archived in MainCode/fsi-2016.xlsx),thesis_archived_workbook
Eritrea,2017,19.000000,98.100000,7.200000,8.100000,7.100000,8.100000,7.800000,8.300000,9.300000,8.400000,9.000000,8.800000,8.300000,7.700000,https://fragilestatesindex.org/excel/ (archived in MainCode/fsi-2017.xlsx),thesis_archived_workbook
Eritrea,2018,19.000000,97.208239,6.900000,8.100000,7.400000,7.800000,8.100000,8.600000,9.421750,8.100000,8.700000,8.686489,8.000000,7.400000,https://fragilestatesindex.org/excel/ (archived in MainCode/fsi-2018.xlsx),thesis_archived_workbook
Eritrea,2019,17.000000,96.400000,6.600000,8.100000,7.700000,7.700000,8.400000,8.900000,9.400000,7.800000,8.700000,8.400000,7.700000,7.000000,https://fragilestatesindex.org/excel/ (archived in MainCode/fsi-2019.xlsx),thesis_archived_workbook
Eritrea,2020,18.000000,95.844231,6.485431,8.100000,8.000000,7.400000,8.596383,8.800000,9.440291,7.500000,8.656223,8.165903,7.700000,7.000000,https://fragilestatesindex.org/excel/ (archived in MainCode/fsi-2020.xlsx),thesis_archived_workbook
Eritrea,2021,17.000000,97.000000,6.200000,8.400000,8.300000,7.700000,8.300000,8.600000,9.600000,8.300000,8.900000,8.200000,7.400000,7.100000,https://fragilestatesindex.org/wp-content/uploads/2021/05/fsi-2021.xlsx,publisher_workbook
Eritrea,2022,18.000000,95.900000,5.900000,8.700000,8.600000,7.400000,8.200000,8.500000,9.600000,8.000000,9.000000,8.000000,7.100000,6.900000,https://fragilestatesindex.org/wp-content/uploads/2022/07/fsi-2022-download.xlsx,publisher_workbook
Eritrea,2023,19.000000,94.500000,6.000000,8.400000,8.700000,7.100000,7.900000,8.600000,9.700000,8.100000,9.100000,7.700000,6.600000,6.600000,https://fragilestatesindex.org/wp-content/uploads/2023/06/FSI-2023-DOWNLOAD.xlsx,publisher_workbook
Estonia,2006,111.000000,51.000000,2.000000,5.900000,4.500000,3.500000,5.000000,4.000000,5.000000,4.000000,3.700000,5.000000,5.100000,3.300000,https://fragilestatesindex.org/excel/ (archived in MainCode/fsi-2006.xlsx),thesis_archived_workbook
Estonia,2007,140.000000,50.500000,2.100000,5.900000,4.500000,3.700000,4.900000,4.000000,5.000000,3.800000,3.700000,4.800000,4.800000,3.300000,https://fragilestatesindex.org/excel/ (archived in MainCode/fsi-2007.xlsx),thesis_archived_workbook
Estonia,2008,139.000000,51.000000,2.600000,5.700000,5.100000,3.700000,4.900000,4.000000,4.800000,3.800000,3.500000,4.800000,4.800000,3.300000,https://fragilestatesindex.org/excel/ (archived in MainCode/fsi-2008.xlsx),thesis_archived_workbook
Estonia,2009,140.000000,51.200000,2.500000,5.500000,4.900000,4.400000,5.400000,4.000000,4.700000,3.500000,3.500000,4.700000,4.400000,3.700000,https://fragilestatesindex.org/excel/ (archived in MainCode/fsi-2009.xlsx),thesis_archived_workbook
Estonia,2010,140.000000,50.700000,2.600000,5.500000,5.000000,5.000000,5.200000,4.100000,4.500000,3.300000,3.300000,4.500000,4.200000,3.500000,https://fragilestatesindex.org/excel/ (archived in MainCode/fsi-2010.xlsx),thesis_archived_workbook
Estonia,2011,140.000000,49.300000,2.900000,5.500000,5.400000,4.300000,4.900000,4.500000,4.100000,2.900000,3.000000,4.100000,3.900000,3.900000,https://fragilestatesindex.org/excel/ (archived in MainCode/fsi-2011.xlsx),thesis_archived_workbook
Estonia,2012,143.000000,47.500000,3.200000,5.500000,5.700000,3.800000,4.600000,4.200000,3.800000,3.000000,2.700000,3.800000,3.600000,3.600000,https://fragilestatesindex.org/excel/ (archived in MainCode/fsi-2012.xlsx),thesis_archived_workbook
Estonia,2013,145.000000,45.300000,2.900000,5.500000,5.900000,3.500000,4.300000,3.900000,3.800000,3.000000,2.400000,3.500000,3.300000,3.300000,https://fragilestatesindex.org/excel/ (archived in MainCode/fsi-2013.xlsx),thesis_archived_workbook
Estonia,2014,147.000000,45.200000,2.800000,5.500000,6.200000,3.800000,4.000000,3.800000,3.500000,3.300000,2.500000,3.600000,3.200000,3.000000,https://fragilestatesindex.org/excel/ (archived in MainCode/fsi-2014.xlsx),thesis_archived_workbook
Estonia,2015,146.000000,43.700000,3.100000,5.500000,6.500000,3.600000,3.700000,3.500000,3.200000,3.400000,2.000000,3.300000,2.900000,3.100000,https://fragilestatesindex.org/excel/ (archived in MainCode/fsi-2015.xlsx),thesis_archived_workbook
Estonia,2016,146.000000,43.400000,2.900000,5.500000,6.800000,3.700000,3.400000,3.700000,2.900000,3.100000,1.800000,3.000000,2.600000,4.000000,https://fragilestatesindex.org/excel/ (archived in MainCode/fsi-2016.xlsx),thesis_archived_workbook
Estonia,2017,143.000000,44.700000,3.300000,5.900000,7.300000,3.500000,3.200000,4.000000,2.700000,2.900000,1.700000,2.800000,3.100000,4.300000,https://fragilestatesindex.org/excel/ (archived in MainCode/fsi-2017.xlsx),thesis_archived_workbook
Estonia,2018,145.000000,42.990054,3.000000,5.900000,7.536316,3.440499,2.900000,3.999213,2.400000,2.600000,1.914025,2.500000,2.800000,4.000000,https://fragilestatesindex.org/excel/ (archived in MainCode/fsi-2018.xlsx),thesis_archived_workbook
Estonia,2019,146.000000,40.800000,2.700000,5.900000,7.600000,3.100000,2.600000,4.300000,2.100000,2.300000,1.700000,2.200000,2.500000,3.700000,https://fragilestatesindex.org/excel/ (archived in MainCode/fsi-2019.xlsx),thesis_archived_workbook
Estonia,2020,148.000000,38.523455,2.551964,5.900000,7.671490,2.800000,2.300000,4.600000,1.800000,2.000000,1.400000,1.900000,2.200000,3.400000,https://fragilestatesindex.org/excel/ (archived in MainCode/fsi-2020.xlsx),thesis_archived_workbook
Estonia,2021,152.000000,39.500000,2.300000,5.900000,7.400000,3.200000,2.600000,4.300000,1.500000,2.500000,1.300000,2.900000,1.900000,3.700000,https://fragilestatesindex.org/wp-content/uploads/2021/05/fsi-2021.xlsx,publisher_workbook
Estonia,2022,155.000000,37.700000,2.000000,5.900000,7.100000,2.700000,2.700000,4.400000,1.200000,2.200000,1.300000,3.200000,1.600000,3.400000,https://fragilestatesindex.org/wp-content/uploads/2022/07/fsi-2022-download.xlsx,publisher_workbook
Estonia,2023,153.000000,38.600000,1.700000,5.800000,6.800000,3.200000,3.000000,4.700000,1.000000,1.900000,1.300000,2.900000,2.600000,3.700000,https://fragilestatesindex.org/wp-content/uploads/2023/06/FSI-2023-DOWNLOAD.xlsx,publisher_workbook
Eswatini,2019,42.000000,85.300000,5.700000,6.800000,2.800000,9.800000,8.200000,7.000000,8.500000,7.500000,8.800000,8.600000,4.300000,7.300000,https://fragilestatesindex.org/excel/ (archived in MainCode/fsi-2019.xlsx),thesis_archived_workbook
Eswatini,2021,47.000000,82.500000,5.100000,6.800000,2.200000,9.800000,8.000000,6.400000,8.600000,7.700000,8.200000,8.900000,4.100000,6.700000,https://fragilestatesindex.org/wp-content/uploads/2021/05/fsi-2021.xlsx,publisher_workbook
Ethiopia,2006,26.000000,91.900000,7.500000,8.700000,7.000000,8.000000,8.500000,7.500000,7.600000,6.200000,8.000000,9.000000,7.600000,6.300000,https://fragilestatesindex.org/excel/ (archived in MainCode/fsi-2006.xlsx),thesis_archived_workbook
Ethiopia,2007,18.000000,95.300000,7.500000,8.900000,7.800000,8.000000,8.600000,7.500000,7.900000,7.000000,8.500000,9.000000,7.900000,6.700000,https://fragilestatesindex.org/excel/ (archived in MainCode/fsi-2007.xlsx),thesis_archived_workbook
Ethiopia,2008,16.000000,96.100000,7.500000,8.900000,7.800000,8.200000,8.600000,7.500000,7.900000,7.500000,8.500000,8.900000,7.500000,7.300000,https://fragilestatesindex.org/excel/ (archived in MainCode/fsi-2008.xlsx),thesis_archived_workbook
Ethiopia,2009,16.000000,98.900000,7.500000,8.800000,8.200000,8.300000,8.800000,7.700000,7.900000,8.200000,8.500000,9.400000,8.000000,7.600000,https://fragilestatesindex.org/excel/ (archived in MainCode/fsi-2009.xlsx),thesis_archived_workbook
Ethiopia,2010,17.000000,98.800000,7.800000,9.000000,8.600000,8.000000,8.500000,7.500000,7.700000,8.100000,8.700000,9.200000,7.800000,7.900000,https://fragilestatesindex.org/excel/ (archived in MainCode/fsi-2010.xlsx),thesis_archived_workbook
Ethiopia,2011,20.000000,98.200000,7.900000,9.000000,8.400000,7.700000,8.200000,7.200000,7.500000,8.400000,8.500000,9.100000,8.200000,8.100000,https://fragilestatesindex.org/excel/ (archived in MainCode/fsi-2011.xlsx),thesis_archived_workbook
Ethiopia,2012,17.000000,97.900000,8.100000,8.700000,8.100000,7.400000,7.900000,7.000000,7.200000,8.400000,8.600000,9.600000,8.700000,8.200000,https://fragilestatesindex.org/excel/ (archived in MainCode/fsi-2012.xlsx),thesis_archived_workbook
Ethiopia,2013,19.000000,98.900000,8.400000,8.700000,8.600000,7.700000,7.600000,6.700000,7.300000,8.700000,8.700000,9.700000,8.700000,8.100000,https://fragilestatesindex.org/excel/ (archived in MainCode/fsi-2013.xlsx),thesis_archived_workbook
Ethiopia,2014,19.000000,97.900000,8.100000,8.700000,8.900000,7.400000,7.300000,6.700000,7.100000,8.900000,8.000000,9.400000,9.000000,8.400000,https://fragilestatesindex.org/excel/ (archived in MainCode/fsi-2014.xlsx),thesis_archived_workbook
Ethiopia,2015,20.000000,97.500000,8.400000,8.600000,8.500000,6.900000,7.100000,7.000000,7.400000,8.600000,8.500000,9.200000,9.400000,7.900000,https://fragilestatesindex.org/excel/ (archived in MainCode/fsi-2015.xlsx),thesis_archived_workbook
Ethiopia,2016,24.000000,97.200000,8.100000,8.300000,8.600000,6.700000,6.700000,7.300000,7.700000,8.300000,8.500000,9.300000,9.500000,8.200000,https://fragilestatesindex.org/excel/ (archived in MainCode/fsi-2016.xlsx),thesis_archived_workbook
Ethiopia,2017,15.000000,101.100000,8.400000,8.700000,9.100000,7.000000,6.500000,7.600000,8.200000,8.800000,9.000000,9.800000,9.300000,8.700000,https://fragilestatesindex.org/excel/ (archived in MainCode/fsi-2017.xlsx),thesis_archived_workbook
Ethiopia,2018,15.000000,99.569098,8.700000,8.400000,8.800000,6.700000,6.800000,7.569098,8.500000,8.500000,8.700000,9.500000,9.000000,8.400000,https://fragilestatesindex.org/excel/ (archived in MainCode/fsi-2018.xlsx),thesis_archived_workbook
Ethiopia,2019,23.000000,94.200000,8.200000,7.900000,8.500000,6.400000,6.500000,6.600000,8.000000,8.300000,8.200000,9.000000,8.700000,7.900000,https://fragilestatesindex.org/excel/ (archived in MainCode/fsi-2019.xlsx),thesis_archived_workbook
Ethiopia,2020,21.000000,94.595776,7.900000,8.900000,9.000000,6.100000,6.200000,6.300000,8.500000,8.295776,7.900000,9.100000,8.800000,7.600000,https://fragilestatesindex.org/excel/ (archived in MainCode/fsi-2020.xlsx),thesis_archived_workbook
Ethiopia,2021,11.000000,99.000000,8.400000,9.200000,9.500000,5.900000,6.700000,6.600000,8.800000,8.900000,8.400000,9.400000,9.100000,8.100000,https://fragilestatesindex.org/wp-content/uploads/2021/05/fsi-2021.xlsx,publisher_workbook
Ethiopia,2022,13.000000,99.300000,8.500000,9.200000,9.200000,6.000000,7.000000,6.300000,8.500000,8.600000,8.700000,9.700000,9.200000,8.400000,https://fragilestatesindex.org/wp-content/uploads/2022/07/fsi-2022-download.xlsx,publisher_workbook
Ethiopia,2023,11.000000,100.400000,8.600000,9.300000,8.900000,6.800000,7.500000,6.200000,8.200000,8.700000,8.800000,9.800000,9.500000,8.100000,https://fragilestatesindex.org/wp-content/uploads/2023/06/FSI-2023-DOWNLOAD.xlsx,publisher_workbook
Fiji,2007,89.000000,75.700000,7.000000,8.200000,7.500000,5.900000,7.500000,5.400000,9.000000,4.100000,5.900000,5.900000,4.000000,5.300000,https://fragilestatesindex.org/excel/ (archived in MainCode/fsi-2007.xlsx),thesis_archived_workbook
Fiji,2008,87.000000,76.600000,7.000000,8.200000,7.500000,5.900000,7.500000,6.000000,8.700000,4.400000,5.900000,5.900000,4.000000,5.600000,https://fragilestatesindex.org/excel/ (archived in MainCode/fsi-2008.xlsx),thesis_archived_workbook
Fiji,2009,81.000000,78.800000,6.700000,8.200000,7.300000,6.300000,7.700000,6.500000,8.600000,5.000000,6.100000,6.100000,4.300000,6.000000,https://fragilestatesindex.org/excel/ (archived in MainCode/fsi-2009.xlsx),thesis_archived_workbook
Fiji,2010,74.000000,80.500000,6.800000,8.200000,7.400000,6.700000,7.500000,6.600000,8.900000,5.500000,6.700000,5.900000,4.200000,6.100000,https://fragilestatesindex.org/excel/ (archived in MainCode/fsi-2010.xlsx),thesis_archived_workbook
Fiji,2011,68.000000,81.100000,7.000000,7.900000,7.600000,7.000000,7.700000,6.900000,8.600000,5.500000,6.500000,5.900000,3.900000,6.600000,https://fragilestatesindex.org/excel/ (archived in MainCode/fsi-2011.xlsx),thesis_archived_workbook
Fiji,2012,65.000000,80.500000,7.000000,7.900000,7.600000,7.000000,7.700000,7.300000,8.800000,5.200000,7.000000,5.100000,3.300000,6.600000,https://fragilestatesindex.org/excel/ (archived in MainCode/fsi-2012.xlsx),thesis_archived_workbook
Fiji,2013,67.000000,80.800000,7.000000,7.900000,7.300000,7.300000,7.400000,7.000000,8.800000,4.900000,7.300000,5.200000,3.800000,6.900000,https://fragilestatesindex.org/excel/ (archived in MainCode/fsi-2013.xlsx),thesis_archived_workbook
Fiji,2014,68.000000,79.000000,7.000000,7.900000,7.300000,7.000000,7.100000,7.300000,7.800000,4.800000,7.200000,5.000000,3.700000,6.900000,https://fragilestatesindex.org/excel/ (archived in MainCode/fsi-2014.xlsx),thesis_archived_workbook
Fiji,2015,82.000000,76.700000,6.700000,7.900000,7.000000,6.700000,6.800000,7.600000,7.400000,4.500000,6.900000,4.700000,3.400000,7.200000,https://fragilestatesindex.org/excel/ (archived in MainCode/fsi-2015.xlsx),thesis_archived_workbook
Fiji,2016,82.000000,76.200000,6.800000,7.900000,7.100000,6.700000,6.500000,7.900000,7.100000,4.500000,6.600000,4.400000,3.300000,7.400000,https://fragilestatesindex.org/excel/ (archived in MainCode/fsi-2016.xlsx),thesis_archived_workbook
Fiji,2017,76.000000,76.900000,7.100000,7.900000,6.900000,6.500000,6.300000,8.200000,6.900000,5.000000,6.900000,4.900000,3.100000,7.200000,https://fragilestatesindex.org/excel/ (archived in MainCode/fsi-2017.xlsx),thesis_archived_workbook
Fiji,2018,79.000000,74.518221,7.100000,7.900000,6.600000,6.235548,6.000000,8.500000,6.600000,4.700000,6.600000,4.400000,2.982673,6.900000,https://fragilestatesindex.org/excel/ (archived in MainCode/fsi-2018.xlsx),thesis_archived_workbook
Fiji,2019,84.000000,71.700000,6.800000,7.900000,6.300000,5.900000,5.700000,8.200000,6.300000,4.400000,6.300000,4.100000,2.700000,7.100000,https://fragilestatesindex.org/excel/ (archived in MainCode/fsi-2019.xlsx),thesis_archived_workbook
Fiji,2020,86.000000,69.852122,6.800000,7.900000,6.000000,5.600000,5.400000,7.900000,6.000000,4.100000,6.000000,4.076568,2.900000,7.175554,https://fragilestatesindex.org/excel/ (archived in MainCode/fsi-2020.xlsx),thesis_archived_workbook
Fiji,2021,88.000000,70.400000,6.500000,7.900000,5.700000,7.700000,5.100000,7.600000,5.700000,4.400000,5.700000,4.100000,2.800000,7.200000,https://fragilestatesindex.org/wp-content/uploads/2021/05/fsi-2021.xlsx,publisher_workbook
Fiji,2022,90.000000,68.900000,6.200000,7.900000,5.400000,7.800000,5.000000,7.500000,5.800000,4.200000,5.400000,4.100000,2.700000,6.900000,https://fragilestatesindex.org/wp-content/uploads/2022/07/fsi-2022-download.xlsx,publisher_workbook
Fiji,2023,82.000000,70.200000,6.400000,8.200000,5.400000,7.500000,5.000000,7.600000,6.100000,4.200000,5.400000,4.600000,3.200000,6.600000,https://fragilestatesindex.org/wp-content/uploads/2023/06/FSI-2023-DOWNLOAD.xlsx,publisher_workbook
Finland,2006,144.000000,18.200000,1.000000,1.000000,1.000000,2.200000,2.000000,2.000000,1.000000,1.000000,1.500000,3.000000,1.500000,1.000000,https://fragilestatesindex.org/excel/ (archived in MainCode/fsi-2006.xlsx),thesis_archived_workbook
Finland,2007,175.000000,18.500000,0.900000,0.700000,1.000000,2.200000,1.900000,2.100000,0.900000,1.200000,1.500000,2.500000,1.600000,2.000000,https://fragilestatesindex.org/excel/ (archived in MainCode/fsi-2007.xlsx),thesis_archived_workbook
Finland,2008,176.000000,18.400000,0.900000,0.700000,1.000000,2.000000,1.900000,2.100000,0.900000,1.200000,1.500000,2.600000,1.600000,2.000000,https://fragilestatesindex.org/excel/ (archived in MainCode/fsi-2008.xlsx),thesis_archived_workbook
Finland,2009,176.000000,19.200000,0.900000,0.900000,1.200000,2.400000,1.900000,2.100000,0.900000,1.100000,1.700000,2.500000,1.600000,2.000000,https://fragilestatesindex.org/excel/ (archived in MainCode/fsi-2009.xlsx),thesis_archived_workbook
Finland,2010,176.000000,19.300000,1.000000,1.000000,1.200000,3.000000,1.700000,2.200000,0.700000,1.200000,1.500000,2.300000,1.700000,1.800000,https://fragilestatesindex.org/excel/ (archived in MainCode/fsi-2010.xlsx),thesis_archived_workbook
Finland,2011,177.000000,19.700000,1.000000,1.200000,1.700000,2.800000,1.300000,2.500000,1.000000,1.500000,1.100000,2.000000,2.100000,1.500000,https://fragilestatesindex.org/excel/ (archived in MainCode/fsi-2011.xlsx),thesis_archived_workbook
Finland,2012,177.000000,20.000000,1.300000,1.200000,1.400000,2.900000,1.300000,2.600000,0.800000,1.800000,1.400000,2.200000,1.900000,1.200000,https://fragilestatesindex.org/excel/ (archived in MainCode/fsi-2012.xlsx),thesis_archived_workbook
Finland,2013,178.000000,18.000000,1.000000,1.100000,1.400000,3.200000,1.000000,2.300000,1.000000,1.500000,1.100000,1.900000,1.600000,1.000000,https://fragilestatesindex.org/excel/ (archived in MainCode/fsi-2013.xlsx),thesis_archived_workbook
Finland,2014,178.000000,18.700000,1.300000,1.100000,1.300000,3.500000,1.300000,2.200000,0.800000,1.400000,1.200000,1.800000,1.500000,1.300000,https://fragilestatesindex.org/excel/ (archived in MainCode/fsi-2014.xlsx),thesis_archived_workbook
Finland,2015,178.000000,17.700000,1.400000,1.100000,1.600000,3.800000,1.000000,2.300000,0.500000,1.200000,0.900000,1.500000,1.500000,1.000000,https://fragilestatesindex.org/excel/ (archived in MainCode/fsi-2015.xlsx),thesis_archived_workbook
Finland,2016,178.000000,18.800000,1.400000,1.100000,2.000000,3.700000,1.200000,2.000000,0.600000,1.000000,1.000000,1.300000,2.500000,1.000000,https://fragilestatesindex.org/excel/ (archived in MainCode/fsi-2016.xlsx),thesis_archived_workbook
Finland,2017,178.000000,18.700000,1.700000,1.100000,1.800000,3.500000,1.000000,2.300000,0.900000,1.000000,1.000000,1.100000,2.300000,1.000000,https://fragilestatesindex.org/excel/ (archived in MainCode/fsi-2017.xlsx),thesis_archived_workbook
Finland,2018,178.000000,17.934252,2.200000,1.400000,1.500000,3.200000,0.700000,2.341068,0.900000,0.700000,0.700000,1.100000,2.193184,1.000000,https://fragilestatesindex.org/excel/ (archived in MainCode/fsi-2018.xlsx),thesis_archived_workbook
Finland,2019,178.000000,16.900000,2.500000,1.400000,1.200000,2.900000,0.700000,2.000000,0.900000,0.700000,0.700000,1.000000,1.900000,1.000000,https://fragilestatesindex.org/excel/ (archived in MainCode/fsi-2019.xlsx),thesis_archived_workbook
Finland,2020,178.000000,14.626666,2.800000,1.400000,0.900000,2.600000,0.500000,1.700000,0.600000,0.626666,0.500000,0.700000,1.600000,0.700000,https://fragilestatesindex.org/excel/ (archived in MainCode/fsi-2020.xlsx),thesis_archived_workbook
Finland,2021,179.000000,16.200000,2.500000,1.400000,0.600000,2.900000,1.000000,1.500000,0.500000,1.600000,0.500000,1.700000,1.500000,0.500000,https://fragilestatesindex.org/wp-content/uploads/2021/05/fsi-2021.xlsx,publisher_workbook
Finland,2022,179.000000,15.100000,2.200000,1.400000,0.300000,2.600000,1.300000,1.500000,0.300000,1.300000,0.300000,2.000000,1.600000,0.300000,https://fragilestatesindex.org/wp-content/uploads/2022/07/fsi-2022-download.xlsx,publisher_workbook
Finland,2023,177.000000,16.000000,2.000000,1.400000,0.300000,2.700000,1.600000,1.500000,0.400000,1.000000,0.500000,1.700000,1.900000,1.000000,https://fragilestatesindex.org/wp-content/uploads/2023/06/FSI-2023-DOWNLOAD.xlsx,publisher_workbook
France,2006,129.000000,34.300000,1.000000,1.800000,6.000000,3.000000,5.000000,2.000000,1.500000,1.000000,3.200000,4.000000,3.800000,2.000000,https://fragilestatesindex.org/excel/ (archived in MainCode/fsi-2006.xlsx),thesis_archived_workbook
France,2007,156.000000,34.100000,1.000000,1.800000,5.800000,2.900000,4.800000,2.000000,1.500000,1.400000,3.200000,4.100000,3.600000,2.000000,https://fragilestatesindex.org/excel/ (archived in MainCode/fsi-2007.xlsx),thesis_archived_workbook
France,2008,158.000000,34.800000,1.000000,1.800000,6.000000,3.000000,5.500000,2.000000,1.700000,1.400000,3.200000,4.100000,3.100000,2.000000,https://fragilestatesindex.org/excel/ (archived in MainCode/fsi-2008.xlsx),thesis_archived_workbook
France,2009,158.000000,35.300000,1.200000,2.000000,5.800000,3.300000,5.500000,2.000000,1.800000,1.500000,2.900000,3.900000,3.000000,2.400000,https://fragilestatesindex.org/excel/ (archived in MainCode/fsi-2009.xlsx),thesis_archived_workbook
France,2010,159.000000,34.900000,1.600000,2.000000,5.600000,3.600000,5.300000,1.800000,1.800000,1.500000,2.700000,3.700000,3.100000,2.200000,https://fragilestatesindex.org/excel/ (archived in MainCode/fsi-2010.xlsx),thesis_archived_workbook
France,2011,161.000000,34.000000,1.900000,1.900000,5.900000,3.500000,4.900000,1.800000,1.600000,1.900000,2.500000,3.300000,2.800000,2.000000,https://fragilestatesindex.org/excel/ (archived in MainCode/fsi-2011.xlsx),thesis_archived_workbook
France,2012,162.000000,33.600000,2.200000,1.900000,5.600000,3.900000,4.600000,1.800000,1.900000,1.800000,2.700000,3.000000,2.500000,1.700000,https://fragilestatesindex.org/excel/ (archived in MainCode/fsi-2012.xlsx),thesis_archived_workbook
France,2013,161.000000,32.600000,2.300000,1.900000,5.900000,4.000000,4.300000,1.900000,2.200000,1.500000,2.400000,2.700000,2.200000,1.400000,https://fragilestatesindex.org/excel/ (archived in MainCode/fsi-2013.xlsx),thesis_archived_workbook
France,2014,160.000000,34.800000,2.600000,1.900000,6.400000,4.500000,4.000000,2.200000,2.100000,1.800000,2.200000,3.000000,2.500000,1.600000,https://fragilestatesindex.org/excel/ (archived in MainCode/fsi-2014.xlsx),thesis_archived_workbook
France,2015,160.000000,33.700000,2.300000,1.900000,6.800000,4.800000,3.700000,2.200000,1.800000,1.500000,2.300000,2.800000,2.200000,1.400000,https://fragilestatesindex.org/excel/ (archived in MainCode/fsi-2015.xlsx),thesis_archived_workbook
France,2016,158.000000,34.500000,3.000000,1.900000,7.000000,4.500000,3.400000,1.900000,1.500000,1.300000,2.300000,3.000000,2.700000,2.000000,https://fragilestatesindex.org/excel/ (archived in MainCode/fsi-2016.xlsx),thesis_archived_workbook
France,2017,159.000000,33.500000,3.300000,1.900000,7.000000,4.300000,3.200000,2.200000,1.300000,1.100000,2.100000,2.800000,2.500000,1.800000,https://fragilestatesindex.org/excel/ (archived in MainCode/fsi-2017.xlsx),thesis_archived_workbook
France,2018,160.000000,32.227011,3.200000,1.900000,7.000000,4.000000,2.900000,2.457740,0.970850,1.131301,1.888420,2.500000,2.478700,1.800000,https://fragilestatesindex.org/excel/ (archived in MainCode/fsi-2018.xlsx),thesis_archived_workbook
France,2019,160.000000,32.000000,3.500000,1.900000,7.000000,3.700000,3.400000,2.300000,1.500000,1.200000,1.600000,2.200000,2.200000,1.500000,https://fragilestatesindex.org/excel/ (archived in MainCode/fsi-2019.xlsx),thesis_archived_workbook
France,2020,160.000000,30.481111,3.800000,1.900000,6.700000,3.400000,3.100000,2.165042,1.200000,1.295474,1.320595,1.900000,2.500000,1.200000,https://fragilestatesindex.org/excel/ (archived in MainCode/fsi-2020.xlsx),thesis_archived_workbook
France,2021,159.000000,32.500000,3.500000,1.900000,6.400000,4.200000,3.000000,2.100000,0.900000,1.800000,1.200000,3.900000,2.700000,0.900000,https://fragilestatesindex.org/wp-content/uploads/2021/05/fsi-2021.xlsx,publisher_workbook
France,2022,162.000000,30.900000,3.200000,1.900000,6.700000,3.700000,2.900000,2.100000,1.100000,1.500000,1.100000,3.400000,2.700000,0.600000,https://fragilestatesindex.org/wp-content/uploads/2022/07/fsi-2022-download.xlsx,publisher_workbook
France,2023,162.000000,28.800000,2.900000,1.900000,6.400000,3.400000,2.900000,2.000000,1.000000,1.200000,1.100000,3.100000,2.400000,0.500000,https://fragilestatesindex.org/wp-content/uploads/2023/06/FSI-2023-DOWNLOAD.xlsx,publisher_workbook
Gabon,2006,84.000000,73.600000,5.500000,7.500000,3.000000,5.000000,7.900000,6.000000,7.900000,7.500000,6.200000,6.000000,5.400000,5.700000,https://fragilestatesindex.org/excel/ (archived in MainCode/fsi-2006.xlsx),thesis_archived_workbook
Gabon,2007,98.000000,73.300000,5.300000,7.200000,3.000000,4.900000,7.800000,6.000000,7.300000,7.000000,6.700000,6.600000,5.700000,5.800000,https://fragilestatesindex.org/excel/ (archived in MainCode/fsi-2007.xlsx),thesis_archived_workbook
Gabon,2008,93.000000,75.000000,5.600000,7.200000,3.000000,5.200000,8.100000,6.000000,7.500000,7.000000,6.500000,6.900000,6.200000,5.800000,https://fragilestatesindex.org/excel/ (archived in MainCode/fsi-2008.xlsx),thesis_archived_workbook
Gabon,2009,99.000000,74.400000,5.900000,7.200000,3.000000,5.500000,7.800000,6.000000,7.300000,6.800000,6.300000,7.200000,5.700000,5.700000,https://fragilestatesindex.org/excel/ (archived in MainCode/fsi-2009.xlsx),thesis_archived_workbook
Gabon,2010,98.000000,75.300000,5.700000,7.200000,3.000000,5.900000,7.900000,6.400000,7.800000,6.600000,6.400000,7.000000,5.900000,5.500000,https://fragilestatesindex.org/excel/ (archived in MainCode/fsi-2010.xlsx),thesis_archived_workbook
Gabon,2011,92.000000,75.300000,5.700000,7.100000,3.300000,5.500000,7.900000,6.100000,7.500000,6.700000,6.700000,6.800000,6.200000,5.800000,https://fragilestatesindex.org/excel/ (archived in MainCode/fsi-2011.xlsx),thesis_archived_workbook
Gabon,2012,92.000000,74.600000,5.700000,7.100000,3.300000,5.700000,7.600000,5.800000,7.800000,6.900000,6.800000,6.500000,5.900000,5.500000,https://fragilestatesindex.org/excel/ (archived in MainCode/fsi-2012.xlsx),thesis_archived_workbook
Gabon,2013,99.000000,72.900000,5.400000,7.100000,3.300000,5.200000,7.300000,5.500000,7.600000,7.000000,6.800000,6.800000,5.600000,5.400000,https://fragilestatesindex.org/excel/ (archived in MainCode/fsi-2013.xlsx),thesis_archived_workbook
Gabon,2014,99.000000,72.200000,5.100000,7.100000,3.600000,5.100000,7.000000,5.500000,7.700000,7.100000,6.600000,6.900000,5.300000,5.200000,https://fragilestatesindex.org/excel/ (archived in MainCode/fsi-2014.xlsx),thesis_archived_workbook
Gabon,2015,104.000000,71.200000,5.000000,7.100000,3.700000,4.800000,6.900000,5.500000,7.400000,6.800000,6.900000,7.100000,5.000000,5.100000,https://fragilestatesindex.org/excel/ (archived in MainCode/fsi-2015.xlsx),thesis_archived_workbook
Gabon,2016,98.000000,72.000000,4.700000,7.100000,4.000000,5.000000,6.700000,5.800000,7.700000,6.900000,7.200000,6.800000,4.700000,5.400000,https://fragilestatesindex.org/excel/ (archived in MainCode/fsi-2016.xlsx),thesis_archived_workbook
Gabon,2017,91.000000,73.800000,5.200000,7.400000,3.800000,5.500000,6.500000,6.100000,8.200000,6.700000,7.500000,6.700000,4.500000,5.700000,https://fragilestatesindex.org/excel/ (archived in MainCode/fsi-2017.xlsx),thesis_archived_workbook
Gabon,2018,88.000000,72.476283,4.700000,7.900000,3.500000,5.800000,6.200000,6.099882,7.900000,6.609429,7.529931,6.637041,4.200000,5.400000,https://fragilestatesindex.org/excel/ (archived in MainCode/fsi-2018.xlsx),thesis_archived_workbook
Gabon,2019,92.000000,70.500000,4.800000,7.900000,3.200000,5.800000,5.900000,5.800000,7.800000,6.300000,7.400000,6.500000,3.900000,5.100000,https://fragilestatesindex.org/excel/ (archived in MainCode/fsi-2019.xlsx),thesis_archived_workbook
Gabon,2020,90.000000,69.087001,5.100000,8.295000,2.900000,5.692869,5.600000,5.500000,7.826538,6.000000,7.218924,6.553671,3.600000,4.800000,https://fragilestatesindex.org/excel/ (archived in MainCode/fsi-2020.xlsx),thesis_archived_workbook
Gabon,2021,101.000000,67.400000,4.800000,8.000000,2.600000,5.900000,5.700000,5.200000,7.500000,6.500000,6.700000,6.700000,3.300000,4.500000,https://fragilestatesindex.org/wp-content/uploads/2021/05/fsi-2021.xlsx,publisher_workbook
Gabon,2022,99.000000,66.700000,4.500000,7.700000,2.900000,5.900000,5.700000,5.100000,7.800000,6.700000,6.400000,6.700000,3.100000,4.200000,https://fragilestatesindex.org/wp-content/uploads/2022/07/fsi-2022-download.xlsx,publisher_workbook
Gabon,2023,99.000000,65.500000,4.200000,7.700000,3.100000,5.900000,5.800000,4.600000,8.100000,6.800000,6.100000,6.700000,2.600000,3.900000,https://fragilestatesindex.org/wp-content/uploads/2023/06/FSI-2023-DOWNLOAD.xlsx,publisher_workbook
Gambia,2006,83.000000,74.000000,5.500000,5.800000,4.000000,8.100000,7.000000,6.000000,7.500000,6.500000,6.600000,6.000000,5.000000,6.000000,https://fragilestatesindex.org/excel/ (archived in MainCode/fsi-2006.xlsx),thesis_archived_workbook
Gambia,2007,85.000000,76.000000,5.800000,5.900000,4.200000,8.000000,7.000000,6.000000,7.900000,6.600000,6.800000,6.400000,5.200000,6.200000,https://fragilestatesindex.org/excel/ (archived in MainCode/fsi-2007.xlsx),thesis_archived_workbook
Gambia,2008,83.000000,76.900000,5.800000,5.900000,4.200000,7.500000,7.000000,6.000000,7.900000,6.600000,6.800000,6.900000,5.800000,6.500000,https://fragilestatesindex.org/excel/ (archived in MainCode/fsi-2008.xlsx),thesis_archived_workbook
Gambia,2009,80.000000,79.000000,6.000000,6.200000,4.400000,7.400000,7.000000,6.400000,7.800000,7.100000,6.900000,7.200000,5.700000,6.900000,https://fragilestatesindex.org/excel/ (archived in MainCode/fsi-2009.xlsx),thesis_archived_workbook
Gambia,2010,75.000000,80.200000,5.800000,6.200000,4.600000,7.500000,6.800000,6.200000,7.600000,7.200000,7.400000,7.600000,6.000000,7.300000,https://fragilestatesindex.org/excel/ (archived in MainCode/fsi-2010.xlsx),thesis_archived_workbook
Gambia,2011,69.000000,80.900000,6.100000,6.800000,4.000000,7.100000,6.600000,6.500000,7.500000,7.000000,7.500000,7.900000,6.400000,7.500000,https://fragilestatesindex.org/excel/ (archived in MainCode/fsi-2011.xlsx),thesis_archived_workbook
Gambia,2012,63.000000,80.600000,5.800000,6.800000,3.700000,7.400000,6.500000,6.800000,7.800000,7.200000,7.500000,7.800000,6.100000,7.200000,https://fragilestatesindex.org/excel/ (archived in MainCode/fsi-2012.xlsx),thesis_archived_workbook
Gambia,2013,62.000000,81.800000,5.500000,6.800000,3.700000,7.800000,6.800000,7.100000,7.600000,7.500000,8.000000,7.700000,6.400000,6.900000,https://fragilestatesindex.org/excel/ (archived in MainCode/fsi-2013.xlsx),thesis_archived_workbook
Gambia,2014,59.000000,83.100000,5.200000,6.800000,3.700000,7.500000,7.100000,7.400000,7.500000,7.800000,8.300000,7.900000,6.700000,7.200000,https://fragilestatesindex.org/excel/ (archived in MainCode/fsi-2014.xlsx),thesis_archived_workbook
Gambia,2015,51.000000,85.400000,6.000000,6.800000,3.700000,7.800000,7.200000,7.700000,7.800000,7.700000,8.600000,8.200000,6.400000,7.500000,https://fragilestatesindex.org/excel/ (archived in MainCode/fsi-2015.xlsx),thesis_archived_workbook
Gambia,2016,48.000000,86.800000,6.000000,6.800000,3.400000,8.100000,6.900000,8.400000,8.100000,8.000000,8.900000,8.500000,6.500000,7.200000,https://fragilestatesindex.org/excel/ (archived in MainCode/fsi-2016.xlsx),thesis_archived_workbook
Gambia,2017,37.000000,89.400000,6.300000,7.800000,3.800000,8.400000,6.900000,8.300000,8.600000,7.800000,9.400000,8.300000,6.800000,7.000000,https://fragilestatesindex.org/excel/ (archived in MainCode/fsi-2017.xlsx),thesis_archived_workbook
Gambia,2018,42.000000,87.064185,6.600000,7.700000,3.500000,8.700000,6.600000,8.200000,8.300000,7.500000,8.900000,8.064185,6.300000,6.700000,https://fragilestatesindex.org/excel/ (archived in MainCode/fsi-2018.xlsx),thesis_archived_workbook
Gambia,2019,47.000000,83.900000,6.300000,7.700000,3.200000,8.400000,6.300000,7.900000,7.800000,7.300000,8.400000,8.200000,6.000000,6.400000,https://fragilestatesindex.org/excel/ (archived in MainCode/fsi-2019.xlsx),thesis_archived_workbook
Gambia,2020,51.000000,82.214640,6.000000,7.700000,2.900000,8.100000,6.000000,7.600000,7.500000,7.215578,8.100000,8.401335,6.300000,6.397727,https://fragilestatesindex.org/excel/ (archived in MainCode/fsi-2020.xlsx),thesis_archived_workbook
Gambia,2021,55.000000,80.500000,5.700000,7.700000,2.600000,8.200000,5.900000,7.300000,7.200000,7.600000,7.800000,8.400000,6.000000,6.100000,https://fragilestatesindex.org/wp-content/uploads/2021/05/fsi-2021.xlsx,publisher_workbook
Gambia,2022,59.000000,78.600000,5.400000,7.700000,2.700000,7.900000,5.800000,7.200000,6.900000,7.700000,7.300000,8.500000,5.700000,5.800000,https://fragilestatesindex.org/wp-content/uploads/2022/07/fsi-2022-download.xlsx,publisher_workbook
Gambia,2023,67.000000,76.100000,5.100000,7.400000,2.800000,7.600000,5.900000,6.900000,6.400000,7.600000,6.900000,8.200000,5.800000,5.500000,https://fragilestatesindex.org/wp-content/uploads/2023/06/FSI-2023-DOWNLOAD.xlsx,publisher_workbook
Georgia,2006,60.000000,82.200000,8.100000,7.100000,7.400000,5.500000,7.000000,6.100000,7.700000,6.300000,5.600000,6.000000,6.800000,8.600000,https://fragilestatesindex.org/excel/ (archived in MainCode/fsi-2006.xlsx),thesis_archived_workbook
Georgia,2007,58.000000,82.300000,7.800000,7.800000,7.600000,5.700000,7.000000,5.700000,7.900000,6.100000,5.400000,6.300000,6.800000,8.200000,https://fragilestatesindex.org/excel/ (archived in MainCode/fsi-2007.xlsx),thesis_archived_workbook
Georgia,2008,56.000000,83.800000,7.700000,8.300000,8.100000,5.400000,6.900000,5.700000,8.400000,5.900000,5.900000,6.300000,6.800000,8.400000,https://fragilestatesindex.org/excel/ (archived in MainCode/fsi-2008.xlsx),thesis_archived_workbook
Georgia,2009,33.000000,91.800000,7.900000,8.900000,8.500000,6.000000,7.500000,6.000000,9.000000,6.300000,7.500000,6.400000,8.300000,9.500000,https://fragilestatesindex.org/excel/ (archived in MainCode/fsi-2009.xlsx),thesis_archived_workbook
Georgia,2010,37.000000,90.400000,8.000000,9.100000,8.400000,6.500000,7.200000,5.800000,9.000000,6.400000,7.300000,6.200000,7.800000,8.700000,https://fragilestatesindex.org/excel/ (archived in MainCode/fsi-2010.xlsx),thesis_archived_workbook
Georgia,2011,47.000000,86.400000,7.900000,9.000000,8.000000,6.000000,6.900000,5.500000,8.400000,6.000000,6.900000,5.800000,7.500000,8.500000,https://fragilestatesindex.org/excel/ (archived in MainCode/fsi-2011.xlsx),thesis_archived_workbook
Georgia,2012,51.000000,84.800000,7.600000,9.100000,8.300000,6.300000,6.600000,5.200000,8.500000,5.700000,6.700000,5.500000,7.200000,8.200000,https://fragilestatesindex.org/excel/ (archived in MainCode/fsi-2012.xlsx),thesis_archived_workbook
Georgia,2013,55.000000,84.200000,7.900000,9.400000,8.000000,6.400000,6.300000,5.200000,8.600000,5.400000,6.400000,5.200000,7.500000,7.900000,https://fragilestatesindex.org/excel/ (archived in MainCode/fsi-2013.xlsx),thesis_archived_workbook
Georgia,2014,63.000000,82.700000,7.600000,9.500000,8.000000,6.300000,6.200000,5.500000,8.700000,5.100000,6.100000,4.900000,7.200000,7.600000,https://fragilestatesindex.org/excel/ (archived in MainCode/fsi-2014.xlsx),thesis_archived_workbook
Georgia,2015,70.000000,79.200000,7.300000,9.100000,7.800000,5.800000,5.900000,5.400000,8.800000,4.800000,5.800000,3.900000,7.400000,7.300000,https://fragilestatesindex.org/excel/ (archived in MainCode/fsi-2015.xlsx),thesis_archived_workbook
Georgia,2016,72.000000,78.900000,7.000000,9.100000,8.100000,5.600000,5.700000,5.100000,8.500000,4.500000,5.800000,4.200000,7.700000,7.600000,https://fragilestatesindex.org/excel/ (archived in MainCode/fsi-2016.xlsx),thesis_archived_workbook
Georgia,2017,79.000000,76.500000,6.800000,9.100000,7.900000,5.500000,5.500000,4.900000,8.300000,4.300000,5.600000,3.700000,7.500000,7.400000,https://fragilestatesindex.org/excel/ (archived in MainCode/fsi-2017.xlsx),thesis_archived_workbook
Georgia,2018,83.000000,74.000039,6.500000,9.100000,7.600000,5.800000,5.200000,4.600000,8.000000,4.000000,5.300000,3.400000,7.200000,7.300039,https://fragilestatesindex.org/excel/ (archived in MainCode/fsi-2018.xlsx),thesis_archived_workbook
Georgia,2019,81.000000,72.000000,6.200000,9.100000,7.300000,5.600000,4.900000,4.900000,8.100000,3.700000,5.000000,3.100000,6.900000,7.200000,https://fragilestatesindex.org/excel/ (archived in MainCode/fsi-2019.xlsx),thesis_archived_workbook
Georgia,2020,80.000000,71.152295,5.900000,9.100000,7.600000,5.300000,4.600000,5.200000,8.500000,3.400000,5.100000,2.952295,6.600000,6.900000,https://fragilestatesindex.org/excel/ (archived in MainCode/fsi-2020.xlsx),thesis_archived_workbook
Georgia,2021,79.000000,72.600000,5.600000,9.100000,7.300000,5.700000,4.400000,5.500000,8.200000,4.400000,4.800000,4.500000,6.300000,6.800000,https://fragilestatesindex.org/wp-content/uploads/2021/05/fsi-2021.xlsx,publisher_workbook
Georgia,2022,80.000000,71.800000,5.300000,9.100000,7.000000,5.500000,4.300000,5.800000,8.300000,4.100000,4.900000,5.000000,6.000000,6.500000,https://fragilestatesindex.org/wp-content/uploads/2022/07/fsi-2022-download.xlsx,publisher_workbook
Georgia,2023,79.000000,71.900000,5.000000,8.800000,7.100000,5.300000,4.400000,6.500000,8.000000,3.800000,5.000000,4.700000,6.500000,6.800000,https://fragilestatesindex.org/wp-content/uploads/2023/06/FSI-2023-DOWNLOAD.xlsx,publisher_workbook
Germany,2006,124.000000,39.700000,2.500000,1.800000,4.900000,3.200000,6.200000,3.000000,2.300000,1.800000,2.900000,4.000000,5.000000,2.100000,https://fragilestatesindex.org/excel/ (archived in MainCode/fsi-2006.xlsx),thesis_archived_workbook
Germany,2007,153.000000,38.400000,2.500000,1.800000,4.900000,3.000000,5.500000,3.000000,2.300000,1.700000,2.900000,3.900000,4.800000,2.100000,https://fragilestatesindex.org/excel/ (archived in MainCode/fsi-2007.xlsx),thesis_archived_workbook
Germany,2008,155.000000,37.300000,2.500000,1.800000,4.900000,2.800000,5.300000,2.800000,2.300000,1.900000,2.700000,3.900000,4.300000,2.100000,https://fragilestatesindex.org/excel/ (archived in MainCode/fsi-2008.xlsx),thesis_archived_workbook
Germany,2009,157.000000,36.200000,2.100000,1.800000,4.900000,3.200000,4.900000,2.800000,2.300000,1.900000,2.500000,3.500000,3.900000,2.400000,https://fragilestatesindex.org/excel/ (archived in MainCode/fsi-2009.xlsx),thesis_archived_workbook
Germany,2010,157.000000,35.400000,2.200000,2.000000,4.700000,3.600000,4.700000,2.600000,2.100000,1.700000,2.300000,3.300000,4.000000,2.200000,https://fragilestatesindex.org/excel/ (archived in MainCode/fsi-2010.xlsx),thesis_archived_workbook
Germany,2011,162.000000,33.900000,2.200000,2.100000,4.700000,2.900000,4.400000,2.600000,1.900000,2.000000,2.000000,2.900000,4.200000,2.000000,https://fragilestatesindex.org/excel/ (archived in MainCode/fsi-2011.xlsx),thesis_archived_workbook
Germany,2012,164.000000,31.700000,2.500000,2.100000,4.400000,2.600000,4.100000,2.500000,1.700000,1.800000,2.000000,2.500000,3.900000,1.700000,https://fragilestatesindex.org/excel/ (archived in MainCode/fsi-2012.xlsx),thesis_archived_workbook
Germany,2013,165.000000,29.700000,2.200000,2.000000,4.300000,2.600000,3.900000,2.200000,1.400000,1.800000,1.900000,2.400000,3.600000,1.400000,https://fragilestatesindex.org/excel/ (archived in MainCode/fsi-2013.xlsx),thesis_archived_workbook
Germany,2014,165.000000,30.600000,2.400000,2.000000,4.300000,2.900000,3.600000,2.400000,1.500000,1.900000,1.800000,2.900000,3.300000,1.600000,https://fragilestatesindex.org/excel/ (archived in MainCode/fsi-2014.xlsx),thesis_archived_workbook
Germany,2015,165.000000,28.100000,2.100000,2.000000,4.600000,2.900000,3.300000,2.100000,1.200000,1.600000,1.500000,2.500000,3.000000,1.300000,https://fragilestatesindex.org/excel/ (archived in MainCode/fsi-2015.xlsx),thesis_archived_workbook
Germany,2016,165.000000,28.600000,1.800000,2.300000,4.800000,2.400000,3.000000,1.800000,1.000000,1.300000,1.300000,2.200000,5.700000,1.000000,https://fragilestatesindex.org/excel/ (archived in MainCode/fsi-2016.xlsx),thesis_archived_workbook
Germany,2017,165.000000,28.100000,2.100000,2.300000,5.000000,2.200000,2.800000,2.100000,1.000000,1.100000,1.100000,2.000000,5.400000,1.000000,https://fragilestatesindex.org/excel/ (archived in MainCode/fsi-2017.xlsx),thesis_archived_workbook
Germany,2018,167.000000,25.833372,2.000000,2.600000,4.900000,1.900000,2.700000,2.031168,0.700000,0.902204,0.800000,1.700000,4.900000,0.700000,https://fragilestatesindex.org/excel/ (archived in MainCode/fsi-2018.xlsx),thesis_archived_workbook
Germany,2019,167.000000,24.700000,2.300000,2.600000,4.600000,1.600000,2.400000,2.100000,0.700000,0.900000,0.800000,1.400000,4.600000,0.700000,https://fragilestatesindex.org/excel/ (archived in MainCode/fsi-2019.xlsx),thesis_archived_workbook
Germany,2020,166.000000,23.188489,2.600000,2.600000,4.300000,1.300000,2.100000,2.074392,0.500000,0.968940,0.845156,1.100000,4.300000,0.500000,https://fragilestatesindex.org/excel/ (archived in MainCode/fsi-2020.xlsx),thesis_archived_workbook
Germany,2021,167.000000,24.800000,2.300000,2.300000,4.000000,1.800000,2.500000,2.000000,0.500000,2.000000,0.800000,2.100000,4.000000,0.500000,https://fragilestatesindex.org/wp-content/uploads/2021/05/fsi-2021.xlsx,publisher_workbook
Germany,2022,167.000000,23.600000,2.000000,2.300000,3.700000,1.500000,2.400000,1.900000,0.400000,1.700000,0.800000,2.600000,4.000000,0.300000,https://fragilestatesindex.org/wp-content/uploads/2022/07/fsi-2022-download.xlsx,publisher_workbook
Germany,2023,166.000000,24.600000,2.300000,2.300000,3.400000,1.500000,2.700000,1.900000,0.700000,1.500000,0.700000,2.300000,4.500000,0.800000,https://fragilestatesindex.org/wp-content/uploads/2023/06/FSI-2023-DOWNLOAD.xlsx,publisher_workbook
Ghana,2006,106.000000,60.500000,2.000000,3.500000,5.000000,4.000000,6.800000,8.000000,5.500000,6.800000,4.400000,5.500000,4.500000,4.500000,https://fragilestatesindex.org/excel/ (archived in MainCode/fsi-2006.xlsx),thesis_archived_workbook
Ghana,2007,124.000000,61.900000,2.400000,3.500000,5.100000,4.000000,6.800000,8.000000,5.500000,6.900000,4.500000,6.000000,4.500000,4.700000,https://fragilestatesindex.org/excel/ (archived in MainCode/fsi-2007.xlsx),thesis_archived_workbook
Ghana,2008,123.000000,64.600000,2.400000,3.900000,5.100000,5.000000,6.800000,8.000000,5.500000,6.900000,4.500000,6.800000,5.000000,4.700000,https://fragilestatesindex.org/excel/ (archived in MainCode/fsi-2008.xlsx),thesis_archived_workbook
Ghana,2009,124.000000,66.200000,2.400000,4.200000,5.400000,5.500000,6.600000,8.100000,5.300000,7.200000,4.700000,7.000000,5.100000,4.700000,https://fragilestatesindex.org/excel/ (archived in MainCode/fsi-2009.xlsx),thesis_archived_workbook
Ghana,2010,122.000000,67.100000,2.600000,4.200000,5.200000,5.800000,6.400000,7.900000,5.100000,7.600000,4.700000,7.100000,5.300000,5.200000,https://fragilestatesindex.org/excel/ (archived in MainCode/fsi-2010.xlsx),thesis_archived_workbook
Ghana,2011,114.000000,67.700000,3.000000,4.200000,5.500000,6.100000,6.300000,7.600000,4.800000,7.700000,4.500000,6.800000,5.500000,5.600000,https://fragilestatesindex.org/excel/ (archived in MainCode/fsi-2011.xlsx),thesis_archived_workbook
Ghana,2012,112.000000,67.500000,3.300000,4.700000,5.200000,6.000000,6.200000,7.600000,4.800000,7.600000,4.500000,6.700000,5.200000,5.700000,https://fragilestatesindex.org/excel/ (archived in MainCode/fsi-2012.xlsx),thesis_archived_workbook
Ghana,2013,110.000000,69.100000,3.800000,5.000000,4.900000,6.100000,6.500000,7.300000,5.100000,7.600000,4.700000,6.700000,5.500000,6.000000,https://fragilestatesindex.org/excel/ (archived in MainCode/fsi-2013.xlsx),thesis_archived_workbook
Ghana,2014,108.000000,70.700000,4.100000,5.000000,4.900000,6.000000,6.800000,7.300000,4.800000,7.900000,4.900000,6.900000,5.800000,6.300000,https://fragilestatesindex.org/excel/ (archived in MainCode/fsi-2014.xlsx),thesis_archived_workbook
Ghana,2015,100.000000,71.800000,4.100000,4.900000,4.600000,6.300000,7.100000,7.600000,5.000000,7.900000,5.200000,7.100000,5.500000,6.600000,https://fragilestatesindex.org/excel/ (archived in MainCode/fsi-2015.xlsx),thesis_archived_workbook
Ghana,2016,102.000000,71.200000,3.800000,4.900000,4.600000,6.600000,6.800000,7.900000,4.700000,7.400000,5.300000,7.100000,5.200000,6.900000,https://fragilestatesindex.org/excel/ (archived in MainCode/fsi-2016.xlsx),thesis_archived_workbook
Ghana,2017,108.000000,69.700000,3.800000,5.200000,4.400000,6.100000,6.600000,8.200000,4.200000,7.800000,5.100000,6.600000,5.000000,6.700000,https://fragilestatesindex.org/excel/ (archived in MainCode/fsi-2017.xlsx),thesis_archived_workbook
Ghana,2018,108.000000,68.122186,4.300000,4.900000,4.100000,6.000000,6.300000,8.094399,3.900000,7.500000,5.030008,6.700000,4.700000,6.597779,https://fragilestatesindex.org/excel/ (archived in MainCode/fsi-2018.xlsx),thesis_archived_workbook
Ghana,2019,110.000000,65.900000,4.600000,4.900000,3.800000,5.700000,6.000000,7.800000,3.600000,7.200000,5.000000,6.600000,4.400000,6.300000,https://fragilestatesindex.org/excel/ (archived in MainCode/fsi-2019.xlsx),thesis_archived_workbook
Ghana,2020,108.000000,64.158169,4.900000,4.900000,3.500000,5.400000,5.970653,7.500000,3.300000,6.900000,4.700000,6.787516,4.300000,6.000000,https://fragilestatesindex.org/excel/ (archived in MainCode/fsi-2020.xlsx),thesis_archived_workbook
Ghana,2021,113.000000,63.900000,4.600000,5.400000,3.200000,5.500000,6.400000,7.200000,3.200000,7.400000,4.400000,6.900000,4.000000,5.700000,https://fragilestatesindex.org/wp-content/uploads/2021/05/fsi-2021.xlsx,publisher_workbook
Ghana,2022,108.000000,63.000000,4.300000,5.900000,3.300000,5.300000,6.300000,7.100000,3.200000,7.100000,4.100000,7.200000,3.800000,5.400000,https://fragilestatesindex.org/wp-content/uploads/2022/07/fsi-2022-download.xlsx,publisher_workbook
Ghana,2023,107.000000,62.300000,4.000000,5.900000,3.000000,5.800000,6.600000,6.800000,3.200000,6.800000,3.800000,7.400000,3.500000,5.500000,https://fragilestatesindex.org/wp-content/uploads/2023/06/FSI-2023-DOWNLOAD.xlsx,publisher_workbook
Greece,2006,121.000000,41.100000,2.000000,1.500000,3.500000,3.500000,5.000000,5.500000,4.000000,3.000000,3.000000,5.000000,1.400000,3.700000,https://fragilestatesindex.org/excel/ (archived in MainCode/fsi-2006.xlsx),thesis_archived_workbook
Greece,2007,146.000000,43.500000,3.100000,1.600000,3.500000,3.500000,5.000000,5.400000,4.000000,3.100000,3.900000,4.700000,2.000000,3.700000,https://fragilestatesindex.org/excel/ (archived in MainCode/fsi-2007.xlsx),thesis_archived_workbook
Greece,2008,147.000000,45.400000,3.100000,1.600000,4.300000,3.700000,5.000000,5.000000,4.000000,3.600000,3.900000,4.900000,2.600000,3.700000,https://fragilestatesindex.org/excel/ (archived in MainCode/fsi-2008.xlsx),thesis_archived_workbook
Greece,2009,147.000000,46.100000,3.500000,2.000000,4.400000,4.000000,4.800000,4.700000,4.500000,3.900000,3.600000,4.500000,2.700000,3.500000,https://fragilestatesindex.org/excel/ (archived in MainCode/fsi-2009.xlsx),thesis_archived_workbook
Greece,2010,147.000000,45.900000,3.400000,2.400000,4.200000,4.300000,4.600000,4.500000,4.600000,3.700000,3.400000,4.500000,2.800000,3.500000,https://fragilestatesindex.org/excel/ (archived in MainCode/fsi-2010.xlsx),thesis_archived_workbook
Greece,2011,143.000000,47.400000,3.800000,2.500000,4.500000,5.100000,4.300000,4.400000,4.900000,3.800000,3.100000,4.100000,2.600000,4.300000,https://fragilestatesindex.org/excel/ (archived in MainCode/fsi-2011.xlsx),thesis_archived_workbook
Greece,2012,138.000000,50.400000,4.000000,2.500000,4.800000,5.900000,4.600000,4.700000,5.400000,4.200000,3.300000,3.800000,2.300000,4.800000,https://fragilestatesindex.org/excel/ (archived in MainCode/fsi-2012.xlsx),thesis_archived_workbook
Greece,2013,138.000000,50.600000,3.900000,3.000000,4.800000,6.400000,4.300000,4.400000,5.400000,3.900000,3.000000,4.300000,2.000000,5.100000,https://fragilestatesindex.org/excel/ (archived in MainCode/fsi-2013.xlsx),thesis_archived_workbook
Greece,2014,137.000000,52.100000,4.200000,3.500000,5.100000,6.500000,4.000000,4.100000,6.400000,3.600000,3.700000,3.500000,1.900000,5.600000,https://fragilestatesindex.org/excel/ (archived in MainCode/fsi-2014.xlsx),thesis_archived_workbook
Greece,2015,134.000000,52.600000,4.500000,3.700000,5.000000,6.500000,4.200000,3.800000,6.500000,3.900000,3.400000,3.600000,1.600000,5.900000,https://fragilestatesindex.org/excel/ (archived in MainCode/fsi-2015.xlsx),thesis_archived_workbook
Greece,2016,130.000000,55.900000,4.200000,3.800000,5.100000,7.000000,3.900000,3.500000,6.200000,4.000000,3.200000,3.900000,5.000000,6.100000,https://fragilestatesindex.org/excel/ (archived in MainCode/fsi-2016.xlsx),thesis_archived_workbook
Greece,2017,127.000000,57.500000,4.500000,4.100000,5.400000,6.500000,3.700000,3.300000,6.700000,3.800000,3.200000,3.700000,6.500000,6.100000,https://fragilestatesindex.org/excel/ (archived in MainCode/fsi-2017.xlsx),thesis_archived_workbook
Greece,2018,128.000000,55.282410,4.418852,4.100000,5.100000,6.200000,3.400000,3.000000,6.400000,3.500000,3.163558,4.200000,6.000000,5.800000,https://fragilestatesindex.org/excel/ (archived in MainCode/fsi-2018.xlsx),thesis_archived_workbook
Greece,2019,129.000000,53.900000,4.300000,4.100000,4.800000,5.700000,2.900000,3.300000,6.100000,3.800000,3.300000,3.900000,5.700000,6.100000,https://fragilestatesindex.org/excel/ (archived in MainCode/fsi-2019.xlsx),thesis_archived_workbook
Greece,2020,127.000000,52.148697,4.248697,4.100000,4.500000,5.200000,2.600000,3.600000,5.800000,3.500000,3.000000,3.400000,5.800000,6.400000,https://fragilestatesindex.org/excel/ (archived in MainCode/fsi-2020.xlsx),thesis_archived_workbook
Greece,2021,128.000000,54.500000,3.900000,4.100000,4.200000,6.000000,2.900000,3.900000,5.500000,4.000000,3.300000,3.900000,5.900000,6.900000,https://fragilestatesindex.org/wp-content/uploads/2021/05/fsi-2021.xlsx,publisher_workbook
Greece,2022,124.000000,55.800000,3.600000,4.100000,4.300000,5.700000,2.900000,4.100000,5.800000,4.300000,3.600000,4.400000,5.600000,7.400000,https://fragilestatesindex.org/wp-content/uploads/2022/07/fsi-2022-download.xlsx,publisher_workbook
Greece,2023,123.000000,55.100000,3.300000,4.100000,4.000000,6.000000,3.200000,4.000000,5.800000,4.300000,3.900000,4.100000,5.300000,7.100000,https://fragilestatesindex.org/wp-content/uploads/2023/06/FSI-2023-DOWNLOAD.xlsx,publisher_workbook
Grenada,2007,104.000000,71.600000,5.900000,5.700000,5.000000,6.500000,7.100000,7.900000,6.500000,4.100000,5.100000,5.900000,3.600000,8.300000,https://fragilestatesindex.org/excel/ (archived in MainCode/fsi-2007.xlsx),thesis_archived_workbook
Grenada,2008,115.000000,69.000000,5.400000,5.700000,4.900000,5.800000,7.100000,7.900000,6.500000,4.100000,4.900000,5.700000,3.000000,8.000000,https://fragilestatesindex.org/excel/ (archived in MainCode/fsi-2008.xlsx),thesis_archived_workbook
Grenada,2009,119.000000,67.900000,5.500000,5.800000,4.500000,5.900000,6.900000,7.800000,6.300000,4.100000,4.700000,5.900000,2.900000,7.600000,https://fragilestatesindex.org/excel/ (archived in MainCode/fsi-2009.xlsx),thesis_archived_workbook
Grenada,2010,123.000000,67.000000,5.400000,5.800000,4.200000,6.100000,6.700000,7.600000,6.400000,3.900000,4.600000,5.800000,2.900000,7.600000,https://fragilestatesindex.org/excel/ (archived in MainCode/fsi-2010.xlsx),thesis_archived_workbook
Grenada,2011,120.000000,66.400000,5.300000,5.600000,3.900000,5.700000,6.500000,8.000000,6.200000,4.200000,4.300000,5.800000,3.200000,7.700000,https://fragilestatesindex.org/excel/ (archived in MainCode/fsi-2011.xlsx),thesis_archived_workbook
Grenada,2012,121.000000,65.000000,5.300000,5.600000,3.900000,6.000000,6.200000,8.200000,6.200000,3.900000,4.000000,5.500000,2.900000,7.400000,https://fragilestatesindex.org/excel/ (archived in MainCode/fsi-2012.xlsx),thesis_archived_workbook
Grenada,2013,120.000000,64.600000,5.300000,5.600000,3.900000,5.800000,5.900000,8.500000,6.200000,3.600000,3.700000,5.200000,3.200000,7.700000,https://fragilestatesindex.org/excel/ (archived in MainCode/fsi-2013.xlsx),thesis_archived_workbook
Grenada,2014,118.000000,65.200000,5.300000,5.600000,3.900000,6.100000,5.600000,8.200000,6.200000,3.900000,4.000000,5.500000,3.500000,7.400000,https://fragilestatesindex.org/excel/ (archived in MainCode/fsi-2014.xlsx),thesis_archived_workbook
Grenada,2015,120.000000,63.500000,5.600000,5.600000,3.800000,5.900000,5.300000,8.400000,5.900000,3.700000,3.700000,5.200000,3.200000,7.100000,https://fragilestatesindex.org/excel/ (archived in MainCode/fsi-2015.xlsx),thesis_archived_workbook
Grenada,2016,122.000000,63.000000,5.900000,5.600000,3.800000,6.200000,5.000000,8.600000,5.600000,4.000000,3.400000,4.900000,3.200000,6.800000,https://fragilestatesindex.org/excel/ (archived in MainCode/fsi-2016.xlsx),thesis_archived_workbook
Grenada,2017,123.000000,61.500000,5.700000,5.600000,3.800000,6.000000,4.800000,8.400000,5.400000,3.800000,3.200000,4.700000,3.000000,7.100000,https://fragilestatesindex.org/excel/ (archived in MainCode/fsi-2017.xlsx),thesis_archived_workbook
Grenada,2018,123.000000,59.900000,5.500000,5.600000,3.600000,5.800000,4.600000,8.200000,5.200000,3.600000,3.000000,4.500000,2.900000,7.400000,https://fragilestatesindex.org/excel/ (archived in MainCode/fsi-2018.xlsx),thesis_archived_workbook
Grenada,2019,123.000000,57.600000,5.200000,5.600000,3.600000,5.600000,4.600000,7.900000,4.900000,3.600000,2.700000,4.200000,2.600000,7.100000,https://fragilestatesindex.org/excel/ (archived in MainCode/fsi-2019.xlsx),thesis_archived_workbook
Grenada,2020,125.000000,55.246845,5.090914,5.600000,3.600000,5.300000,4.600000,7.755931,4.600000,3.300000,2.400000,3.900000,2.300000,6.800000,https://fragilestatesindex.org/excel/ (archived in MainCode/fsi-2020.xlsx),thesis_archived_workbook
Grenada,2021,126.000000,56.100000,4.800000,5.600000,3.600000,6.300000,4.900000,7.500000,4.300000,4.400000,2.100000,3.900000,2.200000,6.500000,https://fragilestatesindex.org/wp-content/uploads/2021/05/fsi-2021.xlsx,publisher_workbook
Grenada,2022,126.000000,54.300000,4.500000,5.600000,3.600000,6.200000,4.600000,7.400000,4.000000,4.100000,1.800000,4.400000,1.900000,6.200000,https://fragilestatesindex.org/wp-content/uploads/2022/07/fsi-2022-download.xlsx,publisher_workbook
Grenada,2023,127.000000,53.700000,4.800000,5.600000,3.600000,5.900000,4.600000,7.700000,3.700000,4.100000,1.500000,4.100000,2.200000,5.900000,https://fragilestatesindex.org/wp-content/uploads/2023/06/FSI-2023-DOWNLOAD.xlsx,publisher_workbook
Guatemala,2006,51.000000,84.300000,7.500000,6.000000,7.100000,7.100000,8.000000,6.700000,7.500000,7.100000,7.100000,8.700000,6.000000,5.500000,https://fragilestatesindex.org/excel/ (archived in MainCode/fsi-2006.xlsx),thesis_archived_workbook
Guatemala,2007,60.000000,81.400000,7.300000,5.900000,7.100000,7.000000,8.000000,6.700000,7.400000,6.600000,7.100000,7.000000,6.000000,5.300000,https://fragilestatesindex.org/excel/ (archived in MainCode/fsi-2007.xlsx),thesis_archived_workbook
Guatemala,2008,66.000000,80.600000,7.300000,6.000000,6.900000,6.700000,8.000000,6.700000,7.200000,6.600000,7.100000,6.800000,6.000000,5.300000,https://fragilestatesindex.org/excel/ (archived in MainCode/fsi-2008.xlsx),thesis_archived_workbook
Guatemala,2009,73.000000,80.600000,7.100000,6.300000,6.700000,6.600000,8.200000,6.700000,7.100000,6.600000,7.000000,7.000000,5.800000,5.500000,https://fragilestatesindex.org/excel/ (archived in MainCode/fsi-2009.xlsx),thesis_archived_workbook
Guatemala,2010,72.000000,81.200000,7.200000,6.300000,6.800000,6.900000,8.000000,6.700000,7.100000,6.800000,6.900000,7.400000,5.600000,5.500000,https://fragilestatesindex.org/excel/ (archived in MainCode/fsi-2010.xlsx),thesis_archived_workbook
Guatemala,2011,72.000000,80.100000,7.600000,6.000000,6.900000,6.500000,7.700000,6.500000,6.800000,6.900000,6.900000,7.300000,5.600000,5.300000,https://fragilestatesindex.org/excel/ (archived in MainCode/fsi-2011.xlsx),thesis_archived_workbook
Guatemala,2012,70.000000,79.400000,7.300000,6.000000,7.100000,6.100000,7.600000,6.800000,6.800000,6.700000,6.700000,7.000000,5.900000,5.400000,https://fragilestatesindex.org/excel/ (archived in MainCode/fsi-2012.xlsx),thesis_archived_workbook
Guatemala,2013,70.000000,80.700000,7.000000,6.000000,7.300000,6.100000,8.100000,7.100000,6.900000,6.900000,6.600000,7.300000,6.000000,5.400000,https://fragilestatesindex.org/excel/ (archived in MainCode/fsi-2013.xlsx),thesis_archived_workbook
Guatemala,2014,66.000000,80.300000,6.700000,6.000000,7.600000,6.100000,7.900000,6.800000,6.500000,7.100000,6.700000,7.200000,6.000000,5.700000,https://fragilestatesindex.org/excel/ (archived in MainCode/fsi-2014.xlsx),thesis_archived_workbook
Guatemala,2015,64.000000,80.400000,7.000000,6.000000,7.900000,6.000000,8.000000,6.700000,6.600000,7.400000,6.600000,7.300000,5.500000,5.400000,https://fragilestatesindex.org/excel/ (archived in MainCode/fsi-2015.xlsx),thesis_archived_workbook
Guatemala,2016,61.000000,83.200000,7.300000,6.800000,8.200000,5.700000,8.300000,7.000000,6.700000,7.700000,6.900000,7.400000,5.800000,5.400000,https://fragilestatesindex.org/excel/ (archived in MainCode/fsi-2016.xlsx),thesis_archived_workbook
Guatemala,2017,57.000000,83.100000,7.600000,7.100000,8.500000,5.500000,8.100000,7.300000,6.500000,7.500000,7.200000,7.000000,5.600000,5.200000,https://fragilestatesindex.org/excel/ (archived in MainCode/fsi-2017.xlsx),thesis_archived_workbook
Guatemala,2018,59.000000,81.836709,7.323366,7.100000,8.800000,5.417750,7.800000,7.200000,6.600000,7.200000,7.095593,7.100000,5.300000,4.900000,https://fragilestatesindex.org/excel/ (archived in MainCode/fsi-2018.xlsx),thesis_archived_workbook
Guatemala,2019,57.000000,81.400000,7.100000,7.100000,9.100000,5.100000,7.500000,7.300000,6.700000,6.900000,7.300000,7.200000,5.400000,4.600000,https://fragilestatesindex.org/excel/ (archived in MainCode/fsi-2019.xlsx),thesis_archived_workbook
Guatemala,2020,58.000000,79.176348,7.085676,7.100000,9.400000,4.800000,7.200000,7.200000,6.400000,6.690672,7.000000,6.900000,5.100000,4.300000,https://fragilestatesindex.org/excel/ (archived in MainCode/fsi-2020.xlsx),thesis_archived_workbook
Guatemala,2021,59.000000,79.400000,6.800000,7.100000,9.400000,5.000000,7.100000,7.100000,6.500000,7.200000,7.200000,7.200000,4.800000,4.000000,https://fragilestatesindex.org/wp-content/uploads/2021/05/fsi-2021.xlsx,publisher_workbook
Guatemala,2022,64.000000,77.500000,6.500000,7.100000,9.300000,4.600000,6.800000,6.800000,6.600000,6.900000,7.300000,7.000000,4.900000,3.700000,https://fragilestatesindex.org/wp-content/uploads/2022/07/fsi-2022-download.xlsx,publisher_workbook
Guatemala,2023,64.000000,77.300000,6.200000,7.100000,9.300000,4.700000,6.500000,6.500000,6.800000,6.800000,7.600000,7.100000,5.300000,3.400000,https://fragilestatesindex.org/wp-content/uploads/2023/06/FSI-2023-DOWNLOAD.xlsx,publisher_workbook
Guinea,2006,11.000000,99.000000,8.100000,9.000000,8.100000,8.000000,8.000000,8.400000,9.100000,9.000000,8.100000,7.500000,7.200000,8.500000,https://fragilestatesindex.org/excel/ (archived in MainCode/fsi-2006.xlsx),thesis_archived_workbook
Guinea,2007,9.000000,101.300000,8.100000,9.000000,8.100000,8.500000,8.500000,8.300000,9.600000,8.900000,8.600000,7.800000,7.400000,8.500000,https://fragilestatesindex.org/excel/ (archived in MainCode/fsi-2007.xlsx),thesis_archived_workbook
Guinea,2008,11.000000,101.800000,8.400000,8.600000,8.500000,8.600000,8.600000,8.300000,9.700000,9.000000,8.900000,7.900000,7.400000,7.900000,https://fragilestatesindex.org/excel/ (archived in MainCode/fsi-2008.xlsx),thesis_archived_workbook
Guinea,2009,9.000000,104.600000,9.400000,9.200000,8.200000,8.700000,8.900000,8.600000,9.800000,9.200000,9.000000,8.500000,7.100000,8.000000,https://fragilestatesindex.org/excel/ (archived in MainCode/fsi-2009.xlsx),thesis_archived_workbook
Guinea,2010,9.000000,105.000000,9.400000,9.300000,8.200000,8.900000,8.700000,8.600000,9.800000,9.000000,9.500000,8.300000,7.500000,7.800000,https://fragilestatesindex.org/excel/ (archived in MainCode/fsi-2010.xlsx),thesis_archived_workbook
Guinea,2011,11.000000,102.500000,9.300000,9.200000,7.900000,8.600000,8.400000,8.300000,9.400000,8.700000,9.200000,8.200000,7.700000,7.600000,https://fragilestatesindex.org/excel/ (archived in MainCode/fsi-2011.xlsx),thesis_archived_workbook
Guinea,2012,12.000000,101.900000,9.400000,9.200000,7.900000,8.900000,8.100000,8.000000,9.500000,8.600000,8.700000,8.300000,8.000000,7.300000,https://fragilestatesindex.org/excel/ (archived in MainCode/fsi-2012.xlsx),thesis_archived_workbook
Guinea,2013,14.000000,101.300000,9.100000,8.900000,7.600000,9.200000,8.200000,7.700000,9.800000,8.900000,8.400000,8.400000,8.200000,7.000000,https://fragilestatesindex.org/excel/ (archived in MainCode/fsi-2013.xlsx),thesis_archived_workbook
Guinea,2014,12.000000,102.700000,9.200000,9.600000,8.400000,8.900000,7.900000,7.500000,9.900000,9.200000,8.500000,8.000000,8.300000,7.300000,https://fragilestatesindex.org/excel/ (archived in MainCode/fsi-2014.xlsx),thesis_archived_workbook
Guinea,2015,10.000000,104.900000,8.900000,9.600000,8.700000,9.200000,7.600000,7.200000,9.900000,9.800000,8.200000,9.000000,8.700000,8.100000,https://fragilestatesindex.org/excel/ (archived in MainCode/fsi-2015.xlsx),thesis_archived_workbook
Guinea,2016,12.000000,103.800000,9.000000,9.900000,8.800000,9.400000,7.400000,7.500000,9.800000,9.200000,7.900000,8.900000,8.400000,7.600000,https://fragilestatesindex.org/excel/ (archived in MainCode/fsi-2016.xlsx),thesis_archived_workbook
Guinea,2017,12.000000,102.400000,8.800000,9.600000,8.600000,9.200000,7.700000,7.400000,9.600000,9.500000,7.700000,8.700000,8.200000,7.400000,https://fragilestatesindex.org/excel/ (archived in MainCode/fsi-2017.xlsx),thesis_archived_workbook
Guinea,2018,13.000000,101.616742,8.900000,9.600000,8.900000,8.900000,7.621074,7.401220,9.700000,9.394448,7.400000,8.800000,7.900000,7.100000,https://fragilestatesindex.org/excel/ (archived in MainCode/fsi-2018.xlsx),thesis_archived_workbook
Guinea,2019,11.000000,99.400000,8.600000,9.600000,9.100000,8.600000,7.300000,7.100000,9.800000,9.200000,7.100000,8.600000,7.600000,6.800000,https://fragilestatesindex.org/excel/ (archived in MainCode/fsi-2019.xlsx),thesis_archived_workbook
Guinea,2020,15.000000,97.167611,8.300000,9.600000,9.176613,8.300000,7.000000,6.800000,9.900000,9.190999,6.800000,8.300000,7.300000,6.500000,https://fragilestatesindex.org/excel/ (archived in MainCode/fsi-2020.xlsx),thesis_archived_workbook
Guinea,2021,14.000000,97.400000,8.000000,9.900000,9.300000,8.200000,7.300000,6.500000,10.000000,9.500000,6.900000,8.600000,7.000000,6.200000,https://fragilestatesindex.org/wp-content/uploads/2021/05/fsi-2021.xlsx,publisher_workbook
Guinea,2022,12.000000,99.600000,9.000000,10.000000,9.700000,7.900000,7.600000,6.400000,10.000000,9.700000,7.000000,9.100000,6.500000,6.700000,https://fragilestatesindex.org/wp-content/uploads/2022/07/fsi-2022-download.xlsx,publisher_workbook
Guinea,2023,14.000000,98.500000,8.700000,10.000000,9.400000,8.000000,7.500000,6.300000,9.700000,9.400000,7.300000,8.800000,6.200000,7.200000,https://fragilestatesindex.org/wp-content/uploads/2023/06/FSI-2023-DOWNLOAD.xlsx,publisher_workbook
Guinea Bissau,2006,46.000000,85.400000,7.500000,6.500000,5.500000,7.400000,9.300000,7.000000,7.800000,8.000000,7.900000,7.000000,4.900000,6.600000,https://fragilestatesindex.org/excel/ (archived in MainCode/fsi-2006.xlsx),thesis_archived_workbook
Guinea Bissau,2007,38.000000,88.800000,8.000000,6.800000,5.400000,8.000000,8.600000,7.000000,7.200000,8.500000,8.000000,7.600000,6.500000,7.200000,https://fragilestatesindex.org/excel/ (archived in MainCode/fsi-2007.xlsx),thesis_archived_workbook
Guinea Bissau,2008,32.000000,91.300000,8.400000,7.100000,5.400000,8.200000,8.600000,7.000000,7.900000,8.500000,8.000000,8.000000,6.500000,7.700000,https://fragilestatesindex.org/excel/ (archived in MainCode/fsi-2008.xlsx),thesis_archived_workbook
Guinea Bissau,2009,27.000000,94.800000,8.500000,8.000000,5.800000,8.500000,8.500000,7.000000,8.600000,8.700000,8.000000,8.600000,6.500000,8.100000,https://fragilestatesindex.org/excel/ (archived in MainCode/fsi-2009.xlsx),thesis_archived_workbook
Guinea Bissau,2010,22.000000,97.200000,8.900000,8.900000,5.800000,8.300000,8.400000,7.100000,9.100000,8.800000,8.100000,8.500000,6.800000,8.500000,https://fragilestatesindex.org/excel/ (archived in MainCode/fsi-2010.xlsx),thesis_archived_workbook
Guinea Bissau,2011,18.000000,98.300000,9.300000,9.200000,5.400000,8.700000,8.100000,7.400000,9.200000,8.400000,7.800000,8.700000,7.200000,8.800000,https://fragilestatesindex.org/excel/ (archived in MainCode/fsi-2011.xlsx),thesis_archived_workbook
Guinea Bissau,2012,15.000000,99.200000,9.400000,9.200000,5.700000,9.000000,7.800000,7.700000,9.300000,8.500000,7.500000,8.700000,7.500000,8.900000,https://fragilestatesindex.org/excel/ (archived in MainCode/fsi-2012.xlsx),thesis_archived_workbook
Guinea Bissau,2013,15.000000,101.100000,9.500000,9.700000,5.700000,8.700000,8.100000,8.000000,9.700000,8.800000,7.600000,8.400000,7.800000,9.000000,https://fragilestatesindex.org/excel/ (archived in MainCode/fsi-2013.xlsx),thesis_archived_workbook
Guinea Bissau,2014,16.000000,100.600000,8.600000,9.600000,6.000000,8.400000,8.100000,8.300000,9.300000,9.100000,7.500000,8.500000,8.100000,9.100000,https://fragilestatesindex.org/excel/ (archived in MainCode/fsi-2014.xlsx),thesis_archived_workbook
Guinea Bissau,2015,17.000000,99.900000,8.800000,9.600000,5.700000,8.700000,8.400000,8.500000,9.000000,9.200000,7.200000,8.200000,7.800000,8.800000,https://fragilestatesindex.org/excel/ (archived in MainCode/fsi-2015.xlsx),thesis_archived_workbook
Guinea Bissau,2016,17.000000,99.800000,9.100000,9.600000,5.400000,8.500000,8.700000,8.300000,8.900000,9.500000,7.500000,8.300000,7.500000,8.500000,https://fragilestatesindex.org/excel/ (archived in MainCode/fsi-2016.xlsx),thesis_archived_workbook
Guinea Bissau,2017,16.000000,99.500000,8.900000,9.600000,5.200000,8.300000,9.100000,8.100000,9.200000,9.400000,7.500000,8.600000,7.300000,8.300000,https://fragilestatesindex.org/excel/ (archived in MainCode/fsi-2017.xlsx),thesis_archived_workbook
Guinea Bissau,2018,16.000000,98.094590,8.600000,9.600000,5.200000,8.000000,8.892293,7.800000,9.200000,9.159794,7.500000,8.842503,7.000000,8.300000,https://fragilestatesindex.org/excel/ (archived in MainCode/fsi-2018.xlsx),thesis_archived_workbook
Guinea Bissau,2019,19.000000,95.500000,8.300000,9.600000,4.900000,7.700000,9.200000,7.500000,8.900000,8.900000,7.200000,8.500000,6.700000,8.000000,https://fragilestatesindex.org/excel/ (archived in MainCode/fsi-2019.xlsx),thesis_archived_workbook
Guinea Bissau,2020,23.000000,92.902076,8.000000,9.600000,4.600000,7.400000,9.444564,7.200000,8.600000,8.600000,6.900000,8.425047,6.432465,7.700000,https://fragilestatesindex.org/excel/ (archived in MainCode/fsi-2020.xlsx),thesis_archived_workbook
Guinea Bissau,2021,27.000000,92.000000,7.700000,9.600000,4.300000,7.600000,9.300000,6.900000,8.900000,9.000000,6.600000,8.600000,6.100000,7.400000,https://fragilestatesindex.org/wp-content/uploads/2021/05/fsi-2021.xlsx,publisher_workbook
Guinea Bissau,2022,27.000000,91.300000,7.400000,9.600000,4.000000,7.500000,9.400000,6.800000,9.000000,9.100000,6.300000,8.900000,5.800000,7.500000,https://fragilestatesindex.org/wp-content/uploads/2022/07/fsi-2022-download.xlsx,publisher_workbook
Guinea Bissau,2023,31.000000,89.900000,7.900000,9.900000,3.700000,7.200000,8.900000,6.700000,9.100000,8.900000,6.000000,8.900000,5.500000,7.200000,https://fragilestatesindex.org/wp-content/uploads/2023/06/FSI-2023-DOWNLOAD.xlsx,publisher_workbook
Guyana,2007,98.000000,73.300000,5.900000,4.900000,5.400000,6.800000,8.100000,7.900000,6.400000,5.700000,5.600000,6.900000,4.100000,5.600000,https://fragilestatesindex.org/excel/ (archived in MainCode/fsi-2007.xlsx),thesis_archived_workbook
Guyana,2008,105.000000,72.200000,6.700000,5.100000,5.700000,6.400000,7.800000,7.900000,6.400000,5.700000,5.400000,6.300000,3.600000,5.200000,https://fragilestatesindex.org/excel/ (archived in MainCode/fsi-2008.xlsx),thesis_archived_workbook
Guyana,2009,104.000000,73.000000,6.800000,5.100000,6.100000,6.600000,7.900000,7.900000,6.700000,5.500000,5.400000,6.300000,3.500000,5.200000,https://fragilestatesindex.org/excel/ (archived in MainCode/fsi-2009.xlsx),thesis_archived_workbook
Guyana,2010,102.000000,73.000000,6.600000,5.100000,6.200000,6.900000,7.700000,8.000000,6.800000,5.300000,5.200000,6.100000,3.600000,5.500000,https://fragilestatesindex.org/excel/ (archived in MainCode/fsi-2010.xlsx),thesis_archived_workbook
Guyana,2011,100.000000,72.600000,6.300000,5.100000,5.900000,6.400000,7.400000,8.400000,6.500000,5.500000,5.000000,6.400000,3.600000,6.000000,https://fragilestatesindex.org/excel/ (archived in MainCode/fsi-2011.xlsx),thesis_archived_workbook
Guyana,2012,104.000000,71.400000,6.100000,5.100000,6.200000,6.100000,7.100000,8.600000,6.500000,5.700000,4.700000,6.100000,3.500000,5.700000,https://fragilestatesindex.org/excel/ (archived in MainCode/fsi-2012.xlsx),thesis_archived_workbook
Guyana,2013,107.000000,70.800000,5.800000,5.100000,5.900000,6.600000,6.800000,8.500000,6.200000,6.000000,4.400000,5.800000,3.800000,5.900000,https://fragilestatesindex.org/excel/ (archived in MainCode/fsi-2013.xlsx),thesis_archived_workbook
Guyana,2014,106.000000,71.000000,5.500000,5.100000,6.200000,6.700000,6.500000,8.800000,5.600000,6.300000,4.100000,5.900000,4.100000,6.200000,https://fragilestatesindex.org/excel/ (archived in MainCode/fsi-2014.xlsx),thesis_archived_workbook
Guyana,2015,107.000000,70.500000,5.800000,5.100000,6.500000,6.200000,6.200000,9.100000,5.900000,6.100000,3.900000,5.600000,3.600000,6.500000,https://fragilestatesindex.org/excel/ (archived in MainCode/fsi-2015.xlsx),thesis_archived_workbook
Guyana,2016,104.000000,70.900000,6.100000,5.100000,6.400000,6.100000,5.900000,9.400000,5.600000,6.400000,3.600000,5.500000,3.800000,7.000000,https://fragilestatesindex.org/excel/ (archived in MainCode/fsi-2016.xlsx),thesis_archived_workbook
Guyana,2017,100.000000,71.300000,6.400000,5.100000,6.700000,6.000000,5.700000,9.400000,5.400000,6.200000,3.500000,5.800000,3.800000,7.300000,https://fragilestatesindex.org/excel/ (archived in MainCode/fsi-2017.xlsx),thesis_archived_workbook
Guyana,2018,98.000000,70.358470,6.626777,5.100000,7.000000,6.082150,5.400000,9.100000,5.100000,5.900000,3.398347,5.900000,3.751195,7.000000,https://fragilestatesindex.org/excel/ (archived in MainCode/fsi-2018.xlsx),thesis_archived_workbook
Guyana,2019,99.000000,68.200000,6.700000,5.100000,6.700000,5.800000,5.100000,8.800000,4.800000,5.600000,3.400000,5.600000,3.500000,7.100000,https://fragilestatesindex.org/excel/ (archived in MainCode/fsi-2019.xlsx),thesis_archived_workbook
Guyana,2020,101.000000,65.951060,6.798281,5.100000,6.400000,5.500000,4.800000,8.500000,4.500000,5.422141,3.230638,5.300000,3.600000,6.800000,https://fragilestatesindex.org/excel/ (archived in MainCode/fsi-2020.xlsx),thesis_archived_workbook
Guyana,2021,106.000000,66.100000,7.100000,5.100000,6.500000,4.500000,4.700000,8.200000,4.600000,6.400000,3.300000,5.800000,3.400000,6.500000,https://fragilestatesindex.org/wp-content/uploads/2021/05/fsi-2021.xlsx,publisher_workbook
Guyana,2022,107.000000,64.200000,6.800000,5.100000,6.200000,4.000000,4.400000,8.100000,4.500000,6.400000,3.100000,6.100000,3.300000,6.200000,https://fragilestatesindex.org/wp-content/uploads/2022/07/fsi-2022-download.xlsx,publisher_workbook
Guyana,2023,109.000000,61.600000,6.500000,4.800000,5.900000,3.500000,3.900000,8.200000,4.400000,6.100000,3.400000,5.800000,3.000000,6.100000,https://fragilestatesindex.org/wp-content/uploads/2023/06/FSI-2023-DOWNLOAD.xlsx,publisher_workbook
Haiti,2006,8.000000,104.600000,9.400000,9.600000,8.800000,8.400000,8.300000,8.000000,9.400000,9.300000,9.600000,8.800000,5.000000,10.000000,https://fragilestatesindex.org/excel/ (archived in MainCode/fsi-2006.xlsx),thesis_archived_workbook
Haiti,2007,11.000000,100.900000,9.300000,9.300000,8.000000,8.400000,8.200000,8.000000,9.200000,9.000000,9.100000,8.600000,4.200000,9.600000,https://fragilestatesindex.org/excel/ (archived in MainCode/fsi-2007.xlsx),thesis_archived_workbook
Haiti,2008,14.000000,99.300000,8.900000,8.900000,8.000000,8.300000,8.200000,8.000000,9.000000,8.800000,8.900000,8.500000,4.200000,9.600000,https://fragilestatesindex.org/excel/ (archived in MainCode/fsi-2008.xlsx),thesis_archived_workbook
Haiti,2009,12.000000,101.800000,8.400000,8.300000,7.300000,8.900000,8.200000,8.600000,9.200000,9.500000,8.500000,9.300000,5.800000,9.800000,https://fragilestatesindex.org/excel/ (archived in MainCode/fsi-2009.xlsx),thesis_archived_workbook
Haiti,2010,11.000000,101.600000,8.200000,8.400000,7.300000,9.200000,8.300000,8.600000,9.300000,9.500000,8.300000,9.300000,5.600000,9.600000,https://fragilestatesindex.org/excel/ (archived in MainCode/fsi-2010.xlsx),thesis_archived_workbook
Haiti,2011,5.000000,108.000000,8.400000,8.800000,7.300000,9.200000,8.800000,8.900000,9.400000,10.000000,8.000000,10.000000,9.200000,10.000000,https://fragilestatesindex.org/excel/ (archived in MainCode/fsi-2011.xlsx),thesis_archived_workbook
Haiti,2012,7.000000,104.900000,8.200000,9.000000,7.000000,9.500000,8.600000,8.800000,9.300000,9.300000,7.700000,9.500000,8.100000,9.700000,https://fragilestatesindex.org/excel/ (archived in MainCode/fsi-2012.xlsx),thesis_archived_workbook
Haiti,2013,8.000000,105.800000,7.900000,9.000000,7.000000,9.700000,9.100000,9.100000,8.800000,9.600000,7.600000,9.600000,8.600000,9.900000,https://fragilestatesindex.org/excel/ (archived in MainCode/fsi-2013.xlsx),thesis_archived_workbook
Haiti,2014,9.000000,104.300000,7.500000,9.100000,7.000000,9.400000,9.300000,9.100000,8.900000,9.500000,7.500000,8.700000,8.500000,9.800000,https://fragilestatesindex.org/excel/ (archived in MainCode/fsi-2014.xlsx),thesis_archived_workbook
Haiti,2015,11.000000,104.500000,7.500000,9.100000,6.700000,9.100000,9.300000,9.300000,9.400000,9.100000,7.400000,9.500000,8.200000,9.900000,https://fragilestatesindex.org/excel/ (archived in MainCode/fsi-2015.xlsx),thesis_archived_workbook
Haiti,2016,10.000000,105.100000,7.900000,9.600000,6.700000,8.900000,9.500000,9.000000,9.400000,9.400000,7.700000,9.200000,7.900000,9.900000,https://fragilestatesindex.org/excel/ (archived in MainCode/fsi-2016.xlsx),thesis_archived_workbook
Haiti,2017,11.000000,105.300000,7.700000,9.600000,6.500000,8.700000,9.800000,8.800000,9.700000,9.700000,7.600000,9.500000,7.700000,10.000000,https://fragilestatesindex.org/excel/ (archived in MainCode/fsi-2017.xlsx),thesis_archived_workbook
Haiti,2018,12.000000,101.969552,7.400000,9.600000,6.200000,8.400000,9.500000,8.700000,8.700000,9.439663,7.429889,9.000000,7.700000,9.900000,https://fragilestatesindex.org/excel/ (archived in MainCode/fsi-2018.xlsx),thesis_archived_workbook
Haiti,2019,12.000000,99.300000,7.200000,9.300000,5.900000,8.400000,9.200000,8.400000,8.800000,9.200000,7.200000,8.700000,7.400000,9.600000,https://fragilestatesindex.org/excel/ (archived in MainCode/fsi-2019.xlsx),thesis_archived_workbook
Haiti,2020,13.000000,97.679000,6.900000,9.579000,5.600000,8.500000,9.100000,8.100000,9.100000,9.300000,6.900000,8.200000,7.100000,9.300000,https://fragilestatesindex.org/excel/ (archived in MainCode/fsi-2020.xlsx),thesis_archived_workbook
Haiti,2021,13.000000,97.500000,6.600000,9.600000,5.300000,8.900000,9.200000,8.100000,8.800000,9.600000,7.100000,8.200000,7.100000,9.000000,https://fragilestatesindex.org/wp-content/uploads/2021/05/fsi-2021.xlsx,publisher_workbook
Haiti,2022,11.000000,99.700000,6.300000,9.600000,5.400000,8.600000,9.300000,8.200000,9.800000,9.700000,7.400000,8.700000,7.200000,9.500000,https://fragilestatesindex.org/wp-content/uploads/2022/07/fsi-2022-download.xlsx,publisher_workbook
Haiti,2023,10.000000,102.900000,6.800000,9.700000,5.500000,8.900000,9.200000,8.300000,9.900000,9.800000,8.700000,8.800000,7.700000,9.600000,https://fragilestatesindex.org/wp-content/uploads/2023/06/FSI-2023-DOWNLOAD.xlsx,publisher_workbook
Honduras,2006,75.000000,76.700000,6.000000,6.400000,5.300000,7.600000,9.000000,6.000000,7.500000,6.900000,5.600000,8.800000,2.100000,5.500000,https://fragilestatesindex.org/excel/ (archived in MainCode/fsi-2006.xlsx),thesis_archived_workbook
Honduras,2007,93.000000,74.800000,5.900000,6.300000,5.300000,7.600000,8.700000,6.000000,7.400000,6.600000,5.800000,7.800000,2.000000,5.400000,https://fragilestatesindex.org/excel/ (archived in MainCode/fsi-2007.xlsx),thesis_archived_workbook
Honduras,2008,94.000000,74.900000,6.200000,6.300000,5.300000,7.200000,8.700000,6.500000,7.400000,6.600000,6.100000,7.200000,2.000000,5.400000,https://fragilestatesindex.org/excel/ (archived in MainCode/fsi-2008.xlsx),thesis_archived_workbook
Honduras,2009,90.000000,77.200000,6.000000,6.100000,5.000000,7.200000,8.500000,6.300000,7.000000,7.100000,6.300000,7.800000,4.000000,5.900000,https://fragilestatesindex.org/excel/ (archived in MainCode/fsi-2009.xlsx),thesis_archived_workbook
Honduras,2010,76.000000,80.000000,7.000000,6.800000,5.000000,7.500000,8.300000,6.500000,7.500000,6.900000,6.300000,7.600000,4.100000,6.500000,https://fragilestatesindex.org/excel/ (archived in MainCode/fsi-2010.xlsx),thesis_archived_workbook
Honduras,2011,78.000000,78.300000,6.500000,6.300000,5.300000,7.000000,8.100000,6.600000,7.300000,6.600000,6.300000,7.600000,3.900000,6.900000,https://fragilestatesindex.org/excel/ (archived in MainCode/fsi-2011.xlsx),thesis_archived_workbook
Honduras,2012,75.000000,78.500000,7.000000,6.300000,5.600000,7.200000,8.100000,6.900000,7.000000,6.700000,6.200000,7.300000,3.600000,6.600000,https://fragilestatesindex.org/excel/ (archived in MainCode/fsi-2012.xlsx),thesis_archived_workbook
Honduras,2013,75.000000,78.300000,6.800000,6.300000,5.800000,6.900000,8.100000,6.600000,6.900000,6.800000,6.300000,7.000000,3.900000,6.900000,https://fragilestatesindex.org/excel/ (archived in MainCode/fsi-2013.xlsx),thesis_archived_workbook
Honduras,2014,75.000000,77.900000,6.400000,7.000000,6.100000,6.600000,7.800000,6.300000,7.000000,6.700000,6.000000,6.700000,4.200000,7.100000,https://fragilestatesindex.org/excel/ (archived in MainCode/fsi-2014.xlsx),thesis_archived_workbook
Honduras,2015,76.000000,78.100000,6.700000,6.600000,6.400000,6.300000,7.700000,6.900000,6.700000,6.700000,6.300000,6.800000,3.700000,7.400000,https://fragilestatesindex.org/excel/ (archived in MainCode/fsi-2015.xlsx),thesis_archived_workbook
Honduras,2016,68.000000,79.800000,7.000000,6.800000,6.100000,6.600000,7.900000,6.600000,7.000000,7.000000,6.600000,6.500000,4.000000,7.700000,https://fragilestatesindex.org/excel/ (archived in MainCode/fsi-2016.xlsx),thesis_archived_workbook
Honduras,2017,68.000000,79.100000,7.300000,6.800000,5.900000,6.400000,7.700000,6.400000,6.800000,6.800000,6.900000,6.300000,4.300000,7.500000,https://fragilestatesindex.org/excel/ (archived in MainCode/fsi-2017.xlsx),thesis_archived_workbook
Honduras,2018,68.000000,77.262442,7.131940,6.800000,5.600000,6.400895,7.400000,6.100000,6.900000,6.565812,6.763795,5.800000,4.600000,7.200000,https://fragilestatesindex.org/excel/ (archived in MainCode/fsi-2018.xlsx),thesis_archived_workbook
Honduras,2019,64.000000,77.800000,7.000000,7.300000,5.300000,6.100000,7.100000,6.400000,6.900000,6.400000,6.900000,5.900000,5.100000,7.500000,https://fragilestatesindex.org/excel/ (archived in MainCode/fsi-2019.xlsx),thesis_archived_workbook
Honduras,2020,64.000000,76.788977,7.165667,7.000000,5.000000,5.800000,6.800000,6.423215,7.000000,6.518147,6.881948,5.600000,5.400000,7.200000,https://fragilestatesindex.org/excel/ (archived in MainCode/fsi-2020.xlsx),thesis_archived_workbook
Honduras,2021,59.000000,79.400000,7.000000,7.000000,5.000000,6.400000,6.900000,6.700000,7.100000,7.600000,7.200000,6.100000,5.500000,6.900000,https://fragilestatesindex.org/wp-content/uploads/2021/05/fsi-2021.xlsx,publisher_workbook
Honduras,2022,58.000000,78.700000,6.700000,7.000000,4.800000,6.000000,6.700000,6.900000,7.100000,7.300000,7.500000,6.800000,5.300000,6.600000,https://fragilestatesindex.org/wp-content/uploads/2022/07/fsi-2022-download.xlsx,publisher_workbook
Honduras,2023,57.000000,79.600000,6.800000,7.000000,4.900000,6.300000,6.700000,6.700000,6.800000,7.800000,7.600000,6.900000,5.800000,6.300000,https://fragilestatesindex.org/wp-content/uploads/2023/06/FSI-2023-DOWNLOAD.xlsx,publisher_workbook
Hungary,2006,116.000000,46.700000,2.000000,3.000000,3.000000,4.000000,6.400000,5.000000,3.800000,4.200000,4.000000,3.700000,3.600000,4.000000,https://fragilestatesindex.org/excel/ (archived in MainCode/fsi-2006.xlsx),thesis_archived_workbook
Hungary,2007,138.000000,51.200000,2.100000,5.500000,3.000000,4.100000,6.300000,5.000000,6.000000,3.800000,4.000000,3.700000,3.600000,4.100000,https://fragilestatesindex.org/excel/ (archived in MainCode/fsi-2007.xlsx),thesis_archived_workbook
Hungary,2008,140.000000,50.900000,1.900000,5.300000,3.400000,4.300000,6.100000,5.000000,5.700000,3.800000,4.000000,3.700000,3.400000,4.300000,https://fragilestatesindex.org/excel/ (archived in MainCode/fsi-2008.xlsx),thesis_archived_workbook
Hungary,2009,141.000000,50.700000,2.100000,5.000000,3.400000,5.000000,6.100000,5.000000,5.500000,3.800000,3.500000,3.500000,3.000000,4.800000,https://fragilestatesindex.org/excel/ (archived in MainCode/fsi-2009.xlsx),thesis_archived_workbook
Hungary,2010,141.000000,50.100000,2.200000,5.000000,3.200000,5.400000,5.900000,4.800000,5.700000,3.600000,3.300000,3.300000,3.100000,4.600000,https://fragilestatesindex.org/excel/ (archived in MainCode/fsi-2010.xlsx),thesis_archived_workbook
Hungary,2011,142.000000,48.700000,2.500000,4.700000,3.500000,5.400000,5.500000,4.500000,5.400000,3.700000,3.000000,3.100000,3.100000,4.300000,https://fragilestatesindex.org/excel/ (archived in MainCode/fsi-2011.xlsx),thesis_archived_workbook
Hungary,2012,141.000000,48.300000,2.600000,4.700000,3.800000,5.900000,5.200000,4.200000,5.800000,3.400000,3.200000,2.800000,2.800000,4.000000,https://fragilestatesindex.org/excel/ (archived in MainCode/fsi-2012.xlsx),thesis_archived_workbook
Hungary,2013,141.000000,47.600000,2.300000,4.800000,4.100000,6.000000,4.900000,3.900000,5.900000,3.100000,3.400000,2.500000,2.900000,3.800000,https://fragilestatesindex.org/excel/ (archived in MainCode/fsi-2013.xlsx),thesis_archived_workbook
Hungary,2014,141.000000,48.300000,2.600000,4.900000,4.400000,5.600000,4.600000,3.600000,6.000000,3.200000,4.100000,2.800000,2.800000,3.700000,https://fragilestatesindex.org/excel/ (archived in MainCode/fsi-2014.xlsx),thesis_archived_workbook
Hungary,2015,139.000000,49.100000,2.400000,5.300000,4.700000,5.900000,4.300000,3.300000,6.600000,3.300000,4.500000,2.300000,2.500000,4.000000,https://fragilestatesindex.org/excel/ (archived in MainCode/fsi-2015.xlsx),thesis_archived_workbook
Hungary,2016,135.000000,52.700000,2.400000,5.300000,5.000000,5.600000,4.000000,3.000000,6.300000,3.400000,4.900000,2.000000,6.700000,4.100000,https://fragilestatesindex.org/excel/ (archived in MainCode/fsi-2016.xlsx),thesis_archived_workbook
Hungary,2017,135.000000,52.000000,2.700000,5.300000,4.800000,5.400000,3.800000,3.300000,6.100000,3.200000,5.200000,1.800000,6.500000,3.900000,https://fragilestatesindex.org/excel/ (archived in MainCode/fsi-2017.xlsx),thesis_archived_workbook
Hungary,2018,134.000000,50.204313,3.000000,5.300000,4.500000,5.104313,3.500000,3.000000,6.100000,2.900000,5.200000,1.500000,6.200000,3.900000,https://fragilestatesindex.org/excel/ (archived in MainCode/fsi-2018.xlsx),thesis_archived_workbook
Hungary,2019,134.000000,49.600000,2.700000,5.300000,4.200000,4.800000,3.200000,3.600000,6.400000,2.600000,5.300000,1.400000,5.900000,4.200000,https://fragilestatesindex.org/excel/ (archived in MainCode/fsi-2019.xlsx),thesis_archived_workbook
Hungary,2020,135.000000,47.620857,2.573814,5.300000,3.900000,4.500000,2.900000,3.883505,6.100000,2.444640,5.000000,1.251599,5.600000,4.167298,https://fragilestatesindex.org/excel/ (archived in MainCode/fsi-2020.xlsx),thesis_archived_workbook
Hungary,2021,134.000000,51.100000,2.400000,5.300000,3.600000,5.000000,2.900000,4.000000,6.400000,3.400000,5.300000,3.300000,5.600000,3.900000,https://fragilestatesindex.org/wp-content/uploads/2021/05/fsi-2021.xlsx,publisher_workbook
Hungary,2022,133.000000,50.800000,2.100000,5.300000,3.600000,4.700000,2.600000,4.000000,6.500000,3.100000,5.800000,3.800000,5.700000,3.600000,https://fragilestatesindex.org/wp-content/uploads/2022/07/fsi-2022-download.xlsx,publisher_workbook
Hungary,2023,135.000000,48.800000,1.800000,5.300000,3.300000,4.400000,2.600000,3.900000,6.200000,2.800000,5.700000,3.500000,5.400000,3.900000,https://fragilestatesindex.org/wp-content/uploads/2023/06/FSI-2023-DOWNLOAD.xlsx,publisher_workbook
Iceland,2007,170.000000,21.100000,1.000000,0.800000,1.000000,3.500000,2.500000,3.200000,1.300000,1.300000,2.100000,1.000000,0.900000,2.500000,https://fragilestatesindex.org/excel/ (archived in MainCode/fsi-2007.xlsx),thesis_archived_workbook
Iceland,2008,172.000000,20.900000,1.000000,0.800000,1.000000,3.000000,2.800000,3.200000,1.300000,1.300000,2.100000,1.000000,0.900000,2.500000,https://fragilestatesindex.org/excel/ (archived in MainCode/fsi-2008.xlsx),thesis_archived_workbook
Iceland,2009,165.000000,29.000000,1.000000,2.000000,1.000000,6.700000,2.500000,3.200000,2.200000,1.400000,2.100000,1.000000,0.900000,5.000000,https://fragilestatesindex.org/excel/ (archived in MainCode/fsi-2009.xlsx),thesis_archived_workbook
Iceland,2010,165.000000,29.800000,1.100000,2.000000,1.000000,7.200000,2.300000,3.000000,2.000000,1.500000,1.900000,0.800000,1.100000,5.900000,https://fragilestatesindex.org/excel/ (archived in MainCode/fsi-2010.xlsx),thesis_archived_workbook
Iceland,2011,165.000000,30.100000,1.000000,1.800000,1.000000,6.200000,2.200000,3.300000,2.000000,1.900000,1.600000,1.600000,1.500000,6.000000,https://fragilestatesindex.org/excel/ (archived in MainCode/fsi-2011.xlsx),thesis_archived_workbook
Iceland,2012,166.000000,29.100000,1.300000,1.800000,1.000000,5.700000,1.900000,3.100000,1.700000,1.900000,1.600000,1.900000,1.300000,5.700000,https://fragilestatesindex.org/excel/ (archived in MainCode/fsi-2012.xlsx),thesis_archived_workbook
Iceland,2013,171.000000,24.700000,1.000000,1.800000,1.000000,3.700000,1.700000,2.800000,1.400000,1.600000,1.300000,1.600000,1.600000,5.200000,https://fragilestatesindex.org/excel/ (archived in MainCode/fsi-2013.xlsx),thesis_archived_workbook
Iceland,2014,171.000000,25.900000,1.300000,1.800000,1.000000,3.900000,1.900000,3.100000,1.200000,1.900000,1.400000,1.900000,1.600000,4.900000,https://fragilestatesindex.org/excel/ (archived in MainCode/fsi-2014.xlsx),thesis_archived_workbook
Iceland,2015,171.000000,23.400000,1.000000,1.800000,1.300000,3.600000,1.600000,2.800000,0.900000,1.700000,1.100000,1.600000,1.400000,4.600000,https://fragilestatesindex.org/excel/ (archived in MainCode/fsi-2015.xlsx),thesis_archived_workbook
Iceland,2016,170.000000,22.800000,1.200000,1.800000,1.300000,3.500000,1.300000,2.500000,1.000000,1.400000,1.000000,1.800000,1.700000,4.300000,https://fragilestatesindex.org/excel/ (archived in MainCode/fsi-2016.xlsx),thesis_archived_workbook
Iceland,2017,171.000000,22.500000,1.000000,1.800000,1.300000,3.300000,1.100000,2.800000,1.300000,1.200000,1.000000,1.600000,2.000000,4.100000,https://fragilestatesindex.org/excel/ (archived in MainCode/fsi-2017.xlsx),thesis_archived_workbook
Iceland,2018,174.000000,20.300000,0.800000,1.800000,1.100000,3.200000,0.900000,2.600000,1.000000,1.000000,0.800000,1.400000,1.800000,3.900000,https://fragilestatesindex.org/excel/ (archived in MainCode/fsi-2018.xlsx),thesis_archived_workbook
Iceland,2019,173.000000,19.800000,0.700000,1.800000,1.000000,3.100000,0.900000,2.500000,1.000000,1.000000,1.000000,1.300000,1.700000,3.800000,https://fragilestatesindex.org/excel/ (archived in MainCode/fsi-2019.xlsx),thesis_archived_workbook
Iceland,2020,174.000000,17.800000,1.000000,1.800000,0.700000,2.800000,1.000000,2.200000,0.700000,0.700000,0.700000,1.000000,1.700000,3.500000,https://fragilestatesindex.org/excel/ (archived in MainCode/fsi-2020.xlsx),thesis_archived_workbook
Iceland,2021,177.000000,18.000000,0.700000,1.800000,0.500000,3.400000,1.300000,1.900000,0.500000,1.200000,0.500000,1.500000,1.500000,3.200000,https://fragilestatesindex.org/wp-content/uploads/2021/05/fsi-2021.xlsx,publisher_workbook
Iceland,2022,177.000000,17.100000,0.400000,1.800000,0.500000,3.100000,1.400000,1.700000,0.400000,0.900000,0.400000,1.800000,1.800000,2.900000,https://fragilestatesindex.org/wp-content/uploads/2022/07/fsi-2022-download.xlsx,publisher_workbook
Iceland,2023,178.000000,15.700000,0.400000,1.800000,0.500000,2.600000,1.500000,1.600000,0.400000,0.900000,0.400000,1.500000,1.500000,2.600000,https://fragilestatesindex.org/wp-content/uploads/2023/06/FSI-2023-DOWNLOAD.xlsx,publisher_workbook
India,2006,93.000000,70.400000,4.500000,5.700000,6.900000,5.000000,8.500000,7.100000,4.800000,6.700000,5.400000,8.800000,2.800000,4.200000,https://fragilestatesindex.org/excel/ (archived in MainCode/fsi-2006.xlsx),thesis_archived_workbook
India,2007,109.000000,70.800000,5.000000,5.600000,7.000000,4.600000,8.900000,7.100000,4.800000,6.700000,5.400000,8.300000,3.200000,4.200000,https://fragilestatesindex.org/excel/ (archived in MainCode/fsi-2007.xlsx),thesis_archived_workbook
India,2008,98.000000,72.900000,6.600000,6.000000,7.000000,4.600000,8.900000,6.900000,4.800000,6.700000,6.000000,8.000000,3.200000,4.200000,https://fragilestatesindex.org/excel/ (archived in MainCode/fsi-2008.xlsx),thesis_archived_workbook
India,2009,87.000000,77.800000,7.100000,6.000000,7.300000,5.000000,8.900000,6.700000,5.500000,7.000000,6.000000,8.300000,4.900000,5.100000,https://fragilestatesindex.org/excel/ (archived in MainCode/fsi-2009.xlsx),thesis_archived_workbook
India,2010,79.000000,79.200000,7.600000,6.200000,7.800000,5.100000,8.700000,6.500000,5.800000,7.200000,6.100000,8.100000,5.200000,4.900000,https://fragilestatesindex.org/excel/ (archived in MainCode/fsi-2010.xlsx),thesis_archived_workbook
India,2011,76.000000,79.300000,7.800000,6.800000,8.200000,5.400000,8.500000,6.200000,5.800000,7.200000,5.900000,8.000000,5.000000,4.500000,https://fragilestatesindex.org/excel/ (archived in MainCode/fsi-2011.xlsx),thesis_archived_workbook
India,2012,78.000000,78.000000,7.500000,6.800000,7.900000,5.500000,8.400000,5.900000,5.500000,6.900000,5.800000,7.300000,5.500000,5.000000,https://fragilestatesindex.org/excel/ (archived in MainCode/fsi-2012.xlsx),thesis_archived_workbook
India,2013,79.000000,77.500000,7.800000,6.800000,8.200000,5.400000,8.100000,5.400000,5.200000,6.700000,5.900000,7.500000,5.200000,5.200000,https://fragilestatesindex.org/excel/ (archived in MainCode/fsi-2013.xlsx),thesis_archived_workbook
India,2014,81.000000,76.900000,7.900000,6.800000,7.800000,5.700000,7.800000,5.200000,5.300000,7.000000,5.600000,7.700000,5.100000,5.000000,https://fragilestatesindex.org/excel/ (archived in MainCode/fsi-2014.xlsx),thesis_archived_workbook
India,2015,69.000000,79.300000,7.900000,7.300000,8.300000,5.600000,7.500000,5.500000,5.200000,7.500000,5.900000,8.000000,5.400000,5.300000,https://fragilestatesindex.org/excel/ (archived in MainCode/fsi-2015.xlsx),thesis_archived_workbook
India,2016,70.000000,79.600000,7.600000,7.300000,8.500000,5.300000,7.200000,5.800000,4.900000,7.600000,6.200000,8.100000,5.500000,5.600000,https://fragilestatesindex.org/excel/ (archived in MainCode/fsi-2016.xlsx),thesis_archived_workbook
India,2017,72.000000,77.900000,7.400000,7.300000,8.300000,5.100000,7.000000,6.100000,4.700000,7.400000,6.000000,7.900000,5.300000,5.400000,https://fragilestatesindex.org/excel/ (archived in MainCode/fsi-2017.xlsx),thesis_archived_workbook
India,2018,72.000000,76.308510,7.100000,7.300000,8.300000,5.021057,6.700000,6.398220,4.400000,7.100000,5.773246,8.000000,5.000000,5.215987,https://fragilestatesindex.org/excel/ (archived in MainCode/fsi-2018.xlsx),thesis_archived_workbook
India,2019,74.000000,74.400000,7.200000,7.300000,8.000000,5.300000,6.400000,6.100000,4.100000,6.800000,5.600000,7.700000,4.700000,5.100000,https://fragilestatesindex.org/excel/ (archived in MainCode/fsi-2019.xlsx),thesis_archived_workbook
India,2020,68.000000,75.307433,6.907433,7.300000,8.500000,5.600000,6.100000,5.800000,4.000000,6.500000,7.600000,7.800000,4.400000,4.800000,https://fragilestatesindex.org/excel/ (archived in MainCode/fsi-2020.xlsx),thesis_archived_workbook
India,2021,66.000000,77.000000,6.600000,7.300000,8.200000,7.000000,6.200000,5.500000,4.300000,7.500000,7.700000,8.100000,4.100000,4.500000,https://fragilestatesindex.org/wp-content/uploads/2021/05/fsi-2021.xlsx,publisher_workbook
India,2022,69.000000,75.300000,6.300000,7.300000,8.100000,6.500000,6.100000,5.200000,4.400000,7.600000,7.400000,8.400000,3.800000,4.200000,https://fragilestatesindex.org/wp-content/uploads/2022/07/fsi-2022-download.xlsx,publisher_workbook
India,2023,73.000000,74.100000,6.000000,7.300000,8.100000,6.200000,5.800000,4.900000,4.500000,7.300000,7.500000,8.500000,4.100000,3.900000,https://fragilestatesindex.org/wp-content/uploads/2023/06/FSI-2023-DOWNLOAD.xlsx,publisher_workbook
India,2024,75.000000,72.300000,,,,,,,,,,,,,https://fragilestatesindex.org/wp-content/uploads/2025/02/FSI-2024-Report-A-World-Adrift.pdf,report_page_7_total_only
Indonesia,2006,32.000000,89.200000,7.500000,7.900000,6.300000,6.800000,8.000000,8.300000,6.700000,7.200000,7.500000,7.500000,8.200000,7.300000,https://fragilestatesindex.org/excel/ (archived in MainCode/fsi-2006.xlsx),thesis_archived_workbook
Indonesia,2007,55.000000,84.400000,7.300000,7.200000,6.000000,6.500000,8.000000,7.500000,6.500000,7.000000,7.000000,7.000000,7.500000,6.900000,https://fragilestatesindex.org/excel/ (archived in MainCode/fsi-2007.xlsx),thesis_archived_workbook
Indonesia,2008,60.000000,83.300000,7.100000,7.000000,5.900000,6.300000,8.000000,7.500000,6.800000,6.700000,6.800000,7.000000,7.300000,6.900000,https://fragilestatesindex.org/excel/ (archived in MainCode/fsi-2008.xlsx),thesis_archived_workbook
Indonesia,2009,61.000000,84.100000,7.300000,7.300000,6.300000,6.900000,8.100000,7.200000,6.700000,6.700000,6.700000,7.300000,6.700000,6.900000,https://fragilestatesindex.org/excel/ (archived in MainCode/fsi-2009.xlsx),thesis_archived_workbook
Indonesia,2010,61.000000,83.100000,7.300000,7.100000,6.300000,6.700000,7.900000,7.300000,6.900000,6.700000,6.500000,7.200000,6.500000,6.700000,https://fragilestatesindex.org/excel/ (archived in MainCode/fsi-2010.xlsx),thesis_archived_workbook
Indonesia,2011,64.000000,81.600000,7.100000,7.000000,6.600000,6.400000,7.500000,6.900000,6.700000,6.500000,6.300000,7.400000,6.600000,6.500000,https://fragilestatesindex.org/excel/ (archived in MainCode/fsi-2011.xlsx),thesis_archived_workbook
Indonesia,2012,63.000000,80.600000,7.100000,7.000000,7.100000,6.000000,7.200000,6.600000,6.700000,6.200000,6.800000,7.400000,6.300000,6.200000,https://fragilestatesindex.org/excel/ (archived in MainCode/fsi-2012.xlsx),thesis_archived_workbook
Indonesia,2013,76.000000,78.200000,6.800000,7.000000,7.300000,5.500000,6.900000,6.300000,6.400000,6.100000,6.500000,7.500000,6.000000,5.900000,https://fragilestatesindex.org/excel/ (archived in MainCode/fsi-2013.xlsx),thesis_archived_workbook
Indonesia,2014,82.000000,76.800000,6.500000,7.000000,7.600000,5.500000,6.600000,6.000000,6.500000,6.000000,6.200000,7.400000,5.900000,5.600000,https://fragilestatesindex.org/excel/ (archived in MainCode/fsi-2014.xlsx),thesis_archived_workbook
Indonesia,2015,88.000000,75.000000,6.200000,7.000000,7.300000,5.200000,6.300000,6.300000,5.600000,6.000000,6.800000,7.100000,5.900000,5.300000,https://fragilestatesindex.org/excel/ (archived in MainCode/fsi-2015.xlsx),thesis_archived_workbook
Indonesia,2016,86.000000,74.900000,5.900000,7.000000,7.300000,5.500000,6.000000,6.600000,5.300000,6.100000,7.400000,6.800000,5.600000,5.400000,https://fragilestatesindex.org/excel/ (archived in MainCode/fsi-2016.xlsx),thesis_archived_workbook
Indonesia,2017,94.000000,72.900000,6.200000,7.000000,7.100000,4.500000,5.800000,6.900000,5.100000,5.900000,7.200000,6.600000,5.400000,5.200000,https://fragilestatesindex.org/excel/ (archived in MainCode/fsi-2017.xlsx),thesis_archived_workbook
Indonesia,2018,91.000000,72.297728,6.215620,7.000000,7.200000,4.782108,5.500000,7.200000,4.800000,5.600000,7.300000,6.700000,5.100000,4.900000,https://fragilestatesindex.org/excel/ (archived in MainCode/fsi-2018.xlsx),thesis_archived_workbook
Indonesia,2019,93.000000,70.400000,5.900000,7.100000,7.300000,4.500000,5.200000,6.900000,4.500000,5.300000,7.000000,7.300000,4.800000,4.600000,https://fragilestatesindex.org/excel/ (archived in MainCode/fsi-2019.xlsx),thesis_archived_workbook
Indonesia,2020,96.000000,67.845505,6.074811,7.100000,7.400000,4.200000,4.900000,6.600000,4.200000,5.070694,6.700000,6.800000,4.500000,4.300000,https://fragilestatesindex.org/excel/ (archived in MainCode/fsi-2020.xlsx),thesis_archived_workbook
Indonesia,2021,99.000000,67.600000,5.800000,7.100000,7.100000,4.300000,4.800000,6.300000,4.400000,6.100000,6.400000,6.800000,4.200000,4.300000,https://fragilestatesindex.org/wp-content/uploads/2021/05/fsi-2021.xlsx,publisher_workbook
Indonesia,2022,100.000000,66.600000,5.500000,7.100000,6.800000,4.200000,4.500000,6.000000,4.500000,6.200000,6.200000,7.300000,4.300000,4.000000,https://fragilestatesindex.org/wp-content/uploads/2022/07/fsi-2022-download.xlsx,publisher_workbook
Indonesia,2023,98.000000,65.600000,5.200000,7.100000,6.900000,4.100000,4.400000,5.700000,4.700000,5.900000,6.500000,7.000000,4.400000,3.700000,https://fragilestatesindex.org/wp-content/uploads/2023/06/FSI-2023-DOWNLOAD.xlsx,publisher_workbook
Iran,2006,52.000000,84.000000,8.000000,8.800000,6.900000,3.000000,7.500000,5.000000,8.100000,6.100000,9.100000,6.500000,8.700000,6.300000,https://fragilestatesindex.org/excel/ (archived in MainCode/fsi-2006.xlsx),thesis_archived_workbook
Iran,2007,57.000000,82.800000,8.300000,8.900000,7.100000,3.300000,7.200000,5.000000,7.800000,5.700000,8.700000,6.200000,8.600000,6.000000,https://fragilestatesindex.org/excel/ (archived in MainCode/fsi-2007.xlsx),thesis_archived_workbook
Iran,2008,49.000000,85.700000,8.500000,9.000000,7.300000,4.300000,7.400000,5.000000,8.000000,5.800000,8.700000,6.500000,8.700000,6.500000,https://fragilestatesindex.org/excel/ (archived in MainCode/fsi-2008.xlsx),thesis_archived_workbook
Iran,2009,38.000000,90.000000,8.600000,9.100000,7.600000,5.500000,7.400000,6.800000,8.300000,6.000000,8.900000,6.500000,8.500000,6.800000,https://fragilestatesindex.org/excel/ (archived in MainCode/fsi-2009.xlsx),thesis_archived_workbook
Iran,2010,32.000000,92.200000,8.900000,9.500000,8.100000,5.500000,7.300000,7.100000,9.000000,5.900000,9.400000,6.400000,8.300000,6.800000,https://fragilestatesindex.org/excel/ (archived in MainCode/fsi-2010.xlsx),thesis_archived_workbook
Iran,2011,35.000000,90.200000,8.600000,9.200000,8.500000,5.400000,7.000000,6.700000,9.100000,5.600000,9.000000,6.100000,7.900000,7.000000,https://fragilestatesindex.org/excel/ (archived in MainCode/fsi-2011.xlsx),thesis_archived_workbook
Iran,2012,34.000000,89.600000,8.300000,9.300000,8.600000,6.400000,6.700000,6.400000,8.800000,5.300000,8.900000,5.800000,7.600000,7.400000,https://fragilestatesindex.org/excel/ (archived in MainCode/fsi-2012.xlsx),thesis_archived_workbook
Iran,2013,37.000000,89.700000,8.600000,9.400000,8.800000,6.500000,6.700000,6.100000,8.900000,5.000000,9.400000,5.500000,7.300000,7.500000,https://fragilestatesindex.org/excel/ (archived in MainCode/fsi-2013.xlsx),thesis_archived_workbook
Iran,2014,44.000000,87.200000,8.300000,9.400000,8.800000,6.400000,6.400000,5.900000,8.700000,4.800000,9.300000,5.300000,6.800000,7.100000,https://fragilestatesindex.org/excel/ (archived in MainCode/fsi-2014.xlsx),thesis_archived_workbook
Iran,2015,44.000000,87.100000,8.000000,9.400000,8.500000,6.900000,6.100000,6.200000,8.900000,5.000000,9.300000,5.400000,6.500000,7.000000,https://fragilestatesindex.org/excel/ (archived in MainCode/fsi-2015.xlsx),thesis_archived_workbook
Iran,2016,47.000000,86.900000,7.700000,9.600000,8.800000,6.600000,5.800000,6.500000,9.200000,4.700000,9.500000,5.100000,6.700000,6.700000,https://fragilestatesindex.org/excel/ (archived in MainCode/fsi-2016.xlsx),thesis_archived_workbook
Iran,2017,49.000000,85.800000,7.500000,9.600000,9.300000,6.400000,5.600000,6.500000,9.000000,4.500000,9.500000,4.900000,6.500000,6.500000,https://fragilestatesindex.org/excel/ (archived in MainCode/fsi-2017.xlsx),thesis_archived_workbook
Iran,2018,52.000000,84.271115,7.200000,9.600000,9.271115,6.400000,5.600000,6.200000,9.200000,4.200000,9.200000,5.000000,6.200000,6.200000,https://fragilestatesindex.org/excel/ (archived in MainCode/fsi-2018.xlsx),thesis_archived_workbook
Iran,2019,52.000000,83.000000,6.900000,9.600000,9.500000,6.900000,5.300000,5.900000,9.000000,3.900000,8.900000,4.500000,5.900000,6.700000,https://fragilestatesindex.org/excel/ (archived in MainCode/fsi-2019.xlsx),thesis_archived_workbook
Iran,2020,44.000000,83.386609,7.200000,9.600000,9.597422,7.200000,5.000000,5.600000,9.200000,3.689186,9.200000,4.500000,5.600000,7.000000,https://fragilestatesindex.org/excel/ (archived in MainCode/fsi-2020.xlsx),thesis_archived_workbook
Iran,2021,43.000000,84.500000,6.900000,9.600000,9.300000,7.600000,4.900000,5.300000,9.200000,4.700000,9.500000,5.500000,5.300000,6.700000,https://fragilestatesindex.org/wp-content/uploads/2021/05/fsi-2021.xlsx,publisher_workbook
Iran,2022,39.000000,84.100000,6.600000,9.600000,9.200000,7.300000,4.600000,5.000000,9.300000,4.400000,9.800000,6.500000,5.400000,6.400000,https://fragilestatesindex.org/wp-content/uploads/2022/07/fsi-2022-download.xlsx,publisher_workbook
Iran,2023,40.000000,85.400000,7.000000,9.600000,9.600000,7.600000,4.500000,4.900000,9.800000,4.100000,9.900000,6.800000,5.500000,6.100000,https://fragilestatesindex.org/wp-content/uploads/2023/06/FSI-2023-DOWNLOAD.xlsx,publisher_workbook
Iraq,2006,4.000000,109.000000,9.800000,9.700000,9.800000,8.200000,8.700000,9.100000,8.500000,8.300000,9.700000,8.900000,8.300000,10.000000,https://fragilestatesindex.org/excel/ (archived in MainCode/fsi-2006.xlsx),thesis_archived_workbook
Iraq,2007,2.000000,111.400000,10.000000,9.800000,10.000000,8.000000,8.500000,9.500000,9.400000,8.500000,9.700000,9.000000,9.000000,10.000000,https://fragilestatesindex.org/excel/ (archived in MainCode/fsi-2007.xlsx),thesis_archived_workbook
Iraq,2008,5.000000,110.600000,9.900000,9.800000,9.800000,7.800000,8.500000,9.300000,9.400000,8.500000,9.600000,9.000000,9.000000,10.000000,https://fragilestatesindex.org/excel/ (archived in MainCode/fsi-2008.xlsx),thesis_archived_workbook
Iraq,2009,6.000000,108.600000,9.700000,9.600000,9.700000,7.600000,8.600000,9.100000,9.000000,8.400000,9.300000,8.700000,8.900000,10.000000,https://fragilestatesindex.org/excel/ (archived in MainCode/fsi-2009.xlsx),thesis_archived_workbook
Iraq,2010,7.000000,107.300000,9.500000,9.600000,9.300000,7.600000,8.800000,9.300000,9.000000,8.400000,9.100000,8.500000,8.700000,9.500000,https://fragilestatesindex.org/excel/ (archived in MainCode/fsi-2010.xlsx),thesis_archived_workbook
Iraq,2011,9.000000,104.800000,9.500000,9.600000,9.000000,7.000000,9.000000,8.900000,8.700000,8.000000,8.600000,8.300000,9.000000,9.300000,https://fragilestatesindex.org/excel/ (archived in MainCode/fsi-2011.xlsx),thesis_archived_workbook
Iraq,2012,9.000000,104.300000,9.900000,9.600000,9.700000,7.700000,8.700000,8.600000,8.400000,7.800000,8.300000,8.000000,8.500000,9.000000,https://fragilestatesindex.org/excel/ (archived in MainCode/fsi-2012.xlsx),thesis_archived_workbook
Iraq,2013,11.000000,103.900000,10.000000,9.600000,10.000000,7.300000,8.400000,8.300000,8.600000,7.600000,8.600000,8.300000,8.800000,8.500000,https://fragilestatesindex.org/excel/ (archived in MainCode/fsi-2013.xlsx),thesis_archived_workbook
Iraq,2014,13.000000,102.200000,10.000000,9.600000,10.000000,7.000000,8.100000,8.000000,8.700000,7.700000,8.700000,8.000000,8.500000,7.900000,https://fragilestatesindex.org/excel/ (archived in MainCode/fsi-2014.xlsx),thesis_archived_workbook
Iraq,2015,12.000000,104.400000,10.000000,9.600000,10.000000,6.900000,7.800000,8.100000,9.200000,7.500000,8.900000,8.200000,8.900000,9.400000,https://fragilestatesindex.org/excel/ (archived in MainCode/fsi-2015.xlsx),thesis_archived_workbook
Iraq,2016,11.000000,104.700000,10.000000,9.600000,9.800000,6.800000,7.500000,7.900000,9.200000,7.800000,8.900000,8.100000,9.400000,9.700000,https://fragilestatesindex.org/excel/ (archived in MainCode/fsi-2016.xlsx),thesis_archived_workbook
Iraq,2017,10.000000,105.400000,10.000000,9.600000,9.600000,6.600000,7.300000,7.700000,9.500000,8.200000,8.700000,8.600000,9.900000,9.700000,https://fragilestatesindex.org/excel/ (archived in MainCode/fsi-2017.xlsx),thesis_archived_workbook
Iraq,2018,11.000000,102.205685,8.986362,9.600000,9.300000,6.303367,7.000000,7.400000,9.200000,8.315956,8.400000,8.700000,9.600000,9.400000,https://fragilestatesindex.org/excel/ (archived in MainCode/fsi-2018.xlsx),thesis_archived_workbook
Iraq,2019,13.000000,99.100000,8.700000,9.600000,8.800000,5.900000,6.700000,7.100000,8.900000,8.700000,8.100000,8.400000,9.100000,9.100000,https://fragilestatesindex.org/excel/ (archived in MainCode/fsi-2019.xlsx),thesis_archived_workbook
Iraq,2020,17.000000,95.941170,8.200000,9.600000,8.500000,5.600000,6.400000,6.800000,9.119573,8.400000,7.821597,8.100000,8.600000,8.800000,https://fragilestatesindex.org/excel/ (archived in MainCode/fsi-2020.xlsx),thesis_archived_workbook
Iraq,2021,20.000000,96.200000,7.900000,9.600000,8.200000,6.900000,6.100000,6.500000,8.800000,8.900000,8.100000,8.400000,8.300000,8.500000,https://fragilestatesindex.org/wp-content/uploads/2021/05/fsi-2021.xlsx,publisher_workbook
Iraq,2022,23.000000,93.800000,7.800000,9.600000,7.900000,6.600000,5.800000,6.400000,8.300000,8.600000,8.100000,8.500000,8.000000,8.200000,https://fragilestatesindex.org/wp-content/uploads/2022/07/fsi-2022-download.xlsx,publisher_workbook
Iraq,2023,27.000000,91.400000,7.500000,9.600000,8.000000,6.300000,5.700000,6.100000,8.300000,8.300000,7.800000,8.200000,7.700000,7.900000,https://fragilestatesindex.org/wp-content/uploads/2023/06/FSI-2023-DOWNLOAD.xlsx,publisher_workbook
Ireland,2006,143.000000,18.600000,1.000000,1.000000,1.000000,1.900000,3.000000,2.000000,1.500000,1.300000,1.500000,2.000000,1.400000,1.000000,https://fragilestatesindex.org/excel/ (archived in MainCode/fsi-2006.xlsx),thesis_archived_workbook
Ireland,2007,173.000000,19.500000,1.000000,1.000000,1.000000,2.100000,2.900000,2.100000,1.500000,1.800000,1.500000,1.600000,1.500000,1.500000,https://fragilestatesindex.org/excel/ (archived in MainCode/fsi-2007.xlsx),thesis_archived_workbook
Ireland,2008,174.000000,19.900000,1.000000,1.000000,1.000000,2.000000,3.000000,2.000000,1.500000,2.000000,1.500000,1.900000,1.500000,1.500000,https://fragilestatesindex.org/excel/ (archived in MainCode/fsi-2008.xlsx),thesis_archived_workbook
Ireland,2009,173.000000,21.600000,1.100000,1.300000,1.000000,2.700000,3.000000,2.000000,1.800000,2.300000,1.500000,1.900000,1.500000,1.500000,https://fragilestatesindex.org/excel/ (archived in MainCode/fsi-2009.xlsx),thesis_archived_workbook
Ireland,2010,173.000000,22.400000,1.400000,1.500000,1.000000,3.300000,2.800000,2.000000,1.600000,2.400000,1.500000,2.000000,1.600000,1.300000,https://fragilestatesindex.org/excel/ (archived in MainCode/fsi-2010.xlsx),thesis_archived_workbook
Ireland,2011,171.000000,25.300000,1.600000,1.400000,1.300000,3.900000,2.600000,2.400000,2.000000,2.200000,1.200000,2.300000,2.000000,2.400000,https://fragilestatesindex.org/excel/ (archived in MainCode/fsi-2011.xlsx),thesis_archived_workbook
Ireland,2012,170.000000,26.500000,1.700000,1.400000,1.600000,3.800000,2.700000,3.000000,2.200000,2.200000,1.300000,2.500000,1.700000,2.400000,https://fragilestatesindex.org/excel/ (archived in MainCode/fsi-2012.xlsx),thesis_archived_workbook
Ireland,2013,170.000000,24.800000,1.800000,1.300000,1.600000,3.900000,2.500000,2.800000,1.900000,1.900000,1.300000,2.200000,1.400000,2.200000,https://fragilestatesindex.org/excel/ (archived in MainCode/fsi-2013.xlsx),thesis_archived_workbook
Ireland,2014,170.000000,26.100000,2.100000,1.300000,1.600000,4.200000,2.700000,3.100000,1.800000,2.200000,1.200000,2.500000,1.400000,2.000000,https://fragilestatesindex.org/excel/ (archived in MainCode/fsi-2014.xlsx),thesis_archived_workbook
Ireland,2015,169.000000,24.600000,1.800000,1.300000,1.900000,4.100000,2.700000,2.800000,1.500000,1.900000,1.200000,2.200000,1.400000,1.900000,https://fragilestatesindex.org/excel/ (archived in MainCode/fsi-2015.xlsx),thesis_archived_workbook
Ireland,2016,172.000000,22.500000,1.800000,1.500000,1.600000,3.600000,2.400000,2.500000,1.200000,1.600000,1.100000,1.900000,1.700000,1.600000,https://fragilestatesindex.org/excel/ (archived in MainCode/fsi-2016.xlsx),thesis_archived_workbook
Ireland,2017,172.000000,22.300000,2.100000,1.500000,1.400000,3.400000,2.200000,2.800000,1.000000,1.400000,1.400000,1.700000,2.000000,1.400000,https://fragilestatesindex.org/excel/ (archived in MainCode/fsi-2017.xlsx),thesis_archived_workbook
Ireland,2018,173.000000,20.739305,2.400000,1.500000,1.100000,3.100000,1.900000,2.565197,0.700000,1.441696,1.700000,1.532412,1.700000,1.100000,https://fragilestatesindex.org/excel/ (archived in MainCode/fsi-2018.xlsx),thesis_archived_workbook
Ireland,2019,168.000000,20.600000,2.700000,1.500000,1.000000,2.800000,1.600000,2.800000,0.700000,1.400000,1.800000,1.700000,1.400000,1.200000,https://fragilestatesindex.org/excel/ (archived in MainCode/fsi-2019.xlsx),thesis_archived_workbook
Ireland,2020,168.000000,19.939417,3.000000,1.500000,0.700000,2.500000,1.314555,3.100000,0.450199,1.441354,1.828438,1.725404,1.100000,1.279467,https://fragilestatesindex.org/excel/ (archived in MainCode/fsi-2020.xlsx),thesis_archived_workbook
Ireland,2021,169.000000,22.200000,2.700000,1.500000,0.500000,2.700000,1.600000,2.800000,0.500000,2.500000,1.600000,2.800000,1.400000,1.600000,https://fragilestatesindex.org/wp-content/uploads/2021/05/fsi-2021.xlsx,publisher_workbook
Ireland,2022,171.000000,20.800000,2.400000,1.500000,0.600000,2.000000,1.700000,2.600000,0.600000,2.200000,1.500000,3.100000,1.300000,1.300000,https://fragilestatesindex.org/wp-content/uploads/2022/07/fsi-2022-download.xlsx,publisher_workbook
Ireland,2023,171.000000,19.500000,2.100000,1.500000,0.500000,1.700000,1.800000,2.500000,0.500000,1.900000,1.600000,2.800000,1.600000,1.000000,https://fragilestatesindex.org/wp-content/uploads/2023/06/FSI-2023-DOWNLOAD.xlsx,publisher_workbook
Israel,2021,148.000000,43.000000,2.400000,7.900000,6.700000,1.200000,3.600000,2.400000,3.300000,1.800000,2.900000,4.800000,1.200000,4.800000,https://fragilestatesindex.org/wp-content/uploads/2021/05/fsi-2021.xlsx,publisher_workbook
Israel,2022,146.000000,42.600000,2.500000,8.000000,6.800000,1.100000,3.400000,2.400000,3.000000,1.700000,2.900000,5.100000,1.200000,4.500000,https://fragilestatesindex.org/wp-content/uploads/2022/07/fsi-2022-download.xlsx,publisher_workbook
Israel,2023,143.000000,44.100000,2.600000,8.300000,7.100000,1.000000,3.600000,2.400000,3.300000,1.600000,2.900000,4.800000,1.700000,4.800000,https://fragilestatesindex.org/wp-content/uploads/2023/06/FSI-2023-DOWNLOAD.xlsx,publisher_workbook
Israel and West Bank,2006,67.000000,79.400000,4.800000,7.500000,9.000000,3.800000,7.000000,3.500000,7.300000,7.000000,7.000000,7.000000,8.500000,7.000000,https://fragilestatesindex.org/excel/ (archived in MainCode/fsi-2006.xlsx),thesis_archived_workbook
Israel and West Bank,2007,74.000000,79.600000,5.300000,7.200000,9.000000,3.700000,6.900000,3.500000,7.300000,7.000000,7.400000,7.000000,7.900000,7.400000,https://fragilestatesindex.org/excel/ (archived in MainCode/fsi-2007.xlsx),thesis_archived_workbook
Israel and West Bank,2008,58.000000,83.600000,5.500000,8.000000,9.000000,3.900000,7.500000,3.800000,7.500000,7.200000,7.900000,7.200000,8.100000,8.000000,https://fragilestatesindex.org/excel/ (archived in MainCode/fsi-2008.xlsx),thesis_archived_workbook
Israel and West Bank,2009,56.000000,84.600000,6.000000,8.000000,9.300000,4.100000,7.500000,4.000000,7.500000,7.000000,8.000000,7.200000,8.000000,8.000000,https://fragilestatesindex.org/excel/ (archived in MainCode/fsi-2009.xlsx),thesis_archived_workbook
Israel and West Bank,2010,54.000000,84.600000,6.500000,8.200000,9.500000,4.400000,7.700000,3.800000,7.300000,6.800000,7.800000,7.000000,7.800000,7.800000,https://fragilestatesindex.org/excel/ (archived in MainCode/fsi-2010.xlsx),thesis_archived_workbook
Israel and West Bank,2011,53.000000,84.400000,7.000000,8.100000,9.600000,4.300000,7.800000,3.800000,7.300000,6.500000,7.900000,6.800000,7.600000,7.800000,https://fragilestatesindex.org/excel/ (archived in MainCode/fsi-2011.xlsx),thesis_archived_workbook
Israel and West Bank,2012,61.000000,82.200000,6.800000,8.100000,9.500000,4.000000,7.800000,3.500000,7.000000,6.200000,7.900000,6.500000,7.300000,7.600000,https://fragilestatesindex.org/excel/ (archived in MainCode/fsi-2012.xlsx),thesis_archived_workbook
Israel and West Bank,2013,67.000000,80.800000,7.100000,8.100000,9.800000,3.700000,7.500000,3.200000,6.700000,5.900000,7.600000,6.200000,7.400000,7.700000,https://fragilestatesindex.org/excel/ (archived in MainCode/fsi-2013.xlsx),thesis_archived_workbook
Israel and West Bank,2014,67.000000,79.500000,6.800000,8.100000,9.700000,4.000000,7.200000,3.500000,6.600000,5.600000,7.100000,6.300000,7.100000,7.500000,https://fragilestatesindex.org/excel/ (archived in MainCode/fsi-2014.xlsx),thesis_archived_workbook
Israel and West Bank,2015,68.000000,79.400000,7.000000,8.100000,9.700000,3.900000,6.900000,3.800000,6.300000,5.300000,7.400000,6.000000,7.400000,7.600000,https://fragilestatesindex.org/excel/ (archived in MainCode/fsi-2015.xlsx),thesis_archived_workbook
Israel and West Bank,2016,69.000000,79.700000,7.100000,8.100000,9.800000,4.000000,7.000000,3.500000,6.600000,5.000000,7.700000,5.700000,7.500000,7.700000,https://fragilestatesindex.org/excel/ (archived in MainCode/fsi-2016.xlsx),thesis_archived_workbook
Israel and West Bank,2017,69.000000,78.900000,6.900000,8.100000,10.000000,3.800000,6.800000,3.800000,6.400000,4.800000,7.500000,6.000000,7.300000,7.500000,https://fragilestatesindex.org/excel/ (archived in MainCode/fsi-2017.xlsx),thesis_archived_workbook
Israel and West Bank,2018,66.000000,78.533740,6.600000,8.100000,9.998970,4.052983,6.500000,4.100000,6.500000,4.500000,7.200000,5.700000,7.481787,7.800000,https://fragilestatesindex.org/excel/ (archived in MainCode/fsi-2018.xlsx),thesis_archived_workbook
Israel and West Bank,2019,67.000000,76.500000,6.300000,8.100000,10.000000,4.200000,6.200000,4.400000,6.200000,4.200000,6.900000,5.400000,7.200000,7.500000,https://fragilestatesindex.org/excel/ (archived in MainCode/fsi-2019.xlsx),thesis_archived_workbook
Israel and West Bank,2020,69.000000,75.123972,6.000000,8.424000,9.999972,3.900000,5.900000,4.700000,5.900000,3.900000,6.600000,5.100000,7.500000,7.200000,https://fragilestatesindex.org/excel/ (archived in MainCode/fsi-2020.xlsx),thesis_archived_workbook
Italy,2006,127.000000,35.100000,2.500000,2.800000,3.500000,4.000000,4.500000,3.000000,3.200000,1.500000,1.800000,3.500000,2.800000,2.000000,https://fragilestatesindex.org/excel/ (archived in MainCode/fsi-2006.xlsx),thesis_archived_workbook
Italy,2007,155.000000,37.100000,2.500000,3.200000,3.500000,3.800000,4.500000,3.000000,3.700000,2.000000,1.800000,3.600000,3.500000,2.000000,https://fragilestatesindex.org/excel/ (archived in MainCode/fsi-2007.xlsx),thesis_archived_workbook
Italy,2008,154.000000,39.900000,3.700000,3.300000,4.000000,3.800000,4.500000,3.000000,3.800000,2.500000,2.100000,3.700000,3.500000,2.000000,https://fragilestatesindex.org/excel/ (archived in MainCode/fsi-2008.xlsx),thesis_archived_workbook
Italy,2009,150.000000,43.900000,4.000000,3.700000,4.500000,4.400000,4.700000,3.000000,4.300000,2.800000,2.600000,3.800000,3.700000,2.400000,https://fragilestatesindex.org/excel/ (archived in MainCode/fsi-2009.xlsx),thesis_archived_workbook
Italy,2010,149.000000,45.700000,4.200000,4.000000,4.800000,4.700000,4.500000,2.800000,4.500000,3.100000,3.000000,4.000000,3.900000,2.200000,https://fragilestatesindex.org/excel/ (archived in MainCode/fsi-2010.xlsx),thesis_archived_workbook
Italy,2011,147.000000,45.800000,4.900000,4.400000,5.300000,4.200000,4.100000,3.200000,4.700000,2.800000,3.100000,3.600000,3.500000,2.000000,https://fragilestatesindex.org/excel/ (archived in MainCode/fsi-2011.xlsx),thesis_archived_workbook
Italy,2012,145.000000,45.800000,4.900000,4.800000,5.000000,4.600000,3.800000,2.900000,5.000000,2.700000,3.200000,3.300000,3.600000,2.000000,https://fragilestatesindex.org/excel/ (archived in MainCode/fsi-2012.xlsx),thesis_archived_workbook
Italy,2013,147.000000,44.600000,5.000000,4.800000,4.700000,4.800000,3.600000,2.600000,4.700000,2.400000,2.900000,3.800000,3.300000,2.000000,https://fragilestatesindex.org/excel/ (archived in MainCode/fsi-2013.xlsx),thesis_archived_workbook
Italy,2014,148.000000,43.400000,4.700000,4.900000,4.600000,5.100000,3.300000,2.300000,4.200000,2.600000,2.800000,3.600000,3.400000,1.900000,https://fragilestatesindex.org/excel/ (archived in MainCode/fsi-2014.xlsx),thesis_archived_workbook
Italy,2015,147.000000,43.200000,4.400000,4.900000,4.900000,5.600000,3.400000,2.000000,4.200000,2.300000,2.500000,3.100000,3.700000,2.200000,https://fragilestatesindex.org/excel/ (archived in MainCode/fsi-2015.xlsx),thesis_archived_workbook
Italy,2016,148.000000,43.100000,4.200000,4.900000,5.000000,5.500000,3.100000,1.700000,3.900000,2.300000,2.200000,2.800000,5.000000,2.500000,https://fragilestatesindex.org/excel/ (archived in MainCode/fsi-2016.xlsx),thesis_archived_workbook
Italy,2017,142.000000,45.200000,4.500000,4.900000,4.800000,5.400000,2.900000,2.000000,3.700000,2.700000,2.000000,4.300000,5.500000,2.500000,https://fragilestatesindex.org/excel/ (archived in MainCode/fsi-2017.xlsx),thesis_archived_workbook
Italy,2018,143.000000,43.800000,4.800000,4.900000,4.800000,5.100000,2.600000,1.700000,3.700000,3.000000,1.700000,3.800000,5.200000,2.500000,https://fragilestatesindex.org/excel/ (archived in MainCode/fsi-2018.xlsx),thesis_archived_workbook
Italy,2019,143.000000,43.800000,5.100000,4.900000,4.900000,5.200000,2.300000,2.000000,3.400000,3.000000,1.400000,3.500000,5.300000,2.800000,https://fragilestatesindex.org/excel/ (archived in MainCode/fsi-2019.xlsx),thesis_archived_workbook
Italy,2020,143.000000,42.353130,5.400000,4.900000,4.600000,4.900000,2.035889,2.300000,3.100000,2.717241,1.100000,3.200000,5.000000,3.100000,https://fragilestatesindex.org/excel/ (archived in MainCode/fsi-2020.xlsx),thesis_archived_workbook
Italy,2021,141.000000,45.200000,5.100000,4.900000,4.300000,5.700000,2.300000,2.400000,2.800000,3.700000,0.900000,5.200000,4.500000,3.400000,https://fragilestatesindex.org/wp-content/uploads/2021/05/fsi-2021.xlsx,publisher_workbook
Italy,2022,143.000000,43.400000,4.800000,4.900000,4.000000,5.100000,2.600000,2.300000,2.300000,3.600000,0.800000,4.900000,4.600000,3.500000,https://fragilestatesindex.org/wp-content/uploads/2022/07/fsi-2022-download.xlsx,publisher_workbook
Italy,2023,146.000000,42.600000,4.500000,4.900000,3.700000,5.400000,2.900000,2.500000,2.000000,3.900000,0.700000,4.600000,4.300000,3.200000,https://fragilestatesindex.org/wp-content/uploads/2023/06/FSI-2023-DOWNLOAD.xlsx,publisher_workbook
Jamaica,2006,97.000000,66.800000,6.000000,3.900000,4.500000,5.000000,6.500000,6.700000,7.000000,6.500000,5.600000,6.500000,2.500000,6.100000,https://fragilestatesindex.org/excel/ (archived in MainCode/fsi-2006.xlsx),thesis_archived_workbook
Jamaica,2007,122.000000,65.100000,5.600000,3.700000,4.300000,5.400000,6.700000,6.700000,7.000000,5.800000,5.400000,6.100000,2.400000,6.000000,https://fragilestatesindex.org/excel/ (archived in MainCode/fsi-2007.xlsx),thesis_archived_workbook
Jamaica,2008,121.000000,65.700000,5.600000,4.000000,4.300000,6.000000,6.500000,6.500000,6.900000,6.000000,5.400000,6.100000,2.400000,6.000000,https://fragilestatesindex.org/excel/ (archived in MainCode/fsi-2008.xlsx),thesis_archived_workbook
Jamaica,2009,117.000000,68.600000,6.000000,4.000000,4.500000,6.600000,6.700000,6.300000,7.000000,6.400000,5.700000,6.400000,2.700000,6.300000,https://fragilestatesindex.org/excel/ (archived in MainCode/fsi-2009.xlsx),thesis_archived_workbook
Jamaica,2010,119.000000,67.400000,5.800000,4.000000,4.500000,6.800000,6.500000,6.400000,6.800000,6.200000,5.500000,6.000000,2.800000,6.100000,https://fragilestatesindex.org/excel/ (archived in MainCode/fsi-2010.xlsx),thesis_archived_workbook
Jamaica,2011,118.000000,67.100000,6.300000,3.700000,4.300000,6.300000,6.200000,6.700000,6.500000,5.900000,5.300000,6.200000,3.400000,6.300000,https://fragilestatesindex.org/excel/ (archived in MainCode/fsi-2011.xlsx),thesis_archived_workbook
Jamaica,2012,119.000000,65.800000,6.200000,3.700000,4.000000,6.600000,6.200000,7.000000,6.400000,5.600000,5.200000,5.900000,3.100000,6.000000,https://fragilestatesindex.org/excel/ (archived in MainCode/fsi-2012.xlsx),thesis_archived_workbook
Jamaica,2013,118.000000,65.600000,6.300000,3.700000,4.000000,6.600000,5.900000,7.200000,6.100000,5.700000,5.000000,5.600000,3.400000,6.300000,https://fragilestatesindex.org/excel/ (archived in MainCode/fsi-2013.xlsx),thesis_archived_workbook
Jamaica,2014,119.000000,64.900000,6.000000,3.700000,4.000000,6.800000,5.800000,7.500000,5.600000,5.600000,5.100000,5.500000,3.300000,6.000000,https://fragilestatesindex.org/excel/ (archived in MainCode/fsi-2014.xlsx),thesis_archived_workbook
Jamaica,2015,117.000000,64.600000,6.300000,3.700000,3.900000,7.100000,5.900000,7.800000,5.300000,5.800000,4.900000,5.200000,3.000000,5.700000,https://fragilestatesindex.org/excel/ (archived in MainCode/fsi-2015.xlsx),thesis_archived_workbook
Jamaica,2016,118.000000,65.000000,6.600000,3.700000,3.600000,7.100000,5.600000,8.100000,5.000000,6.100000,5.200000,4.900000,3.100000,6.000000,https://fragilestatesindex.org/excel/ (archived in MainCode/fsi-2016.xlsx),thesis_archived_workbook
Jamaica,2017,117.000000,65.200000,6.900000,3.700000,3.400000,6.900000,5.100000,8.400000,4.800000,6.400000,5.500000,5.200000,3.100000,5.800000,https://fragilestatesindex.org/excel/ (archived in MainCode/fsi-2017.xlsx),thesis_archived_workbook
Jamaica,2018,118.000000,63.119459,6.840976,3.700000,3.100000,6.661029,4.800000,8.400729,4.500000,6.100000,5.800000,4.700000,3.016725,5.500000,https://fragilestatesindex.org/excel/ (archived in MainCode/fsi-2018.xlsx),thesis_archived_workbook
Jamaica,2019,117.000000,61.200000,6.800000,3.700000,2.800000,6.500000,4.500000,8.600000,4.200000,6.200000,5.600000,4.400000,2.700000,5.200000,https://fragilestatesindex.org/excel/ (archived in MainCode/fsi-2019.xlsx),thesis_archived_workbook
Jamaica,2020,116.000000,60.024947,6.879429,3.700000,2.500000,6.200000,4.200000,8.900000,3.900000,6.246996,5.513424,4.100000,2.900000,4.985098,https://fragilestatesindex.org/excel/ (archived in MainCode/fsi-2020.xlsx),thesis_archived_workbook
Jamaica,2021,116.000000,61.200000,6.600000,3.700000,2.200000,6.900000,4.700000,9.000000,3.600000,7.200000,5.200000,4.600000,2.800000,4.700000,https://fragilestatesindex.org/wp-content/uploads/2021/05/fsi-2021.xlsx,publisher_workbook
Jamaica,2022,112.000000,62.100000,6.700000,3.700000,1.900000,6.600000,5.400000,9.100000,3.700000,7.300000,5.300000,5.100000,2.500000,4.800000,https://fragilestatesindex.org/wp-content/uploads/2022/07/fsi-2022-download.xlsx,publisher_workbook
Jamaica,2023,108.000000,61.900000,7.000000,3.700000,1.600000,6.900000,5.300000,9.500000,4.200000,7.000000,5.200000,4.800000,2.200000,4.500000,https://fragilestatesindex.org/wp-content/uploads/2023/06/FSI-2023-DOWNLOAD.xlsx,publisher_workbook
Japan,2006,135.000000,28.000000,1.000000,1.300000,3.800000,2.600000,2.500000,2.000000,1.800000,1.000000,3.000000,4.000000,1.000000,4.000000,https://fragilestatesindex.org/excel/ (archived in MainCode/fsi-2006.xlsx),thesis_archived_workbook
Japan,2007,163.000000,28.500000,1.000000,1.300000,3.800000,2.600000,2.500000,2.000000,1.800000,1.200000,3.500000,4.100000,1.100000,3.600000,https://fragilestatesindex.org/excel/ (archived in MainCode/fsi-2007.xlsx),thesis_archived_workbook
Japan,2008,163.000000,29.700000,2.000000,1.700000,3.800000,2.300000,2.500000,2.000000,1.800000,1.200000,3.400000,4.300000,1.100000,3.600000,https://fragilestatesindex.org/excel/ (archived in MainCode/fsi-2008.xlsx),thesis_archived_workbook
Japan,2009,164.000000,31.200000,2.000000,2.000000,3.800000,3.100000,2.500000,2.000000,2.000000,1.200000,3.400000,4.200000,1.100000,3.900000,https://fragilestatesindex.org/excel/ (archived in MainCode/fsi-2009.xlsx),thesis_archived_workbook
Japan,2010,164.000000,31.300000,2.100000,2.200000,3.600000,3.500000,2.600000,2.100000,1.800000,1.300000,3.200000,4.000000,1.200000,3.700000,https://fragilestatesindex.org/excel/ (archived in MainCode/fsi-2010.xlsx),thesis_archived_workbook
Japan,2011,164.000000,31.000000,2.000000,2.600000,3.900000,3.500000,2.300000,1.800000,2.000000,1.700000,3.000000,3.600000,1.100000,3.500000,https://fragilestatesindex.org/excel/ (archived in MainCode/fsi-2011.xlsx),thesis_archived_workbook
Japan,2012,151.000000,43.500000,2.000000,2.600000,3.800000,4.000000,2.000000,2.100000,2.500000,5.000000,3.200000,8.300000,4.000000,4.000000,https://fragilestatesindex.org/excel/ (archived in MainCode/fsi-2012.xlsx),thesis_archived_workbook
Japan,2013,156.000000,36.100000,1.700000,2.600000,3.800000,3.700000,1.800000,2.000000,2.200000,2.500000,3.000000,5.400000,3.700000,3.700000,https://fragilestatesindex.org/excel/ (archived in MainCode/fsi-2013.xlsx),thesis_archived_workbook
Japan,2014,157.000000,36.300000,1.900000,2.600000,4.100000,3.600000,2.100000,2.300000,2.000000,2.400000,3.300000,4.700000,3.400000,3.900000,https://fragilestatesindex.org/excel/ (archived in MainCode/fsi-2014.xlsx),thesis_archived_workbook
Japan,2015,157.000000,36.000000,1.400000,2.600000,4.200000,4.600000,1.900000,2.600000,1.700000,2.100000,3.400000,4.800000,3.100000,3.600000,https://fragilestatesindex.org/excel/ (archived in MainCode/fsi-2015.xlsx),thesis_archived_workbook
Japan,2016,157.000000,35.100000,1.300000,2.600000,3.900000,4.300000,1.800000,2.900000,1.400000,1.800000,3.200000,4.500000,3.400000,4.000000,https://fragilestatesindex.org/excel/ (archived in MainCode/fsi-2016.xlsx),thesis_archived_workbook
Japan,2017,156.000000,37.400000,1.600000,2.600000,3.700000,4.100000,1.600000,3.200000,1.200000,2.200000,3.000000,6.000000,4.400000,3.800000,https://fragilestatesindex.org/excel/ (archived in MainCode/fsi-2017.xlsx),thesis_archived_workbook
Japan,2018,158.000000,34.474900,1.900000,2.600000,3.400000,3.800000,1.300000,3.500000,0.900000,1.900000,3.074900,4.500000,4.100000,3.500000,https://fragilestatesindex.org/excel/ (archived in MainCode/fsi-2018.xlsx),thesis_archived_workbook
Japan,2019,157.000000,34.300000,1.600000,2.600000,3.100000,3.500000,1.400000,3.300000,0.900000,1.600000,3.200000,6.200000,3.800000,3.200000,https://fragilestatesindex.org/excel/ (archived in MainCode/fsi-2019.xlsx),thesis_archived_workbook
Japan,2020,158.000000,32.332289,1.900000,2.600000,2.800000,3.300528,1.400000,3.050676,0.600972,1.345104,3.235009,5.700000,3.500000,2.900000,https://fragilestatesindex.org/excel/ (archived in MainCode/fsi-2020.xlsx),thesis_archived_workbook
Japan,2021,161.000000,32.200000,1.800000,2.600000,2.500000,3.700000,1.900000,2.900000,0.500000,1.800000,3.000000,5.700000,3.200000,2.600000,https://fragilestatesindex.org/wp-content/uploads/2021/05/fsi-2021.xlsx,publisher_workbook
Japan,2022,161.000000,31.000000,1.500000,2.600000,2.200000,3.400000,2.400000,2.900000,0.200000,1.500000,2.900000,6.200000,2.900000,2.300000,https://fragilestatesindex.org/wp-content/uploads/2022/07/fsi-2022-download.xlsx,publisher_workbook
Japan,2023,161.000000,30.500000,1.500000,2.600000,1.900000,3.500000,2.900000,2.700000,0.300000,1.800000,2.800000,5.900000,2.600000,2.000000,https://fragilestatesindex.org/wp-content/uploads/2023/06/FSI-2023-DOWNLOAD.xlsx,publisher_workbook
Jordan,2006,74.000000,77.000000,6.800000,6.600000,6.000000,6.500000,7.600000,5.000000,6.800000,5.800000,6.100000,6.000000,6.800000,7.000000,https://fragilestatesindex.org/excel/ (archived in MainCode/fsi-2006.xlsx),thesis_archived_workbook
Jordan,2007,81.000000,76.600000,6.400000,6.500000,6.500000,6.600000,7.700000,5.000000,6.200000,5.600000,6.200000,6.200000,6.800000,6.900000,https://fragilestatesindex.org/excel/ (archived in MainCode/fsi-2007.xlsx),thesis_archived_workbook
Jordan,2008,82.000000,77.300000,6.000000,6.500000,6.500000,6.600000,7.500000,4.700000,6.000000,5.600000,6.700000,6.700000,7.800000,6.700000,https://fragilestatesindex.org/excel/ (archived in MainCode/fsi-2008.xlsx),thesis_archived_workbook
Jordan,2009,86.000000,77.900000,6.000000,6.500000,6.800000,6.500000,7.400000,5.000000,6.000000,5.400000,6.900000,6.700000,7.900000,6.800000,https://fragilestatesindex.org/excel/ (archived in MainCode/fsi-2009.xlsx),thesis_archived_workbook
Jordan,2010,90.000000,77.000000,5.900000,6.500000,6.900000,6.200000,7.200000,4.800000,5.900000,5.200000,7.000000,6.800000,7.900000,6.700000,https://fragilestatesindex.org/excel/ (archived in MainCode/fsi-2010.xlsx),thesis_archived_workbook
Jordan,2011,96.000000,74.500000,6.000000,6.300000,6.700000,5.800000,6.900000,4.700000,5.700000,4.900000,6.800000,6.400000,7.600000,6.800000,https://fragilestatesindex.org/excel/ (archived in MainCode/fsi-2011.xlsx),thesis_archived_workbook
Jordan,2012,90.000000,74.800000,5.700000,6.300000,7.000000,6.400000,6.800000,4.400000,6.300000,4.600000,7.100000,6.500000,7.300000,6.500000,https://fragilestatesindex.org/excel/ (archived in MainCode/fsi-2012.xlsx),thesis_archived_workbook
Jordan,2013,87.000000,75.700000,5.800000,6.800000,7.100000,6.500000,6.500000,4.200000,6.500000,4.300000,7.400000,6.700000,7.800000,6.200000,https://fragilestatesindex.org/excel/ (archived in MainCode/fsi-2013.xlsx),thesis_archived_workbook
Jordan,2014,83.000000,76.700000,5.500000,6.900000,7.400000,6.600000,6.200000,3.900000,6.400000,5.000000,7.300000,6.700000,8.300000,6.500000,https://fragilestatesindex.org/excel/ (archived in MainCode/fsi-2014.xlsx),thesis_archived_workbook
Jordan,2015,81.000000,76.900000,5.500000,6.900000,7.700000,6.300000,5.900000,3.600000,6.100000,4.700000,7.600000,7.000000,8.800000,6.800000,https://fragilestatesindex.org/excel/ (archived in MainCode/fsi-2015.xlsx),thesis_archived_workbook
Jordan,2016,77.000000,78.000000,5.200000,6.900000,7.700000,6.600000,5.600000,3.900000,6.400000,4.400000,8.000000,6.700000,9.300000,7.300000,https://fragilestatesindex.org/excel/ (archived in MainCode/fsi-2016.xlsx),thesis_archived_workbook
Jordan,2017,71.000000,78.700000,5.700000,6.900000,8.000000,6.400000,5.400000,4.200000,6.300000,4.200000,7.900000,6.500000,9.600000,7.600000,https://fragilestatesindex.org/excel/ (archived in MainCode/fsi-2017.xlsx),thesis_archived_workbook
Jordan,2018,70.000000,76.752071,5.608646,6.900000,8.300000,6.699365,5.100000,3.972965,6.146484,3.937808,7.652909,6.200000,9.100000,7.133895,https://fragilestatesindex.org/excel/ (archived in MainCode/fsi-2018.xlsx),thesis_archived_workbook
Jordan,2019,69.000000,75.900000,5.300000,6.900000,8.600000,6.800000,5.200000,4.500000,6.000000,3.600000,7.400000,5.900000,8.800000,6.900000,https://fragilestatesindex.org/excel/ (archived in MainCode/fsi-2019.xlsx),thesis_archived_workbook
Jordan,2020,67.000000,75.428531,5.506530,6.900000,8.900000,6.500000,4.900000,4.800000,6.062217,3.816760,7.100000,5.600000,8.500000,6.843024,https://fragilestatesindex.org/excel/ (archived in MainCode/fsi-2020.xlsx),thesis_archived_workbook
Jordan,2021,67.000000,76.800000,5.200000,6.900000,8.600000,6.900000,4.800000,5.100000,6.300000,5.000000,6.800000,6.100000,8.600000,6.500000,https://fragilestatesindex.org/wp-content/uploads/2021/05/fsi-2021.xlsx,publisher_workbook
Jordan,2022,67.000000,76.600000,4.900000,6.900000,8.300000,6.500000,4.700000,5.400000,6.400000,5.100000,6.900000,6.600000,8.700000,6.200000,https://fragilestatesindex.org/wp-content/uploads/2022/07/fsi-2022-download.xlsx,publisher_workbook
Jordan,2023,68.000000,75.700000,4.600000,6.900000,8.200000,6.400000,4.400000,5.700000,6.900000,4.800000,7.200000,6.300000,8.400000,5.900000,https://fragilestatesindex.org/wp-content/uploads/2023/06/FSI-2023-DOWNLOAD.xlsx,publisher_workbook
Kazakhstan,2006,88.000000,71.900000,6.700000,7.700000,5.100000,6.500000,6.200000,4.000000,7.500000,6.700000,7.000000,5.000000,2.900000,6.600000,https://fragilestatesindex.org/excel/ (archived in MainCode/fsi-2006.xlsx),thesis_archived_workbook
Kazakhstan,2007,102.000000,72.300000,6.700000,7.700000,5.200000,6.600000,6.200000,4.000000,7.500000,6.100000,7.000000,5.700000,3.000000,6.600000,https://fragilestatesindex.org/excel/ (archived in MainCode/fsi-2007.xlsx),thesis_archived_workbook
Kazakhstan,2008,101.000000,72.400000,6.500000,7.800000,5.200000,6.000000,6.500000,4.000000,7.700000,5.500000,6.800000,6.200000,3.600000,6.600000,https://fragilestatesindex.org/excel/ (archived in MainCode/fsi-2008.xlsx),thesis_archived_workbook
Kazakhstan,2009,105.000000,72.500000,6.500000,7.600000,5.500000,6.400000,6.400000,4.000000,7.700000,5.300000,6.800000,6.000000,3.900000,6.400000,https://fragilestatesindex.org/excel/ (archived in MainCode/fsi-2009.xlsx),thesis_archived_workbook
Kazakhstan,2010,103.000000,72.700000,6.300000,7.600000,5.700000,6.700000,6.200000,4.100000,7.500000,5.500000,7.100000,5.800000,4.000000,6.200000,https://fragilestatesindex.org/excel/ (archived in MainCode/fsi-2010.xlsx),thesis_archived_workbook
Kazakhstan,2011,107.000000,70.200000,6.200000,7.700000,6.000000,6.200000,5.900000,3.800000,7.200000,5.100000,6.900000,5.500000,3.800000,5.900000,https://fragilestatesindex.org/excel/ (archived in MainCode/fsi-2011.xlsx),thesis_archived_workbook
Kazakhstan,2012,107.000000,70.900000,6.300000,7.700000,6.500000,6.500000,5.600000,3.500000,7.500000,5.400000,7.100000,5.600000,3.500000,5.600000,https://fragilestatesindex.org/excel/ (archived in MainCode/fsi-2012.xlsx),thesis_archived_workbook
Kazakhstan,2013,109.000000,69.800000,6.400000,7.700000,6.200000,6.200000,5.300000,3.600000,7.800000,5.100000,7.100000,5.300000,3.800000,5.300000,https://fragilestatesindex.org/excel/ (archived in MainCode/fsi-2013.xlsx),thesis_archived_workbook
Kazakhstan,2014,111.000000,68.500000,6.000000,7.600000,6.500000,5.900000,5.000000,3.900000,7.700000,4.800000,7.200000,5.100000,3.800000,5.000000,https://fragilestatesindex.org/excel/ (archived in MainCode/fsi-2014.xlsx),thesis_archived_workbook
Kazakhstan,2015,110.000000,68.300000,5.700000,7.600000,7.000000,6.500000,4.700000,3.600000,8.000000,4.500000,7.500000,5.000000,3.500000,4.700000,https://fragilestatesindex.org/excel/ (archived in MainCode/fsi-2015.xlsx),thesis_archived_workbook
Kazakhstan,2016,113.000000,66.500000,5.400000,7.600000,7.300000,6.600000,4.400000,3.300000,8.000000,4.200000,7.400000,4.700000,3.200000,4.400000,https://fragilestatesindex.org/excel/ (archived in MainCode/fsi-2016.xlsx),thesis_archived_workbook
Kazakhstan,2017,113.000000,65.900000,5.200000,7.600000,7.600000,6.400000,4.200000,3.600000,8.300000,4.000000,7.300000,4.500000,3.000000,4.200000,https://fragilestatesindex.org/excel/ (archived in MainCode/fsi-2017.xlsx),thesis_archived_workbook
Kazakhstan,2018,117.000000,63.438515,4.900000,7.600000,7.900000,5.900000,3.900000,3.300000,8.438515,3.700000,7.000000,4.200000,2.700000,3.900000,https://fragilestatesindex.org/excel/ (archived in MainCode/fsi-2018.xlsx),thesis_archived_workbook
Kazakhstan,2019,116.000000,61.600000,4.600000,7.600000,8.100000,5.600000,3.600000,3.600000,8.500000,3.400000,6.700000,3.900000,2.400000,3.600000,https://fragilestatesindex.org/excel/ (archived in MainCode/fsi-2019.xlsx),thesis_archived_workbook
Kazakhstan,2020,117.000000,59.770101,4.300000,7.600000,8.219124,5.300000,3.300000,3.900000,8.450978,3.100000,6.400000,3.600000,2.300000,3.300000,https://fragilestatesindex.org/excel/ (archived in MainCode/fsi-2020.xlsx),thesis_archived_workbook
Kazakhstan,2021,116.000000,61.200000,4.000000,7.600000,8.000000,5.500000,3.200000,4.200000,8.200000,4.600000,6.700000,4.100000,2.100000,3.000000,https://fragilestatesindex.org/wp-content/uploads/2021/05/fsi-2021.xlsx,publisher_workbook
Kazakhstan,2022,118.000000,59.500000,3.700000,7.600000,7.700000,5.000000,2.900000,4.300000,8.100000,4.300000,6.800000,4.400000,2.000000,2.700000,https://fragilestatesindex.org/wp-content/uploads/2022/07/fsi-2022-download.xlsx,publisher_workbook
Kazakhstan,2023,111.000000,60.600000,4.000000,7.900000,7.400000,5.100000,2.600000,4.600000,8.400000,4.000000,7.100000,4.100000,2.300000,3.100000,https://fragilestatesindex.org/wp-content/uploads/2023/06/FSI-2023-DOWNLOAD.xlsx,publisher_workbook
Kenya,2006,33.000000,88.600000,7.000000,7.600000,6.700000,6.800000,8.000000,8.000000,7.300000,7.200000,6.900000,9.000000,7.100000,7.000000,https://fragilestatesindex.org/excel/ (archived in MainCode/fsi-2006.xlsx),thesis_archived_workbook
Kenya,2007,31.000000,91.300000,7.100000,8.200000,6.900000,7.000000,8.100000,8.000000,8.000000,7.400000,7.000000,8.400000,8.000000,7.200000,https://fragilestatesindex.org/excel/ (archived in MainCode/fsi-2007.xlsx),thesis_archived_workbook
Kenya,2008,26.000000,93.400000,7.100000,8.400000,7.600000,6.900000,8.100000,8.000000,8.200000,7.400000,7.200000,8.700000,8.500000,7.300000,https://fragilestatesindex.org/excel/ (archived in MainCode/fsi-2008.xlsx),thesis_archived_workbook
Kenya,2009,14.000000,101.400000,8.000000,8.800000,8.600000,7.500000,8.800000,8.300000,9.000000,8.000000,8.200000,9.000000,9.000000,8.200000,https://fragilestatesindex.org/excel/ (archived in MainCode/fsi-2009.xlsx),thesis_archived_workbook
Kenya,2010,13.000000,100.700000,7.500000,8.700000,8.900000,7.400000,8.700000,7.900000,9.300000,8.100000,8.000000,9.100000,8.700000,8.400000,https://fragilestatesindex.org/excel/ (archived in MainCode/fsi-2010.xlsx),thesis_archived_workbook
Kenya,2011,16.000000,98.700000,7.900000,8.800000,8.700000,7.000000,8.500000,7.600000,8.900000,7.800000,7.700000,8.800000,8.500000,8.500000,https://fragilestatesindex.org/excel/ (archived in MainCode/fsi-2011.xlsx),thesis_archived_workbook
Kenya,2012,16.000000,98.400000,7.600000,9.000000,8.900000,7.300000,8.200000,7.700000,8.600000,8.100000,7.400000,8.900000,8.400000,8.400000,https://fragilestatesindex.org/excel/ (archived in MainCode/fsi-2012.xlsx),thesis_archived_workbook
Kenya,2013,17.000000,99.600000,8.100000,9.000000,9.000000,7.600000,8.300000,7.800000,8.300000,8.100000,7.100000,9.100000,8.700000,8.500000,https://fragilestatesindex.org/excel/ (archived in MainCode/fsi-2013.xlsx),thesis_archived_workbook
Kenya,2014,18.000000,99.000000,8.200000,9.300000,9.300000,7.900000,8.000000,7.800000,8.400000,8.200000,6.800000,8.700000,8.200000,8.200000,https://fragilestatesindex.org/excel/ (archived in MainCode/fsi-2014.xlsx),thesis_archived_workbook
Kenya,2015,21.000000,97.300000,8.400000,8.900000,9.000000,7.500000,8.300000,7.500000,8.100000,7.900000,6.500000,9.000000,8.300000,8.000000,https://fragilestatesindex.org/excel/ (archived in MainCode/fsi-2015.xlsx),thesis_archived_workbook
Kenya,2016,20.000000,98.300000,8.500000,8.900000,9.100000,7.400000,8.000000,7.800000,7.800000,8.200000,7.200000,9.100000,8.000000,8.300000,https://fragilestatesindex.org/excel/ (archived in MainCode/fsi-2016.xlsx),thesis_archived_workbook
Kenya,2017,22.000000,96.400000,8.300000,8.900000,8.900000,6.900000,7.900000,7.600000,7.600000,8.000000,7.000000,8.900000,8.300000,8.100000,https://fragilestatesindex.org/excel/ (archived in MainCode/fsi-2017.xlsx),thesis_archived_workbook
Kenya,2018,17.000000,97.380515,8.400000,9.612000,8.900000,7.000000,7.600000,7.486573,8.100000,8.296485,7.301949,8.883508,8.000000,7.800000,https://fragilestatesindex.org/excel/ (archived in MainCode/fsi-2018.xlsx),thesis_archived_workbook
Kenya,2019,25.000000,93.500000,7.900000,9.100000,8.600000,6.600000,7.400000,7.200000,8.200000,8.000000,6.800000,8.600000,7.700000,7.500000,https://fragilestatesindex.org/excel/ (archived in MainCode/fsi-2019.xlsx),thesis_archived_workbook
Kenya,2020,29.000000,90.315870,7.660347,8.600000,8.300000,6.529169,7.326354,6.900000,7.900000,7.700000,6.500000,8.300000,7.400000,7.200000,https://fragilestatesindex.org/excel/ (archived in MainCode/fsi-2020.xlsx),thesis_archived_workbook
Kenya,2021,32.000000,89.200000,7.400000,8.600000,8.000000,6.400000,7.400000,6.600000,7.600000,8.200000,6.300000,8.300000,7.500000,6.900000,https://fragilestatesindex.org/wp-content/uploads/2021/05/fsi-2021.xlsx,publisher_workbook
Kenya,2022,33.000000,88.200000,7.100000,8.600000,8.000000,6.300000,7.100000,6.700000,7.300000,8.300000,6.200000,8.400000,7.600000,6.600000,https://fragilestatesindex.org/wp-content/uploads/2022/07/fsi-2022-download.xlsx,publisher_workbook
Kenya,2023,35.000000,87.800000,6.800000,8.900000,8.000000,6.400000,7.400000,6.400000,7.300000,8.000000,6.300000,8.100000,7.300000,6.900000,https://fragilestatesindex.org/wp-content/uploads/2023/06/FSI-2023-DOWNLOAD.xlsx,publisher_workbook
Kuwait,2006,105.000000,60.800000,5.500000,7.500000,4.500000,2.800000,6.000000,4.000000,6.800000,3.000000,6.500000,5.700000,4.500000,4.000000,https://fragilestatesindex.org/excel/ (archived in MainCode/fsi-2006.xlsx),thesis_archived_workbook
Kuwait,2007,123.000000,62.100000,5.300000,7.600000,4.500000,3.100000,6.100000,4.100000,6.900000,3.300000,6.500000,5.900000,4.800000,4.000000,https://fragilestatesindex.org/excel/ (archived in MainCode/fsi-2007.xlsx),thesis_archived_workbook
Kuwait,2008,126.000000,62.000000,5.100000,6.900000,4.700000,2.900000,6.100000,4.100000,6.700000,3.300000,7.000000,5.500000,4.400000,5.300000,https://fragilestatesindex.org/excel/ (archived in MainCode/fsi-2008.xlsx),thesis_archived_workbook
Kuwait,2009,125.000000,63.400000,5.100000,7.200000,5.100000,3.500000,6.100000,4.300000,6.500000,3.500000,6.900000,5.700000,4.200000,5.300000,https://fragilestatesindex.org/excel/ (archived in MainCode/fsi-2009.xlsx),thesis_archived_workbook
Kuwait,2010,125.000000,61.500000,4.900000,7.200000,5.100000,3.800000,6.100000,4.100000,6.000000,3.100000,6.500000,5.500000,4.100000,5.100000,https://fragilestatesindex.org/excel/ (archived in MainCode/fsi-2010.xlsx),thesis_archived_workbook
Kuwait,2011,128.000000,59.500000,4.500000,7.200000,4.900000,4.000000,5.900000,4.300000,5.700000,2.900000,6.200000,5.100000,3.800000,5.000000,https://fragilestatesindex.org/excel/ (archived in MainCode/fsi-2011.xlsx),thesis_archived_workbook
Kuwait,2012,128.000000,58.800000,4.700000,7.200000,4.600000,3.700000,5.600000,4.000000,6.500000,2.900000,6.500000,4.900000,3.500000,4.700000,https://fragilestatesindex.org/excel/ (archived in MainCode/fsi-2012.xlsx),thesis_archived_workbook
Kuwait,2013,127.000000,59.600000,4.400000,7.900000,4.600000,3.400000,5.300000,3.700000,7.600000,2.600000,6.800000,5.100000,3.800000,4.400000,https://fragilestatesindex.org/excel/ (archived in MainCode/fsi-2013.xlsx),thesis_archived_workbook
Kuwait,2014,127.000000,59.000000,4.200000,8.000000,4.900000,3.300000,5.000000,3.400000,7.300000,2.800000,6.900000,5.400000,3.700000,4.100000,https://fragilestatesindex.org/excel/ (archived in MainCode/fsi-2014.xlsx),thesis_archived_workbook
Kuwait,2015,128.000000,57.500000,3.900000,7.500000,4.700000,3.000000,4.700000,3.100000,7.300000,2.500000,7.300000,5.100000,4.000000,4.400000,https://fragilestatesindex.org/excel/ (archived in MainCode/fsi-2015.xlsx),thesis_archived_workbook
Kuwait,2016,126.000000,58.500000,4.200000,7.500000,5.200000,2.700000,4.400000,3.300000,7.400000,2.800000,7.600000,5.200000,3.700000,4.500000,https://fragilestatesindex.org/excel/ (archived in MainCode/fsi-2016.xlsx),thesis_archived_workbook
Kuwait,2017,126.000000,58.500000,4.200000,7.800000,4.700000,3.000000,4.200000,3.600000,7.200000,2.600000,7.900000,5.000000,3.500000,4.800000,https://fragilestatesindex.org/excel/ (archived in MainCode/fsi-2017.xlsx),thesis_archived_workbook
Kuwait,2018,126.000000,55.891487,3.900000,7.500000,4.400000,2.700000,3.900000,3.900000,7.291487,2.300000,7.600000,4.700000,3.200000,4.500000,https://fragilestatesindex.org/excel/ (archived in MainCode/fsi-2018.xlsx),thesis_archived_workbook
Kuwait,2019,130.000000,53.200000,3.600000,7.500000,4.100000,2.400000,3.900000,3.600000,7.300000,2.000000,7.300000,4.400000,2.900000,4.200000,https://fragilestatesindex.org/excel/ (archived in MainCode/fsi-2019.xlsx),thesis_archived_workbook
Kuwait,2020,131.000000,50.899274,3.300000,7.500000,3.800000,2.400000,3.900000,3.300000,7.264739,1.817857,7.000000,4.100000,2.616679,3.900000,https://fragilestatesindex.org/excel/ (archived in MainCode/fsi-2020.xlsx),thesis_archived_workbook
Kuwait,2021,129.000000,52.900000,3.000000,7.500000,4.100000,3.000000,4.200000,3.000000,7.000000,3.300000,7.200000,4.600000,2.400000,3.600000,https://fragilestatesindex.org/wp-content/uploads/2021/05/fsi-2021.xlsx,publisher_workbook
Kuwait,2022,130.000000,52.200000,2.700000,7.500000,4.400000,2.800000,4.500000,2.700000,7.100000,3.000000,7.200000,4.700000,2.300000,3.300000,https://fragilestatesindex.org/wp-content/uploads/2022/07/fsi-2022-download.xlsx,publisher_workbook
Kuwait,2023,133.000000,51.200000,2.400000,7.500000,4.700000,2.600000,4.800000,2.500000,7.200000,2.700000,7.400000,4.400000,2.000000,3.000000,https://fragilestatesindex.org/wp-content/uploads/2023/06/FSI-2023-DOWNLOAD.xlsx,publisher_workbook
Kyrgyz Republic,2006,28.000000,90.300000,8.300000,7.900000,7.000000,7.500000,8.000000,7.500000,8.300000,7.300000,7.900000,8.000000,6.600000,6.000000,https://fragilestatesindex.org/excel/ (archived in MainCode/fsi-2006.xlsx),thesis_archived_workbook
Kyrgyz Republic,2007,41.000000,88.200000,7.900000,7.500000,6.800000,7.500000,8.000000,7.400000,8.200000,6.300000,7.900000,7.500000,6.200000,7.000000,https://fragilestatesindex.org/excel/ (archived in MainCode/fsi-2007.xlsx),thesis_archived_workbook
Kyrgyz Republic,2008,39.000000,88.800000,8.100000,7.500000,6.800000,7.500000,8.000000,7.400000,8.400000,6.500000,7.900000,7.500000,5.800000,7.400000,https://fragilestatesindex.org/excel/ (archived in MainCode/fsi-2008.xlsx),thesis_archived_workbook
Kyrgyz Republic,2009,42.000000,89.100000,7.700000,7.300000,7.200000,7.600000,8.300000,7.500000,8.300000,6.500000,7.600000,8.000000,5.300000,7.800000,https://fragilestatesindex.org/excel/ (archived in MainCode/fsi-2009.xlsx),thesis_archived_workbook
Kyrgyz Republic,2010,45.000000,88.400000,7.600000,7.400000,7.400000,7.900000,7.900000,7.300000,8.400000,6.300000,7.600000,7.800000,5.200000,7.600000,https://fragilestatesindex.org/excel/ (archived in MainCode/fsi-2010.xlsx),thesis_archived_workbook
Kyrgyz Republic,2011,31.000000,91.800000,8.000000,8.300000,8.300000,7.600000,7.600000,7.000000,9.000000,6.000000,8.000000,7.600000,6.500000,7.900000,https://fragilestatesindex.org/excel/ (archived in MainCode/fsi-2011.xlsx),thesis_archived_workbook
Kyrgyz Republic,2012,41.000000,87.400000,7.400000,8.300000,8.400000,7.900000,7.300000,6.700000,8.700000,5.400000,7.800000,6.500000,5.300000,7.600000,https://fragilestatesindex.org/excel/ (archived in MainCode/fsi-2012.xlsx),thesis_archived_workbook
Kyrgyz Republic,2013,48.000000,85.700000,7.400000,8.000000,8.400000,7.600000,7.000000,6.400000,8.400000,5.900000,7.600000,6.200000,5.600000,7.300000,https://fragilestatesindex.org/excel/ (archived in MainCode/fsi-2013.xlsx),thesis_archived_workbook
Kyrgyz Republic,2014,58.000000,83.900000,7.100000,8.000000,8.200000,7.300000,6.700000,6.100000,8.200000,5.900000,7.300000,6.000000,5.500000,7.600000,https://fragilestatesindex.org/excel/ (archived in MainCode/fsi-2014.xlsx),thesis_archived_workbook
Kyrgyz Republic,2015,62.000000,82.200000,6.800000,8.000000,8.400000,7.000000,6.400000,6.400000,7.800000,5.600000,7.200000,5.900000,5.800000,6.900000,https://fragilestatesindex.org/excel/ (archived in MainCode/fsi-2015.xlsx),thesis_archived_workbook
Kyrgyz Republic,2016,64.000000,81.100000,6.500000,8.000000,8.600000,7.200000,6.100000,6.700000,7.900000,5.300000,7.000000,5.700000,5.500000,6.600000,https://fragilestatesindex.org/excel/ (archived in MainCode/fsi-2016.xlsx),thesis_archived_workbook
Kyrgyz Republic,2017,65.000000,80.300000,6.500000,8.000000,8.400000,7.000000,5.900000,7.000000,7.700000,5.100000,7.500000,5.500000,5.300000,6.400000,https://fragilestatesindex.org/excel/ (archived in MainCode/fsi-2017.xlsx),thesis_archived_workbook
Kyrgyz Republic,2018,65.000000,78.634122,6.800000,8.000000,8.100000,6.700000,5.600000,6.734122,7.400000,4.800000,7.200000,5.600000,5.000000,6.700000,https://fragilestatesindex.org/excel/ (archived in MainCode/fsi-2018.xlsx),thesis_archived_workbook
Kyrgyz Republic,2019,68.000000,76.200000,6.500000,8.000000,8.100000,6.400000,5.300000,7.000000,7.100000,4.500000,6.900000,5.300000,4.700000,6.400000,https://fragilestatesindex.org/excel/ (archived in MainCode/fsi-2019.xlsx),thesis_archived_workbook
Kyrgyz Republic,2020,73.000000,73.929364,6.520564,8.000000,8.400000,6.100000,5.000000,6.700000,6.800000,4.308800,6.600000,5.000000,4.400000,6.100000,https://fragilestatesindex.org/excel/ (archived in MainCode/fsi-2020.xlsx),thesis_archived_workbook
Kyrgyz Republic,2023,69.000000,75.600000,5.600000,8.200000,7.900000,6.900000,4.900000,6.700000,8.200000,4.700000,6.600000,5.700000,3.900000,6.300000,https://fragilestatesindex.org/wp-content/uploads/2023/06/FSI-2023-DOWNLOAD.xlsx,publisher_workbook
Kyrgyzstan,2021,68.000000,76.400000,6.200000,8.300000,8.100000,7.100000,4.900000,6.700000,8.000000,5.300000,6.300000,5.500000,4.100000,5.900000,https://fragilestatesindex.org/wp-content/uploads/2021/05/fsi-2021.xlsx,publisher_workbook
Kyrgyzstan,2022,66.000000,77.100000,5.900000,8.200000,8.200000,7.200000,5.000000,6.700000,8.500000,5.000000,6.400000,6.000000,3.800000,6.200000,https://fragilestatesindex.org/wp-content/uploads/2022/07/fsi-2022-download.xlsx,publisher_workbook
Laos,2006,39.000000,87.900000,9.000000,8.900000,6.300000,6.500000,5.900000,6.600000,7.900000,8.000000,8.200000,8.000000,5.900000,6.700000,https://fragilestatesindex.org/excel/ (archived in MainCode/fsi-2006.xlsx),thesis_archived_workbook
Laos,2007,44.000000,87.200000,8.200000,8.600000,6.500000,7.100000,5.700000,6.600000,7.900000,8.000000,8.500000,8.000000,5.500000,6.600000,https://fragilestatesindex.org/excel/ (archived in MainCode/fsi-2007.xlsx),thesis_archived_workbook
Laos,2008,40.000000,88.700000,8.200000,8.600000,6.800000,7.100000,5.700000,6.600000,8.200000,8.000000,8.900000,8.000000,5.700000,6.900000,https://fragilestatesindex.org/excel/ (archived in MainCode/fsi-2008.xlsx),thesis_archived_workbook
Laos,2009,43.000000,89.000000,7.600000,8.300000,7.000000,7.500000,6.000000,6.600000,8.200000,8.000000,8.500000,8.200000,5.900000,7.200000,https://fragilestatesindex.org/excel/ (archived in MainCode/fsi-2009.xlsx),thesis_archived_workbook
Laos,2010,40.000000,88.700000,7.400000,8.500000,6.800000,7.300000,5.800000,6.700000,8.300000,8.100000,8.700000,7.900000,5.900000,7.300000,https://fragilestatesindex.org/excel/ (archived in MainCode/fsi-2010.xlsx),thesis_archived_workbook
Laos,2011,46.000000,86.700000,7.100000,8.600000,6.500000,7.200000,5.700000,6.800000,8.000000,7.700000,8.500000,7.600000,5.800000,7.200000,https://fragilestatesindex.org/excel/ (archived in MainCode/fsi-2011.xlsx),thesis_archived_workbook
Laos,2012,48.000000,85.500000,6.900000,8.600000,6.300000,6.700000,5.800000,7.100000,8.300000,7.400000,8.200000,7.800000,5.500000,6.900000,https://fragilestatesindex.org/excel/ (archived in MainCode/fsi-2012.xlsx),thesis_archived_workbook
Laos,2013,58.000000,83.700000,6.600000,8.300000,6.100000,5.700000,6.100000,6.800000,8.600000,7.300000,8.300000,7.500000,5.800000,6.600000,https://fragilestatesindex.org/excel/ (archived in MainCode/fsi-2013.xlsx),thesis_archived_workbook
Laos,2014,56.000000,84.300000,6.300000,8.300000,6.000000,5.800000,6.600000,7.100000,8.600000,7.400000,8.000000,7.400000,5.900000,6.900000,https://fragilestatesindex.org/excel/ (archived in MainCode/fsi-2014.xlsx),thesis_archived_workbook
Laos,2015,55.000000,84.400000,6.000000,8.300000,6.300000,5.500000,6.900000,7.400000,9.000000,7.700000,8.100000,7.100000,5.600000,6.600000,https://fragilestatesindex.org/excel/ (archived in MainCode/fsi-2015.xlsx),thesis_archived_workbook
Laos,2016,55.000000,84.400000,5.700000,8.300000,6.600000,5.400000,7.100000,7.700000,9.300000,7.200000,8.100000,7.400000,5.300000,6.300000,https://fragilestatesindex.org/excel/ (archived in MainCode/fsi-2016.xlsx),thesis_archived_workbook
Laos,2017,59.000000,82.400000,5.500000,8.300000,6.600000,5.200000,6.600000,7.700000,9.100000,7.000000,7.900000,7.300000,5.100000,6.100000,https://fragilestatesindex.org/excel/ (archived in MainCode/fsi-2017.xlsx),thesis_archived_workbook
Laos,2018,60.000000,80.724310,5.200000,8.300000,6.406549,5.500000,6.243398,7.693102,8.881261,6.700000,7.600000,7.000000,5.400000,5.800000,https://fragilestatesindex.org/excel/ (archived in MainCode/fsi-2018.xlsx),thesis_archived_workbook
Laos,2019,62.000000,78.700000,5.000000,8.300000,6.700000,5.400000,5.900000,7.400000,9.000000,6.400000,7.300000,6.700000,5.100000,5.500000,https://fragilestatesindex.org/excel/ (archived in MainCode/fsi-2019.xlsx),thesis_archived_workbook
Laos,2020,63.000000,76.860187,4.700000,8.300000,6.912500,5.100000,5.600000,7.100000,9.047688,6.100000,7.000000,6.400000,5.400000,5.200000,https://fragilestatesindex.org/excel/ (archived in MainCode/fsi-2020.xlsx),thesis_archived_workbook
Laos,2021,69.000000,76.000000,4.400000,8.300000,7.200000,5.100000,5.300000,6.800000,9.000000,6.600000,6.900000,6.400000,5.100000,4.900000,https://fragilestatesindex.org/wp-content/uploads/2021/05/fsi-2021.xlsx,publisher_workbook
Laos,2022,68.000000,75.500000,4.100000,8.300000,7.200000,4.800000,5.400000,6.700000,9.000000,6.400000,6.800000,6.700000,5.100000,5.000000,https://fragilestatesindex.org/wp-content/uploads/2022/07/fsi-2022-download.xlsx,publisher_workbook
Laos,2023,70.000000,74.700000,3.900000,8.300000,7.200000,5.100000,5.300000,6.400000,8.900000,6.300000,6.800000,6.400000,5.400000,4.700000,https://fragilestatesindex.org/wp-content/uploads/2023/06/FSI-2023-DOWNLOAD.xlsx,publisher_workbook
Latvia,2006,109.000000,56.200000,2.000000,4.100000,4.500000,5.500000,7.000000,5.000000,4.800000,4.000000,3.700000,5.700000,5.900000,4.000000,https://fragilestatesindex.org/excel/ (archived in MainCode/fsi-2006.xlsx),thesis_archived_workbook
Latvia,2007,134.000000,56.700000,2.200000,4.400000,4.600000,5.800000,7.000000,5.000000,4.700000,4.000000,3.800000,5.200000,5.700000,4.300000,https://fragilestatesindex.org/excel/ (archived in MainCode/fsi-2007.xlsx),thesis_archived_workbook
Latvia,2008,136.000000,54.500000,3.000000,4.400000,4.600000,5.000000,6.000000,5.000000,4.700000,4.200000,3.800000,4.900000,4.900000,4.000000,https://fragilestatesindex.org/excel/ (archived in MainCode/fsi-2008.xlsx),thesis_archived_workbook
Latvia,2009,136.000000,54.600000,2.900000,4.300000,4.500000,5.500000,6.200000,5.000000,5.100000,4.400000,3.700000,4.500000,4.500000,4.000000,https://fragilestatesindex.org/excel/ (archived in MainCode/fsi-2009.xlsx),thesis_archived_workbook
Latvia,2010,135.000000,55.400000,3.000000,4.300000,4.600000,6.300000,6.000000,5.000000,5.400000,4.200000,3.500000,4.300000,4.300000,4.500000,https://fragilestatesindex.org/excel/ (archived in MainCode/fsi-2010.xlsx),thesis_archived_workbook
Latvia,2011,135.000000,54.200000,3.300000,4.300000,4.900000,5.800000,5.700000,4.800000,5.300000,3.900000,3.600000,4.200000,3.900000,4.400000,https://fragilestatesindex.org/excel/ (archived in MainCode/fsi-2011.xlsx),thesis_archived_workbook
Latvia,2012,136.000000,51.900000,3.600000,4.300000,5.200000,5.300000,5.400000,4.500000,4.800000,3.700000,3.500000,3.900000,3.600000,4.100000,https://fragilestatesindex.org/excel/ (archived in MainCode/fsi-2012.xlsx),thesis_archived_workbook
Latvia,2013,140.000000,47.900000,3.300000,4.300000,5.400000,4.000000,4.900000,4.200000,4.500000,3.400000,3.200000,3.600000,3.300000,3.800000,https://fragilestatesindex.org/excel/ (archived in MainCode/fsi-2013.xlsx),thesis_archived_workbook
Latvia,2014,142.000000,48.000000,3.300000,4.300000,5.800000,4.300000,4.600000,4.100000,4.200000,3.700000,3.300000,3.700000,3.200000,3.500000,https://fragilestatesindex.org/excel/ (archived in MainCode/fsi-2014.xlsx),thesis_archived_workbook
Latvia,2015,140.000000,48.500000,3.500000,4.300000,7.400000,4.000000,4.600000,4.400000,3.900000,3.400000,3.000000,3.400000,2.900000,3.800000,https://fragilestatesindex.org/excel/ (archived in MainCode/fsi-2015.xlsx),thesis_archived_workbook
Latvia,2016,141.000000,47.400000,3.200000,4.300000,7.700000,3.700000,4.300000,4.500000,3.600000,3.100000,2.800000,3.100000,3.000000,4.100000,https://fragilestatesindex.org/excel/ (archived in MainCode/fsi-2016.xlsx),thesis_archived_workbook
Latvia,2017,141.000000,46.400000,3.000000,4.300000,8.000000,3.500000,4.100000,4.800000,3.400000,2.900000,2.800000,2.900000,2.800000,3.900000,https://fragilestatesindex.org/excel/ (archived in MainCode/fsi-2017.xlsx),thesis_archived_workbook
Latvia,2018,142.000000,44.899922,2.700000,4.300000,8.300000,3.764034,3.800000,4.809905,3.100000,2.600000,2.825982,2.600000,2.500000,3.600000,https://fragilestatesindex.org/excel/ (archived in MainCode/fsi-2018.xlsx),thesis_archived_workbook
Latvia,2019,142.000000,43.900000,3.000000,4.300000,8.500000,3.500000,3.500000,5.100000,2.800000,2.400000,3.000000,2.300000,2.200000,3.300000,https://fragilestatesindex.org/excel/ (archived in MainCode/fsi-2019.xlsx),thesis_archived_workbook
Latvia,2020,144.000000,42.311227,2.851489,4.300000,8.625859,3.200000,3.200000,5.400000,2.500000,2.433880,2.700000,2.000000,2.100000,3.000000,https://fragilestatesindex.org/excel/ (archived in MainCode/fsi-2020.xlsx),thesis_archived_workbook
Latvia,2021,146.000000,44.000000,2.600000,4.300000,8.300000,3.700000,3.500000,5.500000,2.200000,3.900000,2.400000,3.000000,1.900000,2.700000,https://fragilestatesindex.org/wp-content/uploads/2021/05/fsi-2021.xlsx,publisher_workbook
Latvia,2022,145.000000,42.800000,2.300000,4.300000,8.000000,3.400000,3.600000,5.500000,2.100000,3.600000,2.100000,3.500000,2.000000,2.400000,https://fragilestatesindex.org/wp-content/uploads/2022/07/fsi-2022-download.xlsx,publisher_workbook
Latvia,2023,145.000000,43.300000,2.000000,4.300000,7.700000,3.900000,3.700000,5.800000,1.800000,3.300000,1.900000,3.200000,3.000000,2.700000,https://fragilestatesindex.org/wp-content/uploads/2023/06/FSI-2023-DOWNLOAD.xlsx,publisher_workbook
Lebanon,2006,65.000000,80.500000,7.500000,8.300000,7.800000,5.300000,6.800000,7.000000,6.400000,5.000000,6.800000,6.800000,4.300000,8.500000,https://fragilestatesindex.org/excel/ (archived in MainCode/fsi-2006.xlsx),thesis_archived_workbook
Lebanon,2007,28.000000,92.400000,9.000000,8.800000,9.000000,6.300000,7.100000,7.000000,7.300000,6.400000,7.000000,6.900000,8.600000,9.000000,https://fragilestatesindex.org/excel/ (archived in MainCode/fsi-2007.xlsx),thesis_archived_workbook
Lebanon,2008,18.000000,95.700000,9.300000,9.400000,9.400000,6.300000,7.400000,7.100000,8.000000,6.700000,7.000000,7.200000,9.000000,8.900000,https://fragilestatesindex.org/excel/ (archived in MainCode/fsi-2008.xlsx),thesis_archived_workbook
Lebanon,2009,29.000000,93.500000,9.100000,9.100000,9.200000,6.300000,7.400000,7.200000,7.800000,6.200000,6.900000,7.000000,9.000000,8.300000,https://fragilestatesindex.org/excel/ (archived in MainCode/fsi-2009.xlsx),thesis_archived_workbook
Lebanon,2010,34.000000,90.900000,8.900000,8.800000,9.000000,6.100000,7.200000,7.000000,7.300000,6.000000,6.800000,6.800000,8.900000,8.100000,https://fragilestatesindex.org/excel/ (archived in MainCode/fsi-2010.xlsx),thesis_archived_workbook
Lebanon,2011,43.000000,87.700000,8.700000,8.800000,8.700000,5.700000,6.800000,6.600000,7.000000,5.800000,6.600000,6.500000,8.500000,8.000000,https://fragilestatesindex.org/excel/ (archived in MainCode/fsi-2011.xlsx),thesis_archived_workbook
Lebanon,2012,45.000000,85.800000,8.400000,9.100000,8.400000,5.500000,6.500000,6.300000,7.500000,5.500000,6.500000,6.200000,8.200000,7.700000,https://fragilestatesindex.org/excel/ (archived in MainCode/fsi-2012.xlsx),thesis_archived_workbook
Lebanon,2013,46.000000,86.300000,8.500000,9.200000,8.500000,5.300000,6.200000,6.000000,7.200000,5.600000,6.800000,6.300000,8.500000,8.200000,https://fragilestatesindex.org/excel/ (archived in MainCode/fsi-2013.xlsx),thesis_archived_workbook
Lebanon,2014,46.000000,86.900000,8.600000,9.300000,8.900000,5.600000,6.000000,5.700000,7.300000,5.700000,6.800000,6.000000,8.600000,8.400000,https://fragilestatesindex.org/excel/ (archived in MainCode/fsi-2014.xlsx),thesis_archived_workbook
Lebanon,2015,40.000000,88.100000,8.800000,9.300000,8.600000,5.900000,5.700000,5.400000,7.800000,5.400000,7.200000,5.700000,9.100000,9.200000,https://fragilestatesindex.org/excel/ (archived in MainCode/fsi-2015.xlsx),thesis_archived_workbook
Lebanon,2016,40.000000,89.600000,8.900000,9.300000,8.700000,6.100000,5.800000,5.100000,7.800000,5.900000,7.400000,5.800000,9.500000,9.300000,https://fragilestatesindex.org/excel/ (archived in MainCode/fsi-2016.xlsx),thesis_archived_workbook
Lebanon,2017,43.000000,88.200000,8.700000,9.300000,8.500000,6.400000,5.600000,5.000000,7.600000,5.700000,7.400000,5.600000,9.300000,9.100000,https://fragilestatesindex.org/excel/ (archived in MainCode/fsi-2017.xlsx),thesis_archived_workbook
Lebanon,2018,44.000000,86.813286,8.400000,9.600000,8.200000,6.100000,5.500000,5.300000,7.336456,5.424362,7.252468,5.300000,9.000000,9.400000,https://fragilestatesindex.org/excel/ (archived in MainCode/fsi-2018.xlsx),thesis_archived_workbook
Lebanon,2019,44.000000,85.000000,8.100000,9.600000,8.200000,6.000000,5.200000,5.600000,7.100000,5.100000,7.200000,5.000000,8.700000,9.100000,https://fragilestatesindex.org/excel/ (archived in MainCode/fsi-2019.xlsx),thesis_archived_workbook
Lebanon,2020,40.000000,84.720433,7.800000,9.600000,8.220433,7.000000,4.900000,5.900000,7.400000,4.800000,6.900000,4.700000,8.700000,8.800000,https://fragilestatesindex.org/excel/ (archived in MainCode/fsi-2020.xlsx),thesis_archived_workbook
Lebanon,2021,34.000000,89.000000,7.500000,9.600000,7.900000,9.000000,5.400000,6.200000,7.700000,5.800000,7.000000,5.200000,8.800000,8.900000,https://fragilestatesindex.org/wp-content/uploads/2021/05/fsi-2021.xlsx,publisher_workbook
Lebanon,2022,27.000000,91.300000,7.600000,9.600000,8.000000,9.100000,6.300000,6.300000,7.800000,6.700000,7.100000,5.700000,8.500000,8.600000,https://fragilestatesindex.org/wp-content/uploads/2022/07/fsi-2022-download.xlsx,publisher_workbook
Lebanon,2023,25.000000,91.800000,7.300000,9.600000,8.100000,9.200000,6.600000,6.500000,7.700000,6.800000,7.100000,5.800000,8.800000,8.300000,https://fragilestatesindex.org/wp-content/uploads/2023/06/FSI-2023-DOWNLOAD.xlsx,publisher_workbook
Lesotho,2007,62.000000,81.200000,6.200000,6.700000,5.500000,9.100000,5.500000,5.400000,7.500000,8.900000,6.700000,9.000000,4.500000,6.200000,https://fragilestatesindex.org/excel/ (archived in MainCode/fsi-2007.xlsx),thesis_archived_workbook
Lesotho,2008,61.000000,81.700000,6.300000,6.900000,5.600000,8.200000,5.600000,6.000000,7.600000,8.500000,6.800000,9.100000,4.600000,6.500000,https://fragilestatesindex.org/excel/ (archived in MainCode/fsi-2008.xlsx),thesis_archived_workbook
Lesotho,2009,67.000000,81.800000,5.500000,6.900000,5.200000,8.400000,5.600000,6.500000,7.400000,8.700000,6.500000,9.400000,4.700000,7.000000,https://fragilestatesindex.org/excel/ (archived in MainCode/fsi-2009.xlsx),thesis_archived_workbook
Lesotho,2010,67.000000,82.200000,5.900000,7.200000,5.200000,8.700000,5.700000,6.700000,7.200000,8.500000,6.300000,9.200000,4.800000,6.800000,https://fragilestatesindex.org/excel/ (archived in MainCode/fsi-2010.xlsx),thesis_archived_workbook
Lesotho,2011,71.000000,80.400000,5.500000,7.000000,5.000000,8.100000,6.100000,6.800000,6.900000,8.200000,6.000000,9.000000,4.600000,7.200000,https://fragilestatesindex.org/excel/ (archived in MainCode/fsi-2011.xlsx),thesis_archived_workbook
Lesotho,2012,72.000000,79.000000,5.500000,7.000000,4.700000,8.600000,6.400000,6.500000,6.300000,8.000000,5.700000,8.700000,4.600000,6.900000,https://fragilestatesindex.org/excel/ (archived in MainCode/fsi-2012.xlsx),thesis_archived_workbook
Lesotho,2013,71.000000,79.400000,5.200000,7.000000,4.700000,8.500000,6.700000,6.800000,6.000000,8.200000,5.400000,8.800000,4.900000,7.200000,https://fragilestatesindex.org/excel/ (archived in MainCode/fsi-2013.xlsx),thesis_archived_workbook
Lesotho,2014,72.000000,78.600000,4.900000,7.000000,4.700000,8.200000,7.000000,7.100000,5.700000,8.200000,5.100000,8.000000,5.200000,7.500000,https://fragilestatesindex.org/excel/ (archived in MainCode/fsi-2014.xlsx),thesis_archived_workbook
Lesotho,2015,66.000000,79.900000,5.600000,7.300000,4.400000,8.300000,7.300000,7.400000,6.400000,8.000000,4.800000,7.700000,4.900000,7.800000,https://fragilestatesindex.org/excel/ (archived in MainCode/fsi-2015.xlsx),thesis_archived_workbook
Lesotho,2016,66.000000,80.900000,5.900000,7.300000,4.100000,8.200000,7.600000,7.700000,6.100000,8.300000,4.700000,8.200000,4.800000,8.000000,https://fragilestatesindex.org/excel/ (archived in MainCode/fsi-2016.xlsx),thesis_archived_workbook
Lesotho,2017,62.000000,81.700000,6.200000,7.300000,3.900000,8.100000,8.100000,8.000000,5.900000,8.100000,5.000000,8.500000,4.800000,7.800000,https://fragilestatesindex.org/excel/ (archived in MainCode/fsi-2017.xlsx),thesis_archived_workbook
Lesotho,2018,61.000000,80.133362,6.192950,7.300000,3.600000,8.400000,7.800000,8.286126,5.600000,7.800000,4.911932,8.013489,4.728864,7.500000,https://fragilestatesindex.org/excel/ (archived in MainCode/fsi-2018.xlsx),thesis_archived_workbook
Lesotho,2019,61.000000,79.700000,6.500000,7.300000,3.300000,8.500000,8.100000,8.000000,5.300000,7.500000,5.200000,8.300000,4.400000,7.200000,https://fragilestatesindex.org/excel/ (archived in MainCode/fsi-2019.xlsx),thesis_archived_workbook
Lesotho,2020,60.000000,78.290115,6.680287,7.300000,3.000000,8.440916,8.282136,7.827497,5.000000,7.200000,5.059279,8.000000,4.600000,6.900000,https://fragilestatesindex.org/excel/ (archived in MainCode/fsi-2020.xlsx),thesis_archived_workbook
Lesotho,2021,64.000000,77.900000,6.400000,7.300000,2.700000,8.800000,8.200000,7.500000,4.700000,7.500000,5.100000,8.400000,4.300000,7.000000,https://fragilestatesindex.org/wp-content/uploads/2021/05/fsi-2021.xlsx,publisher_workbook
Lesotho,2022,65.000000,77.400000,6.100000,7.300000,3.000000,8.300000,8.100000,7.600000,4.800000,7.200000,4.800000,8.900000,4.200000,7.100000,https://fragilestatesindex.org/wp-content/uploads/2022/07/fsi-2022-download.xlsx,publisher_workbook
Lesotho,2023,66.000000,76.300000,5.800000,7.300000,3.100000,8.400000,7.900000,7.500000,4.900000,7.200000,4.900000,8.600000,3.900000,6.800000,https://fragilestatesindex.org/wp-content/uploads/2023/06/FSI-2023-DOWNLOAD.xlsx,publisher_workbook
Liberia,2006,11.000000,99.000000,7.300000,8.800000,7.000000,8.900000,8.600000,7.100000,7.800000,9.000000,7.200000,8.000000,9.300000,10.000000,https://fragilestatesindex.org/excel/ (archived in MainCode/fsi-2006.xlsx),thesis_archived_workbook
Liberia,2007,27.000000,92.900000,6.900000,8.100000,6.500000,8.400000,8.300000,6.800000,7.000000,8.600000,6.700000,8.100000,8.500000,9.000000,https://fragilestatesindex.org/excel/ (archived in MainCode/fsi-2007.xlsx),thesis_archived_workbook
Liberia,2008,34.000000,91.000000,6.700000,7.900000,6.000000,8.300000,8.300000,6.500000,7.000000,8.500000,6.700000,8.100000,8.400000,8.600000,https://fragilestatesindex.org/excel/ (archived in MainCode/fsi-2008.xlsx),thesis_archived_workbook
Liberia,2009,33.000000,91.800000,6.900000,7.900000,6.100000,8.200000,8.500000,6.800000,7.000000,8.500000,6.700000,8.600000,8.000000,8.600000,https://fragilestatesindex.org/excel/ (archived in MainCode/fsi-2009.xlsx),thesis_archived_workbook
Liberia,2010,33.000000,91.700000,6.700000,8.100000,6.300000,8.000000,8.300000,6.700000,7.100000,8.500000,6.500000,8.400000,8.200000,8.900000,https://fragilestatesindex.org/excel/ (archived in MainCode/fsi-2010.xlsx),thesis_archived_workbook
Liberia,2011,26.000000,94.000000,7.300000,8.100000,6.800000,8.400000,8.000000,7.000000,7.000000,8.800000,6.300000,8.300000,8.600000,9.300000,https://fragilestatesindex.org/excel/ (archived in MainCode/fsi-2011.xlsx),thesis_archived_workbook
Liberia,2012,25.000000,93.300000,7.000000,8.400000,6.500000,8.600000,7.700000,6.700000,6.900000,8.800000,6.100000,8.400000,8.900000,9.300000,https://fragilestatesindex.org/excel/ (archived in MainCode/fsi-2012.xlsx),thesis_archived_workbook
Liberia,2013,23.000000,95.100000,7.100000,8.300000,6.500000,8.300000,8.000000,7.000000,6.600000,9.100000,6.400000,8.800000,9.200000,9.800000,https://fragilestatesindex.org/excel/ (archived in MainCode/fsi-2013.xlsx),thesis_archived_workbook
Liberia,2014,24.000000,94.300000,6.800000,8.300000,6.500000,8.000000,8.000000,6.900000,6.900000,9.300000,6.300000,8.500000,9.100000,9.700000,https://fragilestatesindex.org/excel/ (archived in MainCode/fsi-2014.xlsx),thesis_archived_workbook
Liberia,2015,21.000000,97.300000,6.900000,8.300000,6.200000,8.600000,8.300000,6.600000,7.300000,9.700000,6.700000,9.500000,9.200000,10.000000,https://fragilestatesindex.org/excel/ (archived in MainCode/fsi-2015.xlsx),thesis_archived_workbook
Liberia,2016,27.000000,95.500000,6.600000,8.300000,6.000000,8.300000,8.600000,6.900000,7.000000,9.500000,6.700000,9.200000,8.900000,9.500000,https://fragilestatesindex.org/excel/ (archived in MainCode/fsi-2016.xlsx),thesis_archived_workbook
Liberia,2017,27.000000,93.800000,6.400000,8.300000,5.800000,8.100000,8.400000,7.200000,6.800000,9.300000,6.500000,9.000000,8.700000,9.300000,https://fragilestatesindex.org/excel/ (archived in MainCode/fsi-2017.xlsx),thesis_archived_workbook
Liberia,2018,30.000000,92.560251,6.660251,8.600000,5.500000,8.000000,8.100000,7.500000,7.100000,9.000000,6.200000,8.500000,8.400000,9.000000,https://fragilestatesindex.org/excel/ (archived in MainCode/fsi-2018.xlsx),thesis_archived_workbook
Liberia,2019,30.000000,90.200000,6.700000,8.300000,5.200000,7.900000,7.800000,7.500000,6.600000,8.700000,6.500000,8.200000,8.100000,8.700000,https://fragilestatesindex.org/excel/ (archived in MainCode/fsi-2019.xlsx),thesis_archived_workbook
Liberia,2020,31.000000,90.043901,6.914198,8.300000,4.900000,8.254325,7.500000,7.200000,7.100000,9.000000,6.200000,8.475378,7.800000,8.400000,https://fragilestatesindex.org/excel/ (archived in MainCode/fsi-2020.xlsx),thesis_archived_workbook
Liberia,2021,31.000000,89.500000,6.600000,8.600000,4.600000,8.500000,7.200000,6.900000,6.800000,9.500000,6.700000,8.500000,7.500000,8.100000,https://fragilestatesindex.org/wp-content/uploads/2021/05/fsi-2021.xlsx,publisher_workbook
Liberia,2022,33.000000,88.200000,6.300000,8.900000,4.300000,8.200000,7.100000,6.800000,6.500000,9.000000,7.000000,8.500000,7.800000,7.800000,https://fragilestatesindex.org/wp-content/uploads/2022/07/fsi-2022-download.xlsx,publisher_workbook
Liberia,2023,33.000000,88.900000,6.800000,8.900000,4.600000,8.300000,7.500000,6.700000,6.200000,9.100000,7.500000,8.400000,7.400000,7.500000,https://fragilestatesindex.org/wp-content/uploads/2023/06/FSI-2023-DOWNLOAD.xlsx,publisher_workbook
Libya,2006,95.000000,68.500000,5.500000,7.900000,5.500000,5.100000,7.300000,4.000000,7.500000,4.500000,8.100000,6.000000,2.100000,5.000000,https://fragilestatesindex.org/excel/ (archived in MainCode/fsi-2006.xlsx),thesis_archived_workbook
Libya,2007,114.000000,69.300000,5.300000,8.000000,5.600000,5.300000,7.300000,4.000000,7.400000,4.500000,8.100000,6.200000,2.600000,5.000000,https://fragilestatesindex.org/excel/ (archived in MainCode/fsi-2007.xlsx),thesis_archived_workbook
Libya,2008,111.000000,70.000000,5.600000,7.000000,5.600000,5.300000,7.300000,4.000000,7.400000,4.500000,8.100000,6.200000,4.000000,5.000000,https://fragilestatesindex.org/excel/ (archived in MainCode/fsi-2008.xlsx),thesis_archived_workbook
Libya,2009,112.000000,69.400000,5.400000,7.100000,5.800000,5.500000,7.100000,4.000000,7.100000,4.200000,8.100000,5.900000,4.200000,5.000000,https://fragilestatesindex.org/excel/ (archived in MainCode/fsi-2009.xlsx),thesis_archived_workbook
Libya,2010,111.000000,69.100000,5.200000,7.100000,5.800000,5.300000,6.900000,4.200000,7.300000,4.200000,8.300000,5.700000,4.300000,4.800000,https://fragilestatesindex.org/excel/ (archived in MainCode/fsi-2010.xlsx),thesis_archived_workbook
Libya,2011,111.000000,68.700000,5.900000,7.000000,6.000000,4.600000,6.900000,3.900000,7.300000,4.300000,8.300000,5.500000,4.600000,4.400000,https://fragilestatesindex.org/excel/ (archived in MainCode/fsi-2011.xlsx),thesis_archived_workbook
Libya,2012,50.000000,84.900000,9.000000,8.000000,7.000000,5.500000,7.000000,3.900000,8.100000,7.600000,9.000000,5.800000,5.100000,9.000000,https://fragilestatesindex.org/excel/ (archived in MainCode/fsi-2012.xlsx),thesis_archived_workbook
Libya,2013,54.000000,84.500000,8.900000,8.000000,7.400000,5.000000,6.700000,4.200000,8.400000,7.300000,9.000000,5.500000,5.400000,8.800000,https://fragilestatesindex.org/excel/ (archived in MainCode/fsi-2013.xlsx),thesis_archived_workbook
Libya,2014,41.000000,87.800000,9.200000,8.100000,7.500000,6.100000,6.400000,5.500000,8.500000,7.400000,8.700000,5.700000,5.700000,9.000000,https://fragilestatesindex.org/excel/ (archived in MainCode/fsi-2014.xlsx),thesis_archived_workbook
Libya,2015,25.000000,95.300000,9.300000,9.100000,7.800000,8.000000,6.100000,6.400000,9.800000,7.500000,9.000000,5.400000,7.400000,9.500000,https://fragilestatesindex.org/excel/ (archived in MainCode/fsi-2015.xlsx),thesis_archived_workbook
Libya,2016,25.000000,96.400000,9.600000,9.400000,8.300000,8.000000,5.800000,6.500000,9.500000,7.200000,9.300000,5.100000,8.000000,9.700000,https://fragilestatesindex.org/excel/ (archived in MainCode/fsi-2016.xlsx),thesis_archived_workbook
Libya,2017,23.000000,96.300000,9.600000,9.400000,8.100000,8.500000,5.600000,6.300000,9.500000,7.000000,9.100000,4.900000,8.300000,10.000000,https://fragilestatesindex.org/excel/ (archived in MainCode/fsi-2017.xlsx),thesis_archived_workbook
Libya,2018,25.000000,94.600000,9.300000,9.400000,7.800000,8.000000,5.300000,6.300000,9.800000,6.700000,9.400000,4.600000,8.000000,10.000000,https://fragilestatesindex.org/excel/ (archived in MainCode/fsi-2018.xlsx),thesis_archived_workbook
Libya,2019,28.000000,92.200000,9.000000,9.700000,7.500000,7.700000,5.300000,6.000000,9.700000,6.400000,9.100000,4.300000,7.700000,9.700000,https://fragilestatesindex.org/excel/ (archived in MainCode/fsi-2019.xlsx),thesis_archived_workbook
Libya,2020,20.000000,95.193718,9.500000,9.700000,7.800000,8.000000,5.300000,5.700000,9.793718,6.900000,9.400000,5.300000,8.000000,9.800000,https://fragilestatesindex.org/excel/ (archived in MainCode/fsi-2020.xlsx),thesis_archived_workbook
Libya,2021,17.000000,97.000000,9.600000,9.400000,7.500000,9.600000,5.600000,5.400000,9.900000,7.400000,9.100000,5.900000,7.700000,9.900000,https://fragilestatesindex.org/wp-content/uploads/2021/05/fsi-2021.xlsx,publisher_workbook
Libya,2022,21.000000,94.300000,9.300000,9.100000,7.200000,8.600000,5.900000,5.100000,9.400000,7.700000,8.800000,6.200000,7.400000,9.600000,https://fragilestatesindex.org/wp-content/uploads/2022/07/fsi-2022-download.xlsx,publisher_workbook
Libya,2023,17.000000,96.100000,9.500000,9.300000,7.300000,8.900000,6.400000,5.000000,9.600000,8.000000,9.300000,6.000000,7.500000,9.300000,https://fragilestatesindex.org/wp-content/uploads/2023/06/FSI-2023-DOWNLOAD.xlsx,publisher_workbook
Lithuania,2006,113.000000,49.700000,2.000000,3.000000,3.500000,4.500000,6.100000,5.500000,4.100000,4.100000,3.700000,5.700000,3.500000,4.000000,https://fragilestatesindex.org/excel/ (archived in MainCode/fsi-2006.xlsx),thesis_archived_workbook
Lithuania,2007,142.000000,49.000000,2.000000,3.000000,3.500000,4.500000,6.200000,5.400000,4.200000,3.700000,3.700000,5.400000,3.400000,4.000000,https://fragilestatesindex.org/excel/ (archived in MainCode/fsi-2007.xlsx),thesis_archived_workbook
Lithuania,2008,143.000000,48.700000,2.000000,3.000000,3.900000,4.500000,6.200000,5.400000,4.400000,3.500000,3.500000,4.900000,3.100000,4.300000,https://fragilestatesindex.org/excel/ (archived in MainCode/fsi-2008.xlsx),thesis_archived_workbook
Lithuania,2009,145.000000,48.000000,2.100000,3.000000,4.200000,4.700000,6.200000,5.200000,4.100000,3.400000,3.500000,4.500000,2.800000,4.300000,https://fragilestatesindex.org/excel/ (archived in MainCode/fsi-2009.xlsx),thesis_archived_workbook
Lithuania,2010,146.000000,47.800000,2.200000,3.200000,4.000000,5.700000,6.000000,5.000000,3.900000,3.200000,3.300000,4.300000,2.900000,4.100000,https://fragilestatesindex.org/excel/ (archived in MainCode/fsi-2010.xlsx),thesis_archived_workbook
Lithuania,2011,149.000000,45.300000,2.500000,2.800000,3.700000,5.300000,5.700000,4.600000,3.600000,2.900000,3.100000,4.100000,3.200000,3.800000,https://fragilestatesindex.org/excel/ (archived in MainCode/fsi-2011.xlsx),thesis_archived_workbook
Lithuania,2012,149.000000,44.200000,2.800000,2.800000,4.000000,5.000000,5.400000,4.400000,3.500000,3.100000,2.900000,3.800000,2.900000,3.500000,https://fragilestatesindex.org/excel/ (archived in MainCode/fsi-2012.xlsx),thesis_archived_workbook
Lithuania,2013,150.000000,43.000000,2.500000,3.000000,3.700000,4.500000,5.200000,4.100000,3.800000,3.400000,2.900000,3.800000,2.900000,3.200000,https://fragilestatesindex.org/excel/ (archived in MainCode/fsi-2013.xlsx),thesis_archived_workbook
Lithuania,2014,149.000000,43.200000,2.700000,3.000000,4.000000,4.800000,5.300000,4.000000,3.500000,3.700000,2.700000,3.600000,2.900000,3.000000,https://fragilestatesindex.org/excel/ (archived in MainCode/fsi-2014.xlsx),thesis_archived_workbook
Lithuania,2015,148.000000,43.000000,3.000000,3.000000,4.300000,5.000000,5.000000,4.200000,3.200000,4.000000,2.400000,3.300000,2.600000,3.000000,https://fragilestatesindex.org/excel/ (archived in MainCode/fsi-2015.xlsx),thesis_archived_workbook
Lithuania,2016,149.000000,42.400000,3.100000,3.000000,4.600000,4.700000,4.700000,4.100000,2.900000,3.700000,2.700000,3.000000,2.400000,3.500000,https://fragilestatesindex.org/excel/ (archived in MainCode/fsi-2016.xlsx),thesis_archived_workbook
Lithuania,2017,148.000000,41.700000,3.100000,3.000000,4.400000,4.500000,4.500000,4.400000,2.700000,3.500000,2.500000,2.800000,2.300000,4.000000,https://fragilestatesindex.org/excel/ (archived in MainCode/fsi-2017.xlsx),thesis_archived_workbook
Lithuania,2018,152.000000,39.409554,2.884212,3.000000,4.100000,4.200000,4.200000,4.255050,2.400000,3.200000,2.209809,2.500000,2.160484,4.300000,https://fragilestatesindex.org/excel/ (archived in MainCode/fsi-2018.xlsx),thesis_archived_workbook
Lithuania,2019,152.000000,38.100000,2.800000,3.000000,3.800000,3.900000,4.200000,4.600000,2.100000,2.900000,2.700000,2.200000,1.900000,4.000000,https://fragilestatesindex.org/excel/ (archived in MainCode/fsi-2019.xlsx),thesis_archived_workbook
Lithuania,2020,154.000000,36.470891,3.100000,3.000000,3.597544,3.600000,3.900000,4.900000,1.800000,2.673347,2.400000,1.900000,1.900000,3.700000,https://fragilestatesindex.org/excel/ (archived in MainCode/fsi-2020.xlsx),thesis_archived_workbook
Lithuania,2021,155.000000,38.700000,2.800000,3.000000,3.300000,3.700000,4.100000,5.200000,1.500000,3.700000,2.200000,3.400000,1.800000,4.000000,https://fragilestatesindex.org/wp-content/uploads/2021/05/fsi-2021.xlsx,publisher_workbook
Lithuania,2022,153.000000,38.600000,2.500000,3.000000,3.000000,3.200000,4.000000,5.300000,1.300000,4.000000,2.000000,3.900000,1.900000,4.500000,https://fragilestatesindex.org/wp-content/uploads/2022/07/fsi-2022-download.xlsx,publisher_workbook
Lithuania,2023,152.000000,39.400000,2.200000,3.000000,2.700000,3.700000,4.100000,5.600000,1.200000,3.700000,1.900000,3.600000,2.900000,4.800000,https://fragilestatesindex.org/wp-content/uploads/2023/06/FSI-2023-DOWNLOAD.xlsx,publisher_workbook
Luxembourg,2007,164.000000,28.100000,2.000000,3.000000,3.700000,2.000000,2.500000,1.200000,3.300000,2.600000,1.600000,2.100000,1.800000,2.300000,https://fragilestatesindex.org/excel/ (archived in MainCode/fsi-2007.xlsx),thesis_archived_workbook
Luxembourg,2008,165.000000,27.900000,2.000000,3.000000,3.700000,1.800000,2.500000,1.200000,3.300000,2.600000,1.600000,2.100000,1.800000,2.300000,https://fragilestatesindex.org/excel/ (archived in MainCode/fsi-2008.xlsx),thesis_archived_workbook
Luxembourg,2009,167.000000,27.600000,2.000000,3.600000,3.200000,2.200000,2.500000,1.200000,2.900000,2.400000,1.500000,2.100000,1.500000,2.500000,https://fragilestatesindex.org/excel/ (archived in MainCode/fsi-2009.xlsx),thesis_archived_workbook
Luxembourg,2010,168.000000,27.300000,2.100000,3.600000,3.200000,2.800000,2.300000,1.200000,2.700000,2.200000,1.300000,1.900000,1.700000,2.300000,https://fragilestatesindex.org/excel/ (archived in MainCode/fsi-2010.xlsx),thesis_archived_workbook
Luxembourg,2011,170.000000,26.100000,2.300000,3.400000,2.800000,2.300000,2.000000,1.500000,2.500000,1.900000,1.000000,1.700000,2.100000,2.600000,https://fragilestatesindex.org/excel/ (archived in MainCode/fsi-2011.xlsx),thesis_archived_workbook
Luxembourg,2012,172.000000,25.500000,2.300000,3.400000,2.800000,1.800000,1.800000,1.800000,2.200000,1.600000,1.300000,2.000000,2.100000,2.300000,https://fragilestatesindex.org/excel/ (archived in MainCode/fsi-2012.xlsx),thesis_archived_workbook
Luxembourg,2013,172.000000,23.300000,2.300000,3.400000,2.800000,1.500000,1.500000,2.100000,1.900000,1.300000,1.000000,1.700000,1.800000,2.000000,https://fragilestatesindex.org/excel/ (archived in MainCode/fsi-2013.xlsx),thesis_archived_workbook
Luxembourg,2014,172.000000,24.600000,2.300000,3.400000,2.800000,1.800000,1.800000,2.400000,1.600000,1.600000,1.300000,2.000000,1.700000,1.900000,https://fragilestatesindex.org/excel/ (archived in MainCode/fsi-2014.xlsx),thesis_archived_workbook
Luxembourg,2015,174.000000,22.100000,2.000000,3.400000,3.100000,1.500000,1.500000,2.100000,1.300000,1.300000,1.000000,1.700000,1.700000,1.600000,https://fragilestatesindex.org/excel/ (archived in MainCode/fsi-2015.xlsx),thesis_archived_workbook
Luxembourg,2016,168.000000,24.100000,1.900000,3.400000,3.100000,1.200000,1.700000,1.800000,1.000000,2.300000,1.000000,1.700000,3.700000,1.300000,https://fragilestatesindex.org/excel/ (archived in MainCode/fsi-2016.xlsx),thesis_archived_workbook
Luxembourg,2017,168.000000,23.400000,1.700000,3.400000,3.100000,1.200000,1.600000,2.100000,1.000000,2.100000,1.000000,1.600000,3.500000,1.100000,https://fragilestatesindex.org/excel/ (archived in MainCode/fsi-2017.xlsx),thesis_archived_workbook
Luxembourg,2018,170.000000,20.757276,1.400000,3.400000,2.800000,1.298284,1.300000,1.800000,0.700000,1.800000,0.950682,1.308310,3.200000,0.800000,https://fragilestatesindex.org/excel/ (archived in MainCode/fsi-2018.xlsx),thesis_archived_workbook
Luxembourg,2019,169.000000,20.400000,1.300000,3.400000,2.700000,1.200000,1.200000,1.700000,0.700000,1.700000,1.000000,1.600000,3.100000,0.800000,https://fragilestatesindex.org/excel/ (archived in MainCode/fsi-2019.xlsx),thesis_archived_workbook
Luxembourg,2020,170.000000,18.849240,1.000000,3.400000,2.400000,1.500000,1.135802,1.617658,0.500000,1.400000,1.245865,1.349915,2.800000,0.500000,https://fragilestatesindex.org/excel/ (archived in MainCode/fsi-2020.xlsx),thesis_archived_workbook
Luxembourg,2021,173.000000,21.100000,0.700000,3.400000,2.100000,2.600000,1.400000,1.600000,0.500000,1.900000,1.100000,2.800000,2.500000,0.500000,https://fragilestatesindex.org/wp-content/uploads/2021/05/fsi-2021.xlsx,publisher_workbook
Luxembourg,2022,173.000000,20.000000,0.400000,3.400000,1.800000,2.100000,1.700000,1.600000,0.300000,1.600000,1.100000,2.900000,2.800000,0.300000,https://fragilestatesindex.org/wp-content/uploads/2022/07/fsi-2022-download.xlsx,publisher_workbook
Luxembourg,2023,172.000000,19.500000,0.400000,3.400000,1.500000,2.400000,1.800000,1.700000,0.300000,1.300000,1.100000,2.400000,2.800000,0.400000,https://fragilestatesindex.org/wp-content/uploads/2023/06/FSI-2023-DOWNLOAD.xlsx,publisher_workbook
Macedonia,2006,78.000000,75.100000,6.100000,6.200000,7.100000,6.000000,7.500000,7.000000,7.200000,5.600000,5.300000,5.700000,5.100000,6.300000,https://fragilestatesindex.org/excel/ (archived in MainCode/fsi-2006.xlsx),thesis_archived_workbook
Macedonia,2007,94.000000,74.100000,6.100000,6.400000,7.100000,5.900000,7.400000,7.000000,7.300000,5.100000,5.300000,5.400000,4.700000,6.400000,https://fragilestatesindex.org/excel/ (archived in MainCode/fsi-2007.xlsx),thesis_archived_workbook
Macedonia,2008,95.000000,74.600000,5.800000,6.600000,7.400000,6.000000,7.400000,7.000000,7.600000,5.100000,5.300000,5.400000,4.600000,6.400000,https://fragilestatesindex.org/excel/ (archived in MainCode/fsi-2008.xlsx),thesis_archived_workbook
Macedonia,2009,99.000000,74.400000,5.800000,6.700000,7.500000,6.300000,7.300000,6.900000,7.400000,4.800000,5.300000,5.000000,4.600000,6.800000,https://fragilestatesindex.org/excel/ (archived in MainCode/fsi-2009.xlsx),thesis_archived_workbook
Macedonia,2010,103.000000,72.700000,5.600000,6.500000,7.600000,6.600000,7.100000,6.700000,6.900000,4.600000,5.100000,4.800000,4.600000,6.600000,https://fragilestatesindex.org/excel/ (archived in MainCode/fsi-2010.xlsx),thesis_archived_workbook
Macedonia,2011,106.000000,71.000000,6.000000,6.700000,7.400000,6.200000,6.800000,6.700000,6.700000,4.200000,5.000000,4.500000,4.600000,6.200000,https://fragilestatesindex.org/excel/ (archived in MainCode/fsi-2011.xlsx),thesis_archived_workbook
Macedonia,2012,109.000000,69.100000,5.700000,6.700000,7.600000,5.900000,6.500000,6.400000,6.400000,4.200000,4.600000,4.200000,4.900000,5.900000,https://fragilestatesindex.org/excel/ (archived in MainCode/fsi-2012.xlsx),thesis_archived_workbook
Macedonia,2013,112.000000,68.000000,6.000000,7.000000,7.800000,5.900000,6.200000,6.100000,6.100000,3.900000,4.300000,3.900000,5.200000,5.600000,https://fragilestatesindex.org/excel/ (archived in MainCode/fsi-2013.xlsx),thesis_archived_workbook
Macedonia,2014,116.000000,66.400000,5.700000,7.000000,7.300000,5.900000,5.900000,5.800000,5.800000,4.100000,4.200000,3.800000,5.000000,5.900000,https://fragilestatesindex.org/excel/ (archived in MainCode/fsi-2014.xlsx),thesis_archived_workbook
Macedonia,2015,118.000000,64.500000,5.400000,7.000000,7.000000,5.700000,5.600000,5.500000,5.500000,4.400000,3.900000,3.300000,5.300000,5.900000,https://fragilestatesindex.org/excel/ (archived in MainCode/fsi-2015.xlsx),thesis_archived_workbook
Macedonia,2016,111.000000,67.000000,5.700000,7.300000,7.100000,6.000000,5.400000,5.200000,6.000000,4.100000,4.000000,3.000000,7.000000,6.200000,https://fragilestatesindex.org/excel/ (archived in MainCode/fsi-2016.xlsx),thesis_archived_workbook
Macedonia,2017,112.000000,66.100000,5.600000,7.300000,6.900000,5.800000,5.200000,5.200000,5.800000,3.900000,3.800000,3.300000,7.300000,6.000000,https://fragilestatesindex.org/excel/ (archived in MainCode/fsi-2017.xlsx),thesis_archived_workbook
Macedonia,2018,112.000000,64.797158,5.300000,7.300000,6.600000,6.100000,4.900000,4.900000,5.500000,3.797158,3.500000,2.800000,7.800000,6.300000,https://fragilestatesindex.org/excel/ (archived in MainCode/fsi-2018.xlsx),thesis_archived_workbook
Macedonia,2019,111.000000,64.600000,5.300000,7.300000,6.600000,6.400000,4.900000,5.200000,5.700000,3.900000,3.200000,2.500000,7.500000,6.100000,https://fragilestatesindex.org/excel/ (archived in MainCode/fsi-2019.xlsx),thesis_archived_workbook
Macedonia,2020,113.000000,62.130864,5.000000,7.300000,6.300000,6.100000,4.600000,5.500000,5.400000,3.830864,2.900000,2.200000,7.200000,5.800000,https://fragilestatesindex.org/excel/ (archived in MainCode/fsi-2020.xlsx),thesis_archived_workbook
Macedonia,2023,113.000000,60.300000,4.100000,7.300000,5.400000,6.300000,4.300000,6.400000,4.500000,4.200000,2.400000,4.200000,6.300000,4.900000,https://fragilestatesindex.org/wp-content/uploads/2023/06/FSI-2023-DOWNLOAD.xlsx,publisher_workbook
Madagascar,2007,82.000000,76.500000,6.100000,6.700000,5.100000,7.500000,7.000000,5.000000,5.700000,8.700000,5.700000,8.500000,3.000000,7.500000,https://fragilestatesindex.org/excel/ (archived in MainCode/fsi-2007.xlsx),thesis_archived_workbook
Madagascar,2008,86.000000,76.700000,5.800000,7.000000,5.100000,7.400000,7.200000,5.000000,6.000000,8.700000,6.000000,8.500000,2.500000,7.500000,https://fragilestatesindex.org/excel/ (archived in MainCode/fsi-2008.xlsx),thesis_archived_workbook
Madagascar,2009,68.000000,81.600000,5.900000,7.100000,5.600000,7.400000,7.600000,5.000000,6.600000,8.800000,5.900000,8.900000,5.000000,7.800000,https://fragilestatesindex.org/excel/ (archived in MainCode/fsi-2009.xlsx),thesis_archived_workbook
Madagascar,2010,64.000000,82.600000,6.400000,7.700000,5.400000,7.200000,7.700000,5.300000,7.100000,8.600000,5.800000,8.600000,4.800000,8.000000,https://fragilestatesindex.org/excel/ (archived in MainCode/fsi-2010.xlsx),thesis_archived_workbook
Madagascar,2011,58.000000,83.200000,6.800000,8.000000,5.200000,7.600000,7.800000,4.900000,7.100000,8.600000,6.000000,8.300000,4.600000,8.300000,https://fragilestatesindex.org/excel/ (archived in MainCode/fsi-2011.xlsx),thesis_archived_workbook
Madagascar,2012,58.000000,82.500000,6.900000,7.800000,5.200000,7.900000,7.600000,5.200000,7.300000,8.300000,6.000000,8.000000,4.400000,8.000000,https://fragilestatesindex.org/excel/ (archived in MainCode/fsi-2012.xlsx),thesis_archived_workbook
Madagascar,2013,61.000000,82.700000,7.000000,7.500000,4.900000,8.200000,7.900000,5.500000,7.200000,8.600000,5.900000,8.100000,4.300000,7.700000,https://fragilestatesindex.org/excel/ (archived in MainCode/fsi-2013.xlsx),thesis_archived_workbook
Madagascar,2014,59.000000,83.100000,6.800000,7.600000,4.900000,7.900000,8.200000,5.800000,7.300000,8.800000,5.800000,8.200000,4.200000,7.600000,https://fragilestatesindex.org/excel/ (archived in MainCode/fsi-2014.xlsx),thesis_archived_workbook
Madagascar,2015,56.000000,83.600000,7.100000,7.600000,4.600000,7.600000,8.500000,6.100000,7.200000,9.100000,6.100000,8.500000,3.900000,7.300000,https://fragilestatesindex.org/excel/ (archived in MainCode/fsi-2015.xlsx),thesis_archived_workbook
Madagascar,2016,56.000000,84.200000,7.300000,7.800000,4.300000,7.800000,8.800000,6.400000,7.300000,9.300000,5.800000,8.800000,3.600000,7.000000,https://fragilestatesindex.org/excel/ (archived in MainCode/fsi-2016.xlsx),thesis_archived_workbook
Madagascar,2017,55.000000,84.000000,7.100000,7.800000,4.100000,7.600000,9.100000,6.700000,7.100000,9.100000,5.600000,9.100000,3.900000,6.800000,https://fragilestatesindex.org/excel/ (archived in MainCode/fsi-2017.xlsx),thesis_archived_workbook
Madagascar,2018,54.000000,83.571630,7.200000,7.800000,3.800000,7.554629,9.050411,7.000000,6.800000,8.877849,5.812993,8.975748,4.200000,6.500000,https://fragilestatesindex.org/excel/ (archived in MainCode/fsi-2018.xlsx),thesis_archived_workbook
Madagascar,2019,58.000000,80.900000,6.900000,7.800000,3.500000,7.300000,9.000000,6.700000,6.500000,8.600000,5.600000,9.000000,3.900000,6.200000,https://fragilestatesindex.org/excel/ (archived in MainCode/fsi-2019.xlsx),thesis_archived_workbook
Madagascar,2020,57.000000,79.530299,6.600000,7.800000,3.200000,7.000000,8.880231,6.400000,6.241423,8.300000,5.804759,9.203886,4.200000,5.900000,https://fragilestatesindex.org/excel/ (archived in MainCode/fsi-2020.xlsx),thesis_archived_workbook
Madagascar,2021,58.000000,79.500000,6.300000,7.800000,3.300000,7.300000,9.000000,6.100000,6.300000,8.700000,5.800000,9.200000,4.100000,5.600000,https://fragilestatesindex.org/wp-content/uploads/2021/05/fsi-2021.xlsx,publisher_workbook
Madagascar,2022,52.000000,80.400000,6.000000,7.800000,3.600000,7.600000,9.100000,5.800000,7.000000,8.800000,5.900000,9.500000,4.000000,5.300000,https://fragilestatesindex.org/wp-content/uploads/2022/07/fsi-2022-download.xlsx,publisher_workbook
Madagascar,2023,49.000000,81.700000,5.700000,7.800000,3.800000,7.700000,9.200000,5.900000,6.700000,9.300000,6.000000,9.600000,5.000000,5.000000,https://fragilestatesindex.org/wp-content/uploads/2023/06/FSI-2023-DOWNLOAD.xlsx,publisher_workbook
Malawi,2006,29.000000,89.800000,5.500000,6.700000,6.000000,8.800000,8.800000,7.000000,8.000000,9.000000,8.000000,9.000000,6.000000,7.000000,https://fragilestatesindex.org/excel/ (archived in MainCode/fsi-2006.xlsx),thesis_archived_workbook
Malawi,2007,29.000000,92.200000,5.400000,7.500000,6.000000,9.200000,8.800000,8.000000,7.900000,9.000000,8.000000,9.000000,6.000000,7.400000,https://fragilestatesindex.org/excel/ (archived in MainCode/fsi-2007.xlsx),thesis_archived_workbook
Malawi,2008,29.000000,92.900000,5.400000,7.600000,6.000000,9.100000,8.800000,8.200000,8.000000,9.000000,7.800000,9.000000,6.200000,7.800000,https://fragilestatesindex.org/excel/ (archived in MainCode/fsi-2008.xlsx),thesis_archived_workbook
Malawi,2009,28.000000,93.800000,5.600000,7.800000,5.900000,9.100000,8.500000,8.300000,8.300000,8.800000,7.500000,9.300000,6.300000,8.400000,https://fragilestatesindex.org/excel/ (archived in MainCode/fsi-2009.xlsx),thesis_archived_workbook
Malawi,2010,28.000000,93.600000,5.400000,7.800000,6.200000,9.200000,8.300000,8.400000,8.100000,8.600000,7.300000,9.200000,6.500000,8.600000,https://fragilestatesindex.org/excel/ (archived in MainCode/fsi-2010.xlsx),thesis_archived_workbook
Malawi,2011,33.000000,91.200000,5.200000,7.600000,6.000000,8.800000,8.000000,8.100000,7.900000,8.200000,7.000000,9.100000,6.500000,8.700000,https://fragilestatesindex.org/excel/ (archived in MainCode/fsi-2011.xlsx),thesis_archived_workbook
Malawi,2012,36.000000,88.800000,5.100000,7.600000,5.700000,8.500000,7.700000,7.800000,8.000000,7.900000,7.100000,8.800000,6.200000,8.400000,https://fragilestatesindex.org/excel/ (archived in MainCode/fsi-2012.xlsx),thesis_archived_workbook
Malawi,2013,40.000000,89.200000,5.000000,7.600000,5.700000,8.400000,8.000000,8.100000,7.500000,8.200000,6.800000,8.900000,6.500000,8.400000,https://fragilestatesindex.org/excel/ (archived in MainCode/fsi-2013.xlsx),thesis_archived_workbook
Malawi,2014,38.000000,89.100000,5.100000,7.700000,5.700000,8.300000,8.100000,8.400000,7.600000,8.100000,6.500000,8.800000,6.400000,8.400000,https://fragilestatesindex.org/excel/ (archived in MainCode/fsi-2014.xlsx),thesis_archived_workbook
Malawi,2015,44.000000,86.900000,4.800000,7.700000,5.400000,8.600000,8.400000,8.100000,6.900000,7.800000,6.200000,8.800000,6.100000,8.100000,https://fragilestatesindex.org/excel/ (archived in MainCode/fsi-2015.xlsx),thesis_archived_workbook
Malawi,2016,44.000000,87.600000,4.500000,7.700000,5.100000,8.600000,8.500000,8.100000,6.600000,8.100000,6.400000,9.300000,6.300000,8.400000,https://fragilestatesindex.org/excel/ (archived in MainCode/fsi-2016.xlsx),thesis_archived_workbook
Malawi,2017,44.000000,88.000000,4.800000,8.100000,5.600000,8.400000,8.300000,7.900000,6.400000,8.600000,6.200000,9.700000,5.800000,8.200000,https://fragilestatesindex.org/excel/ (archived in MainCode/fsi-2017.xlsx),thesis_archived_workbook
Malawi,2018,47.000000,85.487622,4.500000,8.100000,5.600000,8.100000,8.000000,7.687622,6.400000,8.300000,6.200000,9.400000,5.500000,7.700000,https://fragilestatesindex.org/excel/ (archived in MainCode/fsi-2018.xlsx),thesis_archived_workbook
Malawi,2019,49.000000,83.300000,4.800000,8.100000,5.300000,8.000000,8.100000,7.400000,6.100000,8.000000,5.900000,9.100000,5.200000,7.400000,https://fragilestatesindex.org/excel/ (archived in MainCode/fsi-2019.xlsx),thesis_archived_workbook
Malawi,2020,43.000000,84.016361,5.100000,8.100000,5.000000,7.700000,8.141923,7.100000,6.600000,7.874438,5.600000,9.400000,5.700000,7.700000,https://fragilestatesindex.org/excel/ (archived in MainCode/fsi-2020.xlsx),thesis_archived_workbook
Malawi,2021,46.000000,83.200000,4.800000,8.400000,4.700000,7.700000,8.000000,6.800000,7.100000,8.200000,5.300000,9.400000,5.400000,7.400000,https://fragilestatesindex.org/wp-content/uploads/2021/05/fsi-2021.xlsx,publisher_workbook
Malawi,2022,45.000000,83.000000,4.500000,8.700000,4.400000,7.800000,7.900000,6.700000,7.400000,8.500000,5.000000,9.500000,5.500000,7.100000,https://fragilestatesindex.org/wp-content/uploads/2022/07/fsi-2022-download.xlsx,publisher_workbook
Malawi,2023,43.000000,83.200000,4.200000,8.700000,4.100000,8.100000,7.800000,6.400000,7.500000,8.200000,5.100000,9.600000,6.000000,7.500000,https://fragilestatesindex.org/wp-content/uploads/2023/06/FSI-2023-DOWNLOAD.xlsx,publisher_workbook
Malaysia,2006,98.000000,66.100000,6.200000,5.500000,5.500000,4.300000,6.600000,3.500000,5.900000,5.800000,6.500000,6.500000,4.100000,5.700000,https://fragilestatesindex.org/excel/ (archived in MainCode/fsi-2006.xlsx),thesis_archived_workbook
Malaysia,2007,119.000000,65.900000,6.300000,5.300000,5.500000,4.600000,6.600000,3.600000,5.900000,5.400000,6.500000,6.300000,4.100000,5.800000,https://fragilestatesindex.org/excel/ (archived in MainCode/fsi-2007.xlsx),thesis_archived_workbook
Malaysia,2008,118.000000,67.200000,6.300000,5.700000,5.900000,4.200000,6.900000,3.600000,5.900000,5.100000,6.500000,6.300000,5.000000,5.800000,https://fragilestatesindex.org/excel/ (archived in MainCode/fsi-2008.xlsx),thesis_archived_workbook
Malaysia,2009,114.000000,68.900000,6.100000,6.100000,6.200000,4.700000,6.900000,3.800000,6.100000,5.200000,6.500000,6.500000,5.200000,5.600000,https://fragilestatesindex.org/excel/ (archived in MainCode/fsi-2009.xlsx),thesis_archived_workbook
Malaysia,2010,110.000000,69.200000,5.900000,6.300000,6.600000,5.100000,7.000000,3.900000,5.900000,5.000000,6.800000,6.300000,5.000000,5.400000,https://fragilestatesindex.org/excel/ (archived in MainCode/fsi-2010.xlsx),thesis_archived_workbook
Malaysia,2011,111.000000,68.700000,6.000000,6.400000,6.700000,4.900000,6.700000,4.200000,6.000000,5.100000,6.900000,6.000000,4.800000,5.000000,https://fragilestatesindex.org/excel/ (archived in MainCode/fsi-2011.xlsx),thesis_archived_workbook
Malaysia,2012,110.000000,68.500000,6.300000,6.800000,6.400000,4.600000,6.400000,4.400000,6.500000,4.800000,7.400000,5.700000,4.500000,4.700000,https://fragilestatesindex.org/excel/ (archived in MainCode/fsi-2012.xlsx),thesis_archived_workbook
Malaysia,2013,116.000000,66.100000,6.000000,6.800000,6.100000,4.100000,5.900000,4.800000,6.200000,4.500000,7.100000,5.600000,4.600000,4.400000,https://fragilestatesindex.org/excel/ (archived in MainCode/fsi-2013.xlsx),thesis_archived_workbook
Malaysia,2014,117.000000,66.200000,6.500000,7.000000,6.200000,3.900000,5.600000,4.800000,6.600000,4.600000,6.900000,5.500000,4.500000,4.100000,https://fragilestatesindex.org/excel/ (archived in MainCode/fsi-2014.xlsx),thesis_archived_workbook
Malaysia,2015,115.000000,65.900000,6.800000,6.500000,6.200000,3.600000,5.300000,4.500000,6.900000,4.700000,7.200000,5.800000,4.200000,4.200000,https://fragilestatesindex.org/excel/ (archived in MainCode/fsi-2015.xlsx),thesis_archived_workbook
Malaysia,2016,115.000000,66.100000,6.500000,6.800000,6.700000,3.300000,5.200000,4.700000,7.400000,4.400000,7.700000,5.500000,3.900000,4.000000,https://fragilestatesindex.org/excel/ (archived in MainCode/fsi-2016.xlsx),thesis_archived_workbook
Malaysia,2017,116.000000,65.400000,6.300000,6.800000,6.500000,3.100000,5.000000,5.000000,7.700000,4.200000,8.000000,5.300000,3.700000,3.800000,https://fragilestatesindex.org/excel/ (archived in MainCode/fsi-2017.xlsx),thesis_archived_workbook
Malaysia,2018,116.000000,63.594837,6.000000,6.800000,6.200000,3.394837,4.700000,5.300000,7.400000,3.900000,7.700000,5.000000,3.700000,3.500000,https://fragilestatesindex.org/excel/ (archived in MainCode/fsi-2018.xlsx),thesis_archived_workbook
Malaysia,2019,119.000000,60.500000,5.800000,6.800000,6.000000,3.100000,4.500000,5.100000,6.900000,3.600000,7.400000,4.700000,3.400000,3.200000,https://fragilestatesindex.org/excel/ (archived in MainCode/fsi-2019.xlsx),thesis_archived_workbook
Malaysia,2020,120.000000,57.561896,5.661896,6.800000,5.700000,2.800000,4.200000,4.800000,6.600000,3.300000,7.100000,4.400000,3.300000,2.900000,https://fragilestatesindex.org/excel/ (archived in MainCode/fsi-2020.xlsx),thesis_archived_workbook
Malaysia,2021,123.000000,56.900000,5.400000,6.800000,5.400000,3.300000,4.100000,4.500000,6.300000,4.300000,6.800000,4.400000,3.000000,2.600000,https://fragilestatesindex.org/wp-content/uploads/2021/05/fsi-2021.xlsx,publisher_workbook
Malaysia,2022,122.000000,56.400000,5.100000,6.800000,5.100000,3.200000,4.000000,4.400000,6.400000,4.000000,7.000000,5.000000,3.100000,2.300000,https://fragilestatesindex.org/wp-content/uploads/2022/07/fsi-2022-download.xlsx,publisher_workbook
Malaysia,2023,124.000000,55.000000,4.800000,6.800000,4.800000,3.000000,3.500000,4.100000,6.500000,3.700000,7.500000,5.100000,3.200000,2.000000,https://fragilestatesindex.org/wp-content/uploads/2023/06/FSI-2023-DOWNLOAD.xlsx,publisher_workbook
Maldives,2007,66.000000,81.100000,6.100000,7.200000,4.900000,7.300000,4.900000,7.000000,7.900000,7.100000,7.700000,8.000000,7.000000,6.000000,https://fragilestatesindex.org/excel/ (archived in MainCode/fsi-2007.xlsx),thesis_archived_workbook
Maldives,2008,67.000000,80.400000,6.300000,7.600000,4.900000,7.100000,4.900000,7.000000,7.600000,7.100000,7.700000,7.700000,6.500000,6.000000,https://fragilestatesindex.org/excel/ (archived in MainCode/fsi-2008.xlsx),thesis_archived_workbook
Maldives,2009,81.000000,78.800000,6.300000,7.400000,5.200000,6.700000,5.200000,7.000000,7.200000,7.300000,7.500000,6.500000,6.500000,6.000000,https://fragilestatesindex.org/excel/ (archived in MainCode/fsi-2009.xlsx),thesis_archived_workbook
Maldives,2010,84.000000,78.300000,6.100000,7.400000,5.200000,7.000000,5.300000,7.100000,7.300000,7.100000,7.300000,6.300000,6.400000,5.800000,https://fragilestatesindex.org/excel/ (archived in MainCode/fsi-2010.xlsx),thesis_archived_workbook
Maldives,2011,91.000000,75.600000,5.700000,7.600000,4.900000,6.700000,5.000000,6.800000,7.400000,6.900000,7.000000,6.000000,5.900000,5.800000,https://fragilestatesindex.org/excel/ (archived in MainCode/fsi-2011.xlsx),thesis_archived_workbook
Maldives,2012,88.000000,75.100000,5.700000,7.600000,4.900000,6.400000,4.700000,6.500000,7.900000,6.600000,7.500000,5.700000,5.600000,6.100000,https://fragilestatesindex.org/excel/ (archived in MainCode/fsi-2012.xlsx),thesis_archived_workbook
Maldives,2013,88.000000,75.400000,5.800000,8.000000,4.900000,6.500000,4.400000,6.200000,8.300000,6.700000,7.600000,5.400000,5.300000,6.400000,https://fragilestatesindex.org/excel/ (archived in MainCode/fsi-2013.xlsx),thesis_archived_workbook
Maldives,2014,88.000000,75.400000,5.800000,8.300000,4.900000,6.700000,4.200000,5.900000,8.400000,6.400000,7.400000,5.700000,5.000000,6.700000,https://fragilestatesindex.org/excel/ (archived in MainCode/fsi-2014.xlsx),thesis_archived_workbook
Maldives,2015,91.000000,74.300000,6.100000,7.800000,4.600000,6.400000,4.100000,5.600000,8.500000,6.100000,7.500000,5.800000,4.700000,7.000000,https://fragilestatesindex.org/excel/ (archived in MainCode/fsi-2015.xlsx),thesis_archived_workbook
Maldives,2016,91.000000,74.000000,6.600000,8.000000,4.800000,6.100000,3.800000,5.900000,8.700000,5.800000,7.700000,5.500000,4.400000,6.700000,https://fragilestatesindex.org/excel/ (archived in MainCode/fsi-2016.xlsx),thesis_archived_workbook
Maldives,2017,86.000000,74.400000,6.400000,8.000000,4.800000,5.900000,3.600000,6.200000,8.500000,5.600000,8.200000,6.000000,4.700000,6.500000,https://fragilestatesindex.org/excel/ (archived in MainCode/fsi-2017.xlsx),thesis_archived_workbook
Maldives,2018,89.000000,72.400000,6.100000,8.300000,4.500000,5.600000,3.300000,6.500000,8.300000,5.500000,8.000000,5.700000,4.400000,6.200000,https://fragilestatesindex.org/excel/ (archived in MainCode/fsi-2018.xlsx),thesis_archived_workbook
Maldives,2019,96.000000,69.800000,5.800000,8.600000,4.200000,5.300000,3.000000,6.200000,8.300000,5.200000,7.700000,5.400000,4.100000,5.900000,https://fragilestatesindex.org/excel/ (archived in MainCode/fsi-2019.xlsx),thesis_archived_workbook
Maldives,2020,99.000000,66.200000,5.800000,8.100000,3.900000,5.000000,2.700000,5.900000,7.800000,4.900000,7.400000,5.100000,4.000000,5.600000,https://fragilestatesindex.org/excel/ (archived in MainCode/fsi-2020.xlsx),thesis_archived_workbook
Maldives,2021,99.000000,67.600000,5.500000,8.100000,4.000000,6.500000,2.800000,5.600000,7.500000,5.400000,7.500000,5.400000,3.700000,5.600000,https://fragilestatesindex.org/wp-content/uploads/2021/05/fsi-2021.xlsx,publisher_workbook
Maldives,2022,105.000000,64.500000,5.200000,8.100000,3.700000,5.500000,2.700000,5.300000,7.200000,5.100000,7.200000,5.500000,3.400000,5.600000,https://fragilestatesindex.org/wp-content/uploads/2022/07/fsi-2022-download.xlsx,publisher_workbook
Maldives,2023,106.000000,62.900000,4.900000,8.100000,3.400000,5.200000,2.600000,5.200000,6.900000,5.400000,6.900000,5.200000,3.500000,5.600000,https://fragilestatesindex.org/wp-content/uploads/2023/06/FSI-2023-DOWNLOAD.xlsx,publisher_workbook
Mali,2006,81.000000,74.600000,4.500000,3.500000,6.000000,8.500000,6.800000,8.000000,4.600000,8.600000,4.700000,8.500000,4.200000,6.700000,https://fragilestatesindex.org/excel/ (archived in MainCode/fsi-2006.xlsx),thesis_archived_workbook
Mali,2007,90.000000,75.500000,4.800000,3.700000,6.100000,8.700000,6.600000,7.900000,4.700000,8.600000,4.600000,8.500000,4.400000,6.900000,https://fragilestatesindex.org/excel/ (archived in MainCode/fsi-2007.xlsx),thesis_archived_workbook
Mali,2008,89.000000,75.600000,5.900000,3.700000,6.100000,8.500000,6.600000,7.400000,4.700000,8.600000,4.600000,8.500000,4.400000,6.600000,https://fragilestatesindex.org/excel/ (archived in MainCode/fsi-2008.xlsx),thesis_archived_workbook
Mali,2009,83.000000,78.700000,6.500000,4.000000,6.500000,8.300000,6.900000,7.400000,5.300000,8.400000,5.200000,8.700000,4.600000,6.900000,https://fragilestatesindex.org/excel/ (archived in MainCode/fsi-2009.xlsx),thesis_archived_workbook
Mali,2010,78.000000,79.300000,7.000000,4.000000,6.300000,8.100000,7.000000,7.500000,5.400000,8.500000,5.000000,8.700000,4.800000,7.000000,https://fragilestatesindex.org/excel/ (archived in MainCode/fsi-2010.xlsx),thesis_archived_workbook
Mali,2011,76.000000,79.300000,7.100000,4.500000,6.000000,7.800000,6.700000,7.300000,5.500000,8.200000,4.900000,8.800000,5.300000,7.200000,https://fragilestatesindex.org/excel/ (archived in MainCode/fsi-2011.xlsx),thesis_archived_workbook
Mali,2012,79.000000,77.900000,7.100000,4.500000,6.000000,7.500000,6.400000,7.300000,5.300000,8.000000,4.600000,8.800000,5.500000,7.000000,https://fragilestatesindex.org/excel/ (archived in MainCode/fsi-2012.xlsx),thesis_archived_workbook
Mali,2013,38.000000,89.300000,8.100000,5.000000,7.600000,8.100000,6.800000,7.800000,6.000000,8.500000,6.500000,9.300000,7.600000,8.000000,https://fragilestatesindex.org/excel/ (archived in MainCode/fsi-2013.xlsx),thesis_archived_workbook
Mali,2014,36.000000,89.800000,8.000000,4.900000,7.500000,7.900000,7.100000,8.100000,5.900000,8.600000,6.800000,9.000000,7.500000,8.500000,https://fragilestatesindex.org/excel/ (archived in MainCode/fsi-2014.xlsx),thesis_archived_workbook
Mali,2015,30.000000,92.900000,8.700000,4.900000,7.600000,8.200000,7.400000,8.400000,6.000000,9.000000,6.700000,9.100000,7.800000,9.300000,https://fragilestatesindex.org/excel/ (archived in MainCode/fsi-2015.xlsx),thesis_archived_workbook
Mali,2016,29.000000,95.200000,9.200000,5.200000,7.900000,7.900000,7.600000,8.700000,6.300000,9.000000,7.000000,8.700000,8.100000,9.600000,https://fragilestatesindex.org/excel/ (archived in MainCode/fsi-2016.xlsx),thesis_archived_workbook
Mali,2017,31.000000,92.900000,9.000000,4.900000,7.400000,7.700000,7.400000,8.500000,6.100000,8.800000,7.300000,8.500000,7.900000,9.400000,https://fragilestatesindex.org/excel/ (archived in MainCode/fsi-2017.xlsx),thesis_archived_workbook
Mali,2018,27.000000,93.581321,9.300000,5.400000,7.900000,7.561497,7.283648,8.560991,6.082859,8.509776,7.282551,8.000000,8.200000,9.500000,https://fragilestatesindex.org/excel/ (archived in MainCode/fsi-2018.xlsx),thesis_archived_workbook
Mali,2019,21.000000,94.500000,9.500000,5.400000,8.100000,7.400000,7.000000,8.300000,6.500000,8.500000,7.600000,8.300000,8.400000,9.600000,https://fragilestatesindex.org/excel/ (archived in MainCode/fsi-2019.xlsx),thesis_archived_workbook
Mali,2020,16.000000,96.043313,9.500000,5.700000,8.400000,7.288618,7.016942,8.000000,7.000000,8.800000,7.737754,8.600000,8.400000,9.600000,https://fragilestatesindex.org/excel/ (archived in MainCode/fsi-2020.xlsx),thesis_archived_workbook
Mali,2021,19.000000,96.600000,9.600000,6.200000,8.100000,7.500000,7.200000,7.900000,7.500000,9.100000,7.400000,8.700000,8.100000,9.300000,https://fragilestatesindex.org/wp-content/uploads/2021/05/fsi-2021.xlsx,publisher_workbook
Mali,2022,14.000000,98.600000,9.700000,7.200000,8.200000,7.200000,7.300000,7.800000,8.500000,8.900000,7.200000,8.800000,8.400000,9.400000,https://fragilestatesindex.org/wp-content/uploads/2022/07/fsi-2022-download.xlsx,publisher_workbook
Mali,2023,13.000000,99.500000,9.600000,7.200000,8.500000,7.500000,7.200000,7.700000,8.600000,8.900000,7.500000,8.800000,8.500000,9.500000,https://fragilestatesindex.org/wp-content/uploads/2023/06/FSI-2023-DOWNLOAD.xlsx,publisher_workbook
Malta,2007,143.000000,48.500000,4.500000,1.600000,3.900000,3.500000,4.500000,4.800000,4.500000,3.300000,3.500000,3.800000,6.100000,4.500000,https://fragilestatesindex.org/excel/ (archived in MainCode/fsi-2007.xlsx),thesis_archived_workbook
Malta,2008,144.000000,48.300000,4.300000,1.600000,3.900000,3.500000,4.500000,4.600000,4.300000,3.400000,3.500000,3.800000,6.100000,4.800000,https://fragilestatesindex.org/excel/ (archived in MainCode/fsi-2008.xlsx),thesis_archived_workbook
Malta,2009,143.000000,48.800000,4.000000,1.700000,4.000000,3.900000,4.600000,4.300000,4.300000,3.500000,3.600000,3.900000,6.000000,5.000000,https://fragilestatesindex.org/excel/ (archived in MainCode/fsi-2009.xlsx),thesis_archived_workbook
Malta,2010,145.000000,48.200000,4.000000,2.000000,4.200000,4.200000,4.400000,4.100000,4.100000,3.200000,3.700000,3.700000,5.800000,4.800000,https://fragilestatesindex.org/excel/ (archived in MainCode/fsi-2010.xlsx),thesis_archived_workbook
Malta,2011,148.000000,45.400000,3.700000,2.000000,4.000000,4.100000,4.100000,4.400000,3.700000,2.900000,3.400000,3.400000,5.400000,4.400000,https://fragilestatesindex.org/excel/ (archived in MainCode/fsi-2011.xlsx),thesis_archived_workbook
Malta,2012,150.000000,43.800000,3.700000,2.000000,4.000000,3.800000,3.800000,4.400000,4.000000,2.600000,3.200000,3.100000,5.100000,4.100000,https://fragilestatesindex.org/excel/ (archived in MainCode/fsi-2012.xlsx),thesis_archived_workbook
Malta,2013,151.000000,42.400000,3.700000,2.000000,4.000000,3.600000,3.500000,4.100000,4.100000,2.300000,3.300000,2.800000,5.200000,3.800000,https://fragilestatesindex.org/excel/ (archived in MainCode/fsi-2013.xlsx),thesis_archived_workbook
Malta,2014,151.000000,43.000000,3.700000,2.000000,4.000000,3.900000,3.200000,4.300000,3.800000,2.600000,3.600000,3.100000,4.900000,3.900000,https://fragilestatesindex.org/excel/ (archived in MainCode/fsi-2014.xlsx),thesis_archived_workbook
Malta,2015,151.000000,40.900000,3.400000,2.000000,3.900000,4.200000,2.900000,4.000000,3.900000,2.300000,3.300000,2.800000,4.600000,3.600000,https://fragilestatesindex.org/excel/ (archived in MainCode/fsi-2015.xlsx),thesis_archived_workbook
Malta,2016,154.000000,39.600000,3.300000,2.000000,3.900000,4.200000,2.800000,3.900000,3.800000,2.200000,3.200000,2.700000,4.100000,3.500000,https://fragilestatesindex.org/excel/ (archived in MainCode/fsi-2016.xlsx),thesis_archived_workbook
Malta,2017,153.000000,38.600000,3.600000,2.000000,3.900000,4.000000,2.600000,3.700000,3.600000,2.000000,3.000000,2.500000,4.400000,3.300000,https://fragilestatesindex.org/excel/ (archived in MainCode/fsi-2017.xlsx),thesis_archived_workbook
Malta,2018,155.000000,36.206245,3.300000,2.000000,3.600000,4.000000,2.300000,3.400000,3.600000,1.700000,3.000000,2.200000,4.106245,3.000000,https://fragilestatesindex.org/excel/ (archived in MainCode/fsi-2018.xlsx),thesis_archived_workbook
Malta,2019,156.000000,34.500000,3.000000,2.000000,3.300000,3.700000,2.000000,3.700000,3.300000,1.500000,3.100000,2.400000,3.800000,2.800000,https://fragilestatesindex.org/excel/ (archived in MainCode/fsi-2019.xlsx),thesis_archived_workbook
Malta,2020,156.000000,33.593646,2.700000,2.000000,3.000000,3.400000,1.700000,3.824205,3.400000,1.422766,3.100838,2.545837,3.700000,2.800000,https://fragilestatesindex.org/excel/ (archived in MainCode/fsi-2020.xlsx),thesis_archived_workbook
Malta,2021,157.000000,36.200000,2.400000,2.000000,2.700000,4.000000,2.000000,3.700000,3.100000,2.400000,3.300000,3.700000,3.800000,3.100000,https://fragilestatesindex.org/wp-content/uploads/2021/05/fsi-2021.xlsx,publisher_workbook
Malta,2022,158.000000,34.700000,2.100000,2.000000,2.400000,3.700000,2.000000,3.500000,3.200000,2.100000,3.400000,4.000000,3.500000,2.800000,https://fragilestatesindex.org/wp-content/uploads/2022/07/fsi-2022-download.xlsx,publisher_workbook
Malta,2023,158.000000,33.000000,1.800000,2.000000,2.100000,3.400000,2.300000,3.700000,2.900000,1.800000,3.600000,3.700000,3.200000,2.500000,https://fragilestatesindex.org/wp-content/uploads/2023/06/FSI-2023-DOWNLOAD.xlsx,publisher_workbook
Mauritania,2006,41.000000,87.800000,7.600000,7.900000,8.500000,7.800000,7.000000,5.000000,7.100000,8.200000,7.100000,9.000000,5.900000,6.700000,https://fragilestatesindex.org/excel/ (archived in MainCode/fsi-2006.xlsx),thesis_archived_workbook
Mauritania,2007,45.000000,86.700000,7.400000,7.900000,8.000000,7.800000,7.000000,5.000000,6.800000,8.100000,7.100000,8.700000,6.200000,6.700000,https://fragilestatesindex.org/excel/ (archived in MainCode/fsi-2007.xlsx),thesis_archived_workbook
Mauritania,2008,47.000000,86.100000,7.200000,7.600000,8.000000,7.800000,7.000000,5.000000,6.600000,8.100000,6.900000,8.400000,6.200000,7.300000,https://fragilestatesindex.org/excel/ (archived in MainCode/fsi-2008.xlsx),thesis_archived_workbook
Mauritania,2009,46.000000,88.700000,7.900000,8.000000,8.200000,7.800000,7.000000,5.000000,7.000000,8.500000,7.100000,8.700000,6.200000,7.300000,https://fragilestatesindex.org/excel/ (archived in MainCode/fsi-2009.xlsx),thesis_archived_workbook
Mauritania,2010,39.000000,89.100000,7.900000,7.900000,8.000000,7.700000,6.800000,5.200000,7.500000,8.300000,7.300000,8.500000,6.400000,7.600000,https://fragilestatesindex.org/excel/ (archived in MainCode/fsi-2010.xlsx),thesis_archived_workbook
Mauritania,2011,42.000000,88.000000,7.900000,7.900000,7.800000,7.300000,6.500000,5.500000,7.300000,7.900000,7.000000,8.200000,6.800000,7.900000,https://fragilestatesindex.org/excel/ (archived in MainCode/fsi-2011.xlsx),thesis_archived_workbook
Mauritania,2012,38.000000,87.600000,7.700000,8.100000,7.500000,7.600000,6.300000,5.400000,7.600000,7.900000,7.300000,8.000000,6.500000,7.600000,https://fragilestatesindex.org/excel/ (archived in MainCode/fsi-2012.xlsx),thesis_archived_workbook
Mauritania,2013,31.000000,91.700000,7.800000,8.200000,7.200000,8.000000,6.500000,5.700000,7.700000,8.400000,7.400000,8.500000,8.300000,7.900000,https://fragilestatesindex.org/excel/ (archived in MainCode/fsi-2013.xlsx),thesis_archived_workbook
Mauritania,2014,28.000000,93.000000,7.700000,8.500000,7.200000,7.700000,6.800000,6.000000,7.400000,8.600000,7.700000,8.400000,8.800000,8.200000,https://fragilestatesindex.org/excel/ (archived in MainCode/fsi-2014.xlsx),thesis_archived_workbook
Mauritania,2015,26.000000,94.900000,7.400000,8.800000,6.900000,8.000000,7.100000,6.300000,7.900000,8.900000,8.000000,8.600000,8.500000,8.500000,https://fragilestatesindex.org/excel/ (archived in MainCode/fsi-2015.xlsx),thesis_archived_workbook
Mauritania,2016,28.000000,95.400000,7.100000,8.800000,7.200000,7.900000,7.000000,6.600000,8.200000,9.200000,8.100000,8.900000,8.200000,8.200000,https://fragilestatesindex.org/excel/ (archived in MainCode/fsi-2016.xlsx),thesis_archived_workbook
Mauritania,2017,28.000000,93.700000,6.900000,8.800000,7.000000,7.700000,6.800000,6.900000,8.000000,9.000000,7.900000,8.700000,8.000000,8.000000,https://fragilestatesindex.org/excel/ (archived in MainCode/fsi-2017.xlsx),thesis_archived_workbook
Mauritania,2018,31.000000,92.152829,6.600000,8.800000,6.700000,7.400000,6.500000,7.200000,8.155498,8.767038,7.830292,8.800000,7.700000,7.700000,https://fragilestatesindex.org/excel/ (archived in MainCode/fsi-2018.xlsx),thesis_archived_workbook
Mauritania,2019,31.000000,90.100000,6.300000,8.800000,7.000000,7.100000,6.200000,6.900000,8.300000,8.600000,7.500000,8.500000,7.400000,7.400000,https://fragilestatesindex.org/excel/ (archived in MainCode/fsi-2019.xlsx),thesis_archived_workbook
Mauritania,2020,33.000000,88.742469,6.600000,8.800000,7.300000,6.800000,5.900000,6.600000,8.000000,8.390647,7.200000,8.451822,7.600000,7.100000,https://fragilestatesindex.org/excel/ (archived in MainCode/fsi-2020.xlsx),thesis_archived_workbook
Mauritania,2021,33.000000,89.100000,6.300000,8.800000,7.300000,7.100000,6.400000,6.500000,7.900000,8.700000,6.900000,8.500000,7.900000,6.800000,https://fragilestatesindex.org/wp-content/uploads/2021/05/fsi-2021.xlsx,publisher_workbook
Mauritania,2022,36.000000,87.900000,6.000000,8.800000,7.300000,6.600000,6.700000,6.200000,7.900000,8.600000,6.600000,8.500000,8.200000,6.500000,https://fragilestatesindex.org/wp-content/uploads/2022/07/fsi-2022-download.xlsx,publisher_workbook
Mauritania,2023,37.000000,87.000000,5.700000,8.800000,7.600000,6.300000,7.200000,5.700000,7.800000,8.400000,6.400000,8.600000,8.300000,6.200000,https://fragilestatesindex.org/wp-content/uploads/2023/06/FSI-2023-DOWNLOAD.xlsx,publisher_workbook
Mauritius,2006,118.000000,41.900000,4.000000,3.000000,3.500000,3.100000,6.000000,2.000000,5.100000,4.500000,4.700000,3.000000,1.000000,2.000000,https://fragilestatesindex.org/excel/ (archived in MainCode/fsi-2006.xlsx),thesis_archived_workbook
Mauritius,2007,147.000000,42.700000,3.500000,3.000000,3.500000,3.800000,5.900000,2.100000,5.100000,4.400000,3.900000,3.600000,1.100000,2.800000,https://fragilestatesindex.org/excel/ (archived in MainCode/fsi-2007.xlsx),thesis_archived_workbook
Mauritius,2008,148.000000,42.400000,3.500000,3.000000,3.500000,3.800000,5.900000,2.100000,5.100000,4.100000,3.900000,3.600000,1.100000,2.800000,https://fragilestatesindex.org/excel/ (archived in MainCode/fsi-2008.xlsx),thesis_archived_workbook
Mauritius,2009,148.000000,44.700000,3.600000,3.300000,3.500000,4.300000,5.900000,2.400000,5.300000,4.400000,3.900000,3.900000,1.000000,3.200000,https://fragilestatesindex.org/excel/ (archived in MainCode/fsi-2009.xlsx),thesis_archived_workbook
Mauritius,2010,150.000000,44.400000,3.700000,3.300000,3.500000,4.100000,5.700000,2.600000,5.100000,4.200000,3.700000,3.700000,1.200000,3.600000,https://fragilestatesindex.org/excel/ (archived in MainCode/fsi-2010.xlsx),thesis_archived_workbook
Mauritius,2011,150.000000,44.200000,3.600000,3.200000,3.500000,4.500000,5.400000,3.000000,4.700000,3.900000,3.500000,3.300000,1.600000,4.000000,https://fragilestatesindex.org/excel/ (archived in MainCode/fsi-2011.xlsx),thesis_archived_workbook
Mauritius,2012,147.000000,44.700000,3.600000,3.200000,3.500000,4.200000,5.100000,3.300000,4.400000,3.900000,3.800000,3.600000,1.900000,4.300000,https://fragilestatesindex.org/excel/ (archived in MainCode/fsi-2012.xlsx),thesis_archived_workbook
Mauritius,2013,148.000000,44.500000,3.300000,3.200000,3.500000,4.100000,4.800000,3.600000,4.100000,3.800000,3.500000,3.800000,2.200000,4.600000,https://fragilestatesindex.org/excel/ (archived in MainCode/fsi-2013.xlsx),thesis_archived_workbook
Mauritius,2014,145.000000,46.100000,3.100000,3.200000,3.500000,4.400000,4.600000,3.900000,3.800000,4.100000,3.700000,4.400000,2.500000,4.900000,https://fragilestatesindex.org/excel/ (archived in MainCode/fsi-2014.xlsx),thesis_archived_workbook
Mauritius,2015,145.000000,45.200000,2.800000,3.200000,3.800000,4.700000,4.300000,4.200000,3.500000,3.800000,3.400000,4.100000,2.200000,5.200000,https://fragilestatesindex.org/excel/ (archived in MainCode/fsi-2015.xlsx),thesis_archived_workbook
Mauritius,2016,147.000000,43.200000,2.500000,3.200000,3.800000,4.200000,4.000000,4.100000,3.200000,3.500000,3.600000,3.800000,2.400000,4.900000,https://fragilestatesindex.org/excel/ (archived in MainCode/fsi-2016.xlsx),thesis_archived_workbook
Mauritius,2017,148.000000,41.700000,2.300000,3.200000,3.600000,4.000000,3.500000,4.400000,3.000000,3.300000,3.400000,3.600000,2.700000,4.700000,https://fragilestatesindex.org/excel/ (archived in MainCode/fsi-2017.xlsx),thesis_archived_workbook
Mauritius,2018,151.000000,40.490201,2.000000,3.200000,3.466927,4.300000,3.200000,4.604406,2.700000,3.000000,3.700000,3.300000,2.618867,4.400000,https://fragilestatesindex.org/excel/ (archived in MainCode/fsi-2018.xlsx),thesis_archived_workbook
Mauritius,2019,150.000000,38.900000,1.700000,3.200000,3.800000,4.500000,2.900000,4.300000,2.400000,2.900000,3.800000,3.000000,2.300000,4.100000,https://fragilestatesindex.org/excel/ (archived in MainCode/fsi-2019.xlsx),thesis_archived_workbook
Mauritius,2020,153.000000,37.184720,1.503948,3.200000,4.100000,4.200000,2.600000,4.260897,2.100000,2.712809,3.835585,2.871481,2.000000,3.800000,https://fragilestatesindex.org/excel/ (archived in MainCode/fsi-2020.xlsx),thesis_archived_workbook
Mauritius,2021,156.000000,38.100000,1.200000,3.200000,4.400000,5.400000,2.700000,4.200000,2.100000,3.200000,3.600000,2.900000,1.700000,3.500000,https://fragilestatesindex.org/wp-content/uploads/2021/05/fsi-2021.xlsx,publisher_workbook
Mauritius,2022,154.000000,37.900000,1.100000,3.100000,4.700000,5.300000,2.800000,4.100000,2.100000,3.100000,3.500000,3.000000,1.900000,3.200000,https://fragilestatesindex.org/wp-content/uploads/2022/07/fsi-2022-download.xlsx,publisher_workbook
Mauritius,2023,154.000000,38.000000,1.000000,3.100000,5.000000,5.000000,3.100000,4.200000,2.300000,3.100000,3.600000,3.100000,1.600000,2.900000,https://fragilestatesindex.org/wp-content/uploads/2023/06/FSI-2023-DOWNLOAD.xlsx,publisher_workbook
Mexico,2006,85.000000,73.100000,6.000000,4.700000,6.100000,6.300000,8.300000,7.000000,5.900000,6.000000,5.100000,7.200000,4.300000,6.200000,https://fragilestatesindex.org/excel/ (archived in MainCode/fsi-2006.xlsx),thesis_archived_workbook
Mexico,2007,101.000000,72.600000,6.100000,4.800000,6.100000,6.200000,8.400000,7.000000,6.100000,5.700000,5.100000,6.900000,4.000000,6.200000,https://fragilestatesindex.org/excel/ (archived in MainCode/fsi-2007.xlsx),thesis_archived_workbook
Mexico,2008,105.000000,72.200000,5.800000,4.800000,5.800000,6.000000,8.400000,7.000000,6.100000,5.700000,5.100000,7.000000,4.000000,6.500000,https://fragilestatesindex.org/excel/ (archived in MainCode/fsi-2008.xlsx),thesis_archived_workbook
Mexico,2009,98.000000,75.400000,7.000000,5.000000,5.900000,6.100000,8.200000,7.000000,6.800000,6.000000,5.500000,7.000000,4.300000,6.600000,https://fragilestatesindex.org/excel/ (archived in MainCode/fsi-2009.xlsx),thesis_archived_workbook
Mexico,2010,96.000000,76.100000,7.500000,5.500000,5.800000,6.500000,8.000000,6.800000,6.600000,5.800000,5.800000,6.800000,4.100000,6.900000,https://fragilestatesindex.org/excel/ (archived in MainCode/fsi-2010.xlsx),thesis_archived_workbook
Mexico,2011,94.000000,75.100000,7.900000,5.200000,6.100000,6.000000,7.700000,6.500000,6.600000,5.800000,5.900000,6.500000,4.200000,6.700000,https://fragilestatesindex.org/excel/ (archived in MainCode/fsi-2011.xlsx),thesis_archived_workbook
Mexico,2012,98.000000,73.600000,7.700000,5.200000,5.800000,5.700000,7.500000,6.200000,6.600000,6.100000,6.200000,6.000000,4.200000,6.400000,https://fragilestatesindex.org/excel/ (archived in MainCode/fsi-2012.xlsx),thesis_archived_workbook
Mexico,2013,97.000000,73.100000,7.900000,5.200000,6.100000,5.200000,7.200000,5.900000,6.100000,6.600000,6.300000,6.500000,4.000000,6.100000,https://fragilestatesindex.org/excel/ (archived in MainCode/fsi-2013.xlsx),thesis_archived_workbook
Mexico,2014,105.000000,71.100000,7.600000,5.100000,6.100000,4.900000,6.900000,5.600000,5.800000,6.300000,6.000000,6.700000,4.300000,5.800000,https://fragilestatesindex.org/excel/ (archived in MainCode/fsi-2014.xlsx),thesis_archived_workbook
Mexico,2015,99.000000,71.900000,8.000000,5.100000,6.400000,4.600000,6.600000,5.800000,5.900000,6.800000,6.500000,6.200000,4.400000,5.500000,https://fragilestatesindex.org/excel/ (archived in MainCode/fsi-2015.xlsx),thesis_archived_workbook
Mexico,2016,107.000000,70.400000,8.000000,5.100000,6.700000,4.400000,6.300000,5.500000,6.200000,6.500000,6.200000,6.200000,4.100000,5.200000,https://fragilestatesindex.org/excel/ (archived in MainCode/fsi-2016.xlsx),thesis_archived_workbook
Mexico,2017,88.000000,74.300000,8.400000,5.400000,7.200000,4.900000,6.100000,5.800000,6.500000,6.800000,6.500000,6.100000,5.100000,5.500000,https://fragilestatesindex.org/excel/ (archived in MainCode/fsi-2017.xlsx),thesis_archived_workbook
Mexico,2018,94.000000,71.518144,8.500000,5.400000,6.900000,4.718144,5.800000,5.500000,6.200000,6.500000,6.200000,5.800000,4.800000,5.200000,https://fragilestatesindex.org/excel/ (archived in MainCode/fsi-2018.xlsx),thesis_archived_workbook
Mexico,2019,98.000000,69.700000,8.800000,5.400000,6.600000,4.500000,5.500000,5.300000,5.900000,6.200000,5.900000,5.500000,4.800000,5.200000,https://fragilestatesindex.org/excel/ (archived in MainCode/fsi-2019.xlsx),thesis_archived_workbook
Mexico,2020,98.000000,67.200000,8.800000,5.400000,6.300000,4.200000,5.000000,5.000000,5.600000,5.900000,6.000000,5.200000,4.900000,4.900000,https://fragilestatesindex.org/excel/ (archived in MainCode/fsi-2020.xlsx),thesis_archived_workbook
Mexico,2021,90.000000,69.900000,8.500000,5.400000,6.300000,5.000000,5.300000,4.900000,5.500000,6.900000,5.800000,6.700000,5.000000,4.600000,https://fragilestatesindex.org/wp-content/uploads/2021/05/fsi-2021.xlsx,publisher_workbook
Mexico,2022,84.000000,70.300000,8.600000,5.900000,6.400000,4.500000,5.400000,4.600000,6.000000,6.600000,5.500000,7.200000,5.300000,4.300000,https://fragilestatesindex.org/wp-content/uploads/2022/07/fsi-2022-download.xlsx,publisher_workbook
Mexico,2023,85.000000,69.800000,8.300000,5.900000,6.100000,4.500000,5.700000,4.700000,6.300000,6.300000,5.600000,6.900000,5.500000,4.000000,https://fragilestatesindex.org/wp-content/uploads/2023/06/FSI-2023-DOWNLOAD.xlsx,publisher_workbook
Micronesia,2007,97.000000,73.500000,6.000000,5.400000,5.000000,6.500000,7.100000,8.100000,6.900000,7.100000,2.500000,7.700000,3.200000,8.000000,https://fragilestatesindex.org/excel/ (archived in MainCode/fsi-2007.xlsx),thesis_archived_workbook
Micronesia,2008,97.000000,74.000000,5.700000,5.400000,5.000000,6.600000,7.300000,8.600000,6.900000,7.200000,2.500000,7.700000,2.900000,8.200000,https://fragilestatesindex.org/excel/ (archived in MainCode/fsi-2008.xlsx),thesis_archived_workbook
Micronesia,2009,107.000000,71.900000,5.300000,5.500000,4.500000,6.600000,7.000000,8.300000,6.600000,6.800000,3.000000,7.200000,3.100000,8.000000,https://fragilestatesindex.org/excel/ (archived in MainCode/fsi-2009.xlsx),thesis_archived_workbook
Micronesia,2010,108.000000,70.600000,5.100000,5.500000,4.500000,6.400000,6.800000,8.100000,6.600000,6.600000,2.800000,7.000000,3.100000,8.100000,https://fragilestatesindex.org/excel/ (archived in MainCode/fsi-2010.xlsx),thesis_archived_workbook
Micronesia,2011,103.000000,71.900000,5.400000,5.600000,4.200000,6.700000,7.200000,8.000000,6.300000,6.900000,2.500000,7.100000,3.500000,8.500000,https://fragilestatesindex.org/excel/ (archived in MainCode/fsi-2011.xlsx),thesis_archived_workbook
Micronesia,2012,103.000000,71.900000,5.400000,5.600000,4.200000,7.000000,7.500000,8.100000,6.300000,6.600000,2.800000,6.800000,3.400000,8.200000,https://fragilestatesindex.org/excel/ (archived in MainCode/fsi-2012.xlsx),thesis_archived_workbook
Micronesia,2013,99.000000,72.900000,5.400000,5.600000,4.200000,7.500000,8.000000,8.400000,6.300000,6.300000,3.100000,7.100000,3.100000,7.900000,https://fragilestatesindex.org/excel/ (archived in MainCode/fsi-2013.xlsx),thesis_archived_workbook
Micronesia,2014,91.000000,74.600000,5.400000,5.600000,4.200000,7.800000,8.300000,8.700000,6.300000,6.000000,3.400000,7.200000,3.500000,8.200000,https://fragilestatesindex.org/excel/ (archived in MainCode/fsi-2014.xlsx),thesis_archived_workbook
Micronesia,2015,94.000000,73.500000,5.100000,5.600000,4.000000,8.100000,8.400000,9.000000,6.000000,5.700000,3.100000,7.100000,3.200000,8.300000,https://fragilestatesindex.org/excel/ (archived in MainCode/fsi-2015.xlsx),thesis_archived_workbook
Micronesia,2016,80.000000,77.100000,4.800000,5.600000,4.000000,9.000000,8.500000,9.500000,5.700000,6.200000,3.400000,7.600000,3.600000,9.200000,https://fragilestatesindex.org/excel/ (archived in MainCode/fsi-2016.xlsx),thesis_archived_workbook
Micronesia,2017,80.000000,76.400000,4.600000,5.600000,4.000000,8.800000,8.300000,9.800000,5.500000,6.000000,3.300000,7.100000,3.900000,9.500000,https://fragilestatesindex.org/excel/ (archived in MainCode/fsi-2017.xlsx),thesis_archived_workbook
Micronesia,2018,80.000000,74.437088,4.300000,5.600000,3.700000,8.500000,8.000000,9.900000,5.200000,5.700000,3.587088,6.600000,3.600000,9.750000,https://fragilestatesindex.org/excel/ (archived in MainCode/fsi-2018.xlsx),thesis_archived_workbook
Micronesia,2019,78.000000,73.000000,4.000000,5.600000,3.700000,8.200000,7.700000,9.600000,4.900000,5.400000,3.800000,6.300000,3.900000,9.900000,https://fragilestatesindex.org/excel/ (archived in MainCode/fsi-2019.xlsx),thesis_archived_workbook
Micronesia,2020,79.000000,71.235630,4.000000,5.600000,3.700000,7.900000,7.400000,9.300000,4.600000,5.640306,3.545324,6.000000,3.600000,9.950000,https://fragilestatesindex.org/excel/ (archived in MainCode/fsi-2020.xlsx),thesis_archived_workbook
Micronesia,2021,81.000000,71.700000,3.700000,5.600000,3.700000,8.500000,7.100000,9.000000,4.300000,6.700000,3.500000,6.000000,3.600000,10.000000,https://fragilestatesindex.org/wp-content/uploads/2021/05/fsi-2021.xlsx,publisher_workbook
Micronesia,2022,81.000000,71.000000,3.400000,5.600000,3.700000,8.800000,6.800000,8.700000,4.400000,6.500000,3.500000,6.100000,3.900000,9.600000,https://fragilestatesindex.org/wp-content/uploads/2022/07/fsi-2022-download.xlsx,publisher_workbook
Micronesia,2023,88.000000,69.300000,3.100000,5.600000,3.700000,8.300000,6.800000,8.400000,4.100000,6.200000,3.300000,5.800000,4.200000,9.800000,https://fragilestatesindex.org/wp-content/uploads/2023/06/FSI-2023-DOWNLOAD.xlsx,publisher_workbook
Moldova,2006,57.000000,82.500000,5.500000,6.800000,7.300000,7.500000,7.500000,8.000000,7.400000,7.000000,6.800000,7.000000,4.700000,7.000000,https://fragilestatesindex.org/excel/ (archived in MainCode/fsi-2006.xlsx),thesis_archived_workbook
Moldova,2007,48.000000,85.700000,6.300000,7.500000,7.300000,7.500000,7.500000,8.400000,7.900000,7.100000,6.800000,7.000000,4.700000,7.700000,https://fragilestatesindex.org/excel/ (archived in MainCode/fsi-2007.xlsx),thesis_archived_workbook
Moldova,2008,49.000000,85.700000,6.500000,7.700000,7.300000,7.200000,7.200000,8.400000,8.300000,7.000000,7.100000,7.000000,4.700000,7.300000,https://fragilestatesindex.org/excel/ (archived in MainCode/fsi-2008.xlsx),thesis_archived_workbook
Moldova,2009,54.000000,85.100000,8.000000,8.000000,7.100000,6.800000,7.000000,8.000000,8.100000,6.700000,7.000000,6.600000,4.200000,7.600000,https://fragilestatesindex.org/excel/ (archived in MainCode/fsi-2009.xlsx),thesis_archived_workbook
Moldova,2010,58.000000,83.800000,7.800000,8.000000,6.900000,7.000000,6.800000,7.800000,7.900000,6.700000,6.800000,6.400000,4.300000,7.400000,https://fragilestatesindex.org/excel/ (archived in MainCode/fsi-2010.xlsx),thesis_archived_workbook
Moldova,2011,66.000000,81.200000,7.800000,8.000000,6.600000,6.700000,6.500000,7.500000,7.600000,6.300000,6.500000,6.100000,4.400000,7.200000,https://fragilestatesindex.org/excel/ (archived in MainCode/fsi-2011.xlsx),thesis_archived_workbook
Moldova,2012,73.000000,78.700000,7.500000,8.000000,6.300000,6.200000,6.200000,7.200000,7.400000,6.000000,6.200000,5.800000,4.700000,7.200000,https://fragilestatesindex.org/excel/ (archived in MainCode/fsi-2012.xlsx),thesis_archived_workbook
Moldova,2013,83.000000,76.500000,7.200000,7.700000,6.000000,6.400000,5.900000,6.900000,6.900000,5.700000,6.000000,5.900000,5.000000,6.900000,https://fragilestatesindex.org/excel/ (archived in MainCode/fsi-2013.xlsx),thesis_archived_workbook
Moldova,2014,89.000000,75.100000,6.900000,7.800000,6.200000,6.600000,5.600000,6.600000,6.600000,5.400000,5.700000,5.600000,4.700000,7.400000,https://fragilestatesindex.org/excel/ (archived in MainCode/fsi-2014.xlsx),thesis_archived_workbook
Moldova,2015,96.000000,73.000000,6.600000,7.800000,6.500000,6.300000,5.300000,6.400000,6.300000,5.400000,5.400000,5.300000,4.400000,7.300000,https://fragilestatesindex.org/excel/ (archived in MainCode/fsi-2015.xlsx),thesis_archived_workbook
Moldova,2016,93.000000,73.200000,6.300000,8.300000,7.000000,6.600000,5.000000,6.300000,6.800000,5.100000,5.100000,5.000000,4.100000,7.600000,https://fragilestatesindex.org/excel/ (archived in MainCode/fsi-2016.xlsx),thesis_archived_workbook
Moldova,2017,98.000000,72.000000,6.100000,8.300000,7.300000,6.400000,4.800000,6.600000,6.600000,4.900000,4.900000,4.800000,3.900000,7.400000,https://fragilestatesindex.org/excel/ (archived in MainCode/fsi-2017.xlsx),thesis_archived_workbook
Moldova,2018,102.000000,69.546036,5.800000,8.300000,7.314765,6.100000,4.500000,6.388532,6.600000,4.742739,4.600000,4.500000,3.600000,7.100000,https://fragilestatesindex.org/excel/ (archived in MainCode/fsi-2018.xlsx),thesis_archived_workbook
Moldova,2019,103.000000,67.100000,5.500000,8.300000,7.000000,5.800000,4.200000,6.700000,6.300000,4.500000,4.600000,4.200000,3.300000,6.800000,https://fragilestatesindex.org/excel/ (archived in MainCode/fsi-2019.xlsx),thesis_archived_workbook
Moldova,2020,101.000000,65.979543,5.373892,8.300000,6.700000,5.500000,3.900000,7.000000,6.000000,4.706070,4.799580,3.900000,3.300000,6.500000,https://fragilestatesindex.org/excel/ (archived in MainCode/fsi-2020.xlsx),thesis_archived_workbook
Moldova,2021,103.000000,67.000000,5.100000,8.300000,6.400000,5.900000,3.800000,7.500000,5.700000,5.200000,4.500000,5.400000,3.000000,6.200000,https://fragilestatesindex.org/wp-content/uploads/2021/05/fsi-2021.xlsx,publisher_workbook
Moldova,2022,105.000000,64.500000,4.800000,7.800000,6.100000,5.400000,3.900000,7.800000,5.200000,4.900000,4.200000,5.700000,2.800000,5.900000,https://fragilestatesindex.org/wp-content/uploads/2022/07/fsi-2022-download.xlsx,publisher_workbook
Moldova,2023,94.000000,67.400000,4.500000,7.800000,5.800000,6.400000,3.600000,8.100000,4.900000,4.600000,3.900000,5.400000,6.000000,6.400000,https://fragilestatesindex.org/wp-content/uploads/2023/06/FSI-2023-DOWNLOAD.xlsx,publisher_workbook
Mongolia,2006,108.000000,58.400000,4.700000,5.000000,4.100000,4.500000,5.700000,2.000000,6.200000,5.300000,6.700000,6.000000,1.000000,7.200000,https://fragilestatesindex.org/excel/ (archived in MainCode/fsi-2006.xlsx),thesis_archived_workbook
Mongolia,2007,131.000000,58.400000,4.800000,4.900000,4.100000,5.200000,5.400000,2.100000,6.000000,5.300000,6.700000,6.000000,1.000000,6.900000,https://fragilestatesindex.org/excel/ (archived in MainCode/fsi-2007.xlsx),thesis_archived_workbook
Mongolia,2008,133.000000,57.800000,4.800000,4.700000,4.100000,5.500000,5.400000,2.100000,6.000000,5.300000,6.200000,5.800000,1.000000,6.900000,https://fragilestatesindex.org/excel/ (archived in MainCode/fsi-2008.xlsx),thesis_archived_workbook
Mongolia,2009,127.000000,61.900000,5.000000,5.700000,4.300000,5.900000,5.800000,2.300000,6.700000,5.500000,6.600000,5.800000,1.200000,7.100000,https://fragilestatesindex.org/excel/ (archived in MainCode/fsi-2009.xlsx),thesis_archived_workbook
Mongolia,2010,129.000000,60.100000,4.800000,5.300000,4.300000,5.700000,5.900000,2.300000,6.200000,5.300000,6.400000,5.600000,1.400000,6.900000,https://fragilestatesindex.org/excel/ (archived in MainCode/fsi-2010.xlsx),thesis_archived_workbook
Mongolia,2011,127.000000,59.600000,5.000000,5.500000,4.000000,5.300000,6.200000,1.900000,5.900000,5.600000,6.000000,5.500000,1.600000,7.100000,https://fragilestatesindex.org/excel/ (archived in MainCode/fsi-2011.xlsx),thesis_archived_workbook
Mongolia,2012,129.000000,58.700000,4.700000,5.500000,3.700000,5.200000,6.000000,2.200000,5.600000,5.600000,5.700000,5.800000,1.900000,6.800000,https://fragilestatesindex.org/excel/ (archived in MainCode/fsi-2012.xlsx),thesis_archived_workbook
Mongolia,2013,129.000000,57.800000,4.400000,5.500000,3.700000,4.700000,6.300000,2.500000,5.300000,5.700000,5.400000,5.500000,2.200000,6.500000,https://fragilestatesindex.org/excel/ (archived in MainCode/fsi-2013.xlsx),thesis_archived_workbook
Mongolia,2014,129.000000,58.100000,4.300000,5.500000,4.000000,4.600000,6.500000,2.800000,4.800000,6.000000,5.100000,5.800000,2.500000,6.200000,https://fragilestatesindex.org/excel/ (archived in MainCode/fsi-2014.xlsx),thesis_archived_workbook
Mongolia,2015,129.000000,57.000000,4.000000,5.500000,4.300000,4.300000,6.400000,3.100000,4.500000,5.700000,4.800000,5.500000,2.400000,6.500000,https://fragilestatesindex.org/excel/ (archived in MainCode/fsi-2015.xlsx),thesis_archived_workbook
Mongolia,2016,128.000000,56.600000,3.700000,5.500000,4.000000,5.000000,6.100000,3.000000,4.200000,5.600000,4.700000,5.300000,2.700000,6.800000,https://fragilestatesindex.org/excel/ (archived in MainCode/fsi-2016.xlsx),thesis_archived_workbook
Mongolia,2017,128.000000,56.700000,3.600000,5.500000,3.800000,5.000000,6.400000,3.300000,4.000000,5.400000,4.500000,5.100000,3.000000,7.100000,https://fragilestatesindex.org/excel/ (archived in MainCode/fsi-2017.xlsx),thesis_archived_workbook
Mongolia,2018,130.000000,54.873471,3.300000,5.500000,3.500000,4.900000,6.100000,3.507929,4.000000,5.100000,4.400097,4.837307,2.700000,7.028139,https://fragilestatesindex.org/excel/ (archived in MainCode/fsi-2018.xlsx),thesis_archived_workbook
Mongolia,2019,128.000000,54.100000,3.200000,5.500000,3.200000,4.800000,5.800000,3.800000,4.100000,4.800000,4.200000,4.900000,2.600000,7.200000,https://fragilestatesindex.org/excel/ (archived in MainCode/fsi-2019.xlsx),thesis_archived_workbook
Mongolia,2020,129.000000,51.935213,3.215393,5.500000,2.900000,4.500000,5.500000,3.962447,3.800000,4.720149,3.967776,4.669447,2.300000,6.900000,https://fragilestatesindex.org/excel/ (archived in MainCode/fsi-2020.xlsx),thesis_archived_workbook
Mongolia,2021,132.000000,52.300000,2.900000,5.500000,2.600000,5.100000,5.200000,4.200000,3.800000,5.200000,4.000000,4.700000,2.500000,6.600000,https://fragilestatesindex.org/wp-content/uploads/2021/05/fsi-2021.xlsx,publisher_workbook
Mongolia,2022,131.000000,51.600000,2.600000,5.500000,2.400000,5.000000,5.100000,4.300000,3.800000,4.900000,4.100000,5.000000,2.600000,6.300000,https://fragilestatesindex.org/wp-content/uploads/2022/07/fsi-2022-download.xlsx,publisher_workbook
Mongolia,2023,132.000000,51.300000,2.900000,5.500000,2.300000,5.100000,5.200000,4.200000,4.000000,4.800000,4.200000,4.800000,2.300000,6.000000,https://fragilestatesindex.org/wp-content/uploads/2023/06/FSI-2023-DOWNLOAD.xlsx,publisher_workbook
Montenegro,2007,135.000000,55.600000,4.800000,6.000000,5.800000,4.000000,4.300000,2.500000,4.500000,3.600000,5.600000,5.400000,4.100000,5.000000,https://fragilestatesindex.org/excel/ (archived in MainCode/fsi-2007.xlsx),thesis_archived_workbook
Montenegro,2008,135.000000,55.800000,4.600000,6.000000,6.100000,4.000000,4.300000,2.500000,4.300000,3.600000,5.600000,5.400000,4.100000,5.300000,https://fragilestatesindex.org/excel/ (archived in MainCode/fsi-2008.xlsx),thesis_archived_workbook
Montenegro,2009,134.000000,58.000000,4.700000,6.000000,6.400000,4.600000,4.600000,2.500000,4.700000,4.000000,5.500000,5.100000,4.100000,5.800000,https://fragilestatesindex.org/excel/ (archived in MainCode/fsi-2009.xlsx),thesis_archived_workbook
Montenegro,2010,134.000000,57.300000,4.500000,5.900000,6.600000,4.900000,4.400000,2.700000,4.500000,3.800000,5.300000,4.900000,4.200000,5.600000,https://fragilestatesindex.org/excel/ (archived in MainCode/fsi-2010.xlsx),thesis_archived_workbook
Montenegro,2011,134.000000,56.300000,4.800000,6.200000,6.400000,5.200000,4.100000,2.400000,4.300000,3.600000,5.000000,4.500000,4.500000,5.300000,https://fragilestatesindex.org/excel/ (archived in MainCode/fsi-2011.xlsx),thesis_archived_workbook
Montenegro,2012,133.000000,55.500000,4.900000,6.200000,6.500000,4.900000,3.800000,2.700000,4.500000,3.900000,4.700000,4.200000,4.200000,5.000000,https://fragilestatesindex.org/excel/ (archived in MainCode/fsi-2012.xlsx),thesis_archived_workbook
Montenegro,2013,134.000000,54.400000,4.600000,6.200000,6.500000,4.600000,3.500000,3.000000,4.200000,3.600000,4.400000,3.900000,4.500000,5.300000,https://fragilestatesindex.org/excel/ (archived in MainCode/fsi-2013.xlsx),thesis_archived_workbook
Montenegro,2014,131.000000,55.700000,4.300000,6.300000,7.000000,4.900000,3.200000,3.300000,4.300000,3.900000,4.500000,3.600000,4.800000,5.600000,https://fragilestatesindex.org/excel/ (archived in MainCode/fsi-2014.xlsx),thesis_archived_workbook
Montenegro,2015,132.000000,54.200000,4.000000,6.300000,7.300000,4.600000,2.900000,3.600000,4.000000,3.600000,4.200000,3.300000,4.500000,5.900000,https://fragilestatesindex.org/excel/ (archived in MainCode/fsi-2015.xlsx),thesis_archived_workbook
Montenegro,2016,131.000000,55.200000,3.700000,6.500000,7.600000,4.900000,2.600000,3.700000,4.800000,3.300000,4.100000,3.000000,4.800000,6.200000,https://fragilestatesindex.org/excel/ (archived in MainCode/fsi-2016.xlsx),thesis_archived_workbook
Montenegro,2017,130.000000,55.700000,4.000000,6.500000,7.900000,5.200000,2.400000,4.000000,4.600000,3.100000,4.100000,2.800000,4.600000,6.500000,https://fragilestatesindex.org/excel/ (archived in MainCode/fsi-2017.xlsx),thesis_archived_workbook
Montenegro,2018,128.000000,55.338420,4.300000,6.500000,8.200000,5.500000,2.100000,3.778106,4.300000,3.195430,3.864883,2.500000,4.300000,6.800000,https://fragilestatesindex.org/excel/ (archived in MainCode/fsi-2018.xlsx),thesis_archived_workbook
Montenegro,2019,125.000000,55.300000,4.600000,6.500000,8.500000,5.300000,1.800000,4.100000,4.100000,3.300000,3.700000,2.200000,4.000000,7.100000,https://fragilestatesindex.org/excel/ (archived in MainCode/fsi-2019.xlsx),thesis_archived_workbook
Montenegro,2020,124.000000,55.466795,4.900000,6.500000,9.000000,5.000000,1.537053,4.400000,4.075657,3.362947,3.691137,1.900000,3.700000,7.400000,https://fragilestatesindex.org/excel/ (archived in MainCode/fsi-2020.xlsx),thesis_archived_workbook
Montenegro,2021,120.000000,58.500000,4.600000,6.500000,9.100000,6.000000,2.000000,4.700000,3.600000,4.400000,3.400000,3.900000,3.400000,6.900000,https://fragilestatesindex.org/wp-content/uploads/2021/05/fsi-2021.xlsx,publisher_workbook
Montenegro,2022,119.000000,57.900000,4.300000,6.500000,9.200000,5.500000,2.300000,4.900000,3.800000,4.100000,3.200000,4.400000,3.100000,6.600000,https://fragilestatesindex.org/wp-content/uploads/2022/07/fsi-2022-download.xlsx,publisher_workbook
Montenegro,2023,119.000000,58.000000,4.000000,6.500000,9.300000,5.800000,2.400000,5.400000,3.900000,3.800000,2.900000,4.100000,3.600000,6.300000,https://fragilestatesindex.org/wp-content/uploads/2023/06/FSI-2023-DOWNLOAD.xlsx,publisher_workbook
Morocco,2006,76.000000,76.500000,5.600000,5.500000,6.900000,6.500000,7.000000,6.200000,8.000000,5.700000,6.600000,6.500000,8.000000,4.000000,https://fragilestatesindex.org/excel/ (archived in MainCode/fsi-2006.xlsx),thesis_archived_workbook
Morocco,2007,85.000000,76.000000,5.200000,5.400000,6.800000,6.600000,7.300000,6.200000,7.800000,6.000000,6.600000,6.600000,7.500000,4.000000,https://fragilestatesindex.org/excel/ (archived in MainCode/fsi-2007.xlsx),thesis_archived_workbook
Morocco,2008,88.000000,75.800000,5.100000,5.700000,6.800000,6.600000,7.600000,6.200000,7.300000,6.000000,6.600000,6.600000,7.100000,4.200000,https://fragilestatesindex.org/excel/ (archived in MainCode/fsi-2008.xlsx),thesis_archived_workbook
Morocco,2009,92.000000,77.100000,5.100000,6.200000,6.800000,6.500000,7.800000,6.200000,7.400000,6.500000,6.700000,7.000000,6.700000,4.200000,https://fragilestatesindex.org/excel/ (archived in MainCode/fsi-2009.xlsx),thesis_archived_workbook
Morocco,2010,90.000000,77.000000,5.400000,6.200000,6.600000,6.500000,7.600000,6.400000,7.200000,6.600000,6.800000,6.800000,6.600000,4.300000,https://fragilestatesindex.org/excel/ (archived in MainCode/fsi-2010.xlsx),thesis_archived_workbook
Morocco,2011,87.000000,76.300000,5.900000,6.300000,6.400000,6.000000,7.500000,6.400000,6.900000,6.600000,6.400000,6.400000,6.500000,4.900000,https://fragilestatesindex.org/excel/ (archived in MainCode/fsi-2011.xlsx),thesis_archived_workbook
Morocco,2012,87.000000,76.100000,6.600000,6.600000,6.800000,5.600000,7.200000,6.700000,6.600000,6.200000,6.400000,6.100000,6.200000,5.200000,https://fragilestatesindex.org/excel/ (archived in MainCode/fsi-2012.xlsx),thesis_archived_workbook
Morocco,2013,93.000000,74.300000,6.300000,6.600000,6.500000,5.300000,6.900000,7.000000,6.700000,5.900000,6.600000,5.800000,5.900000,4.900000,https://fragilestatesindex.org/excel/ (archived in MainCode/fsi-2013.xlsx),thesis_archived_workbook
Morocco,2014,92.000000,74.400000,6.000000,6.600000,6.800000,5.600000,6.600000,7.300000,6.600000,5.900000,6.500000,5.700000,5.600000,5.200000,https://fragilestatesindex.org/excel/ (archived in MainCode/fsi-2014.xlsx),thesis_archived_workbook
Morocco,2015,89.000000,74.600000,5.700000,6.600000,7.100000,5.300000,6.300000,7.600000,6.500000,5.700000,7.000000,5.500000,5.300000,6.000000,https://fragilestatesindex.org/excel/ (archived in MainCode/fsi-2015.xlsx),thesis_archived_workbook
Morocco,2016,89.000000,74.200000,5.400000,6.600000,7.400000,5.000000,6.400000,7.900000,6.800000,5.400000,7.000000,5.000000,5.600000,5.700000,https://fragilestatesindex.org/excel/ (archived in MainCode/fsi-2016.xlsx),thesis_archived_workbook
Morocco,2017,84.000000,74.900000,5.800000,6.600000,7.700000,4.800000,6.200000,8.200000,6.700000,5.200000,6.800000,4.800000,6.100000,6.000000,https://fragilestatesindex.org/excel/ (archived in MainCode/fsi-2017.xlsx),thesis_archived_workbook
Morocco,2018,83.000000,74.004153,5.500000,6.600000,8.200000,5.100000,5.900000,8.021496,6.882656,4.900000,6.500000,4.900000,5.800000,5.700000,https://fragilestatesindex.org/excel/ (archived in MainCode/fsi-2018.xlsx),thesis_archived_workbook
Morocco,2019,78.000000,73.000000,5.200000,6.600000,8.500000,5.200000,5.400000,7.900000,6.800000,4.800000,6.200000,4.600000,5.900000,5.800000,https://fragilestatesindex.org/excel/ (archived in MainCode/fsi-2019.xlsx),thesis_archived_workbook
Morocco,2020,80.000000,71.221052,5.214307,6.600000,8.800000,5.171687,5.100000,7.600000,6.830895,4.604163,5.900000,4.300000,5.600000,5.500000,https://fragilestatesindex.org/excel/ (archived in MainCode/fsi-2020.xlsx),thesis_archived_workbook
Morocco,2021,83.000000,71.500000,4.900000,6.600000,8.500000,6.200000,5.000000,7.500000,6.800000,5.100000,5.600000,4.800000,5.300000,5.200000,https://fragilestatesindex.org/wp-content/uploads/2021/05/fsi-2021.xlsx,publisher_workbook
Morocco,2022,85.000000,70.100000,4.600000,6.600000,8.600000,5.900000,4.900000,7.400000,6.800000,5.400000,5.300000,4.700000,5.000000,4.900000,https://fragilestatesindex.org/wp-content/uploads/2022/07/fsi-2022-download.xlsx,publisher_workbook
Morocco,2023,90.000000,68.200000,4.300000,6.600000,8.300000,5.700000,4.800000,7.100000,6.800000,5.100000,5.400000,4.400000,5.100000,4.600000,https://fragilestatesindex.org/wp-content/uploads/2023/06/FSI-2023-DOWNLOAD.xlsx,publisher_workbook
Mozambique,2006,80.000000,74.800000,5.500000,5.500000,4.500000,7.000000,7.100000,8.100000,7.400000,8.000000,6.700000,7.000000,2.000000,6.000000,https://fragilestatesindex.org/excel/ (archived in MainCode/fsi-2006.xlsx),thesis_archived_workbook
Mozambique,2007,80.000000,76.900000,5.900000,5.600000,4.700000,7.500000,7.200000,8.000000,7.400000,8.000000,7.000000,7.500000,2.200000,5.900000,https://fragilestatesindex.org/excel/ (archived in MainCode/fsi-2007.xlsx),thesis_archived_workbook
Mozambique,2008,85.000000,76.800000,5.800000,5.600000,4.700000,7.400000,7.200000,7.800000,7.300000,8.000000,7.000000,7.800000,2.200000,6.000000,https://fragilestatesindex.org/excel/ (archived in MainCode/fsi-2008.xlsx),thesis_archived_workbook
Mozambique,2009,72.000000,80.700000,6.000000,5.600000,4.800000,8.000000,7.400000,7.600000,7.300000,8.900000,7.200000,8.700000,3.200000,6.000000,https://fragilestatesindex.org/excel/ (archived in MainCode/fsi-2009.xlsx),thesis_archived_workbook
Mozambique,2010,69.000000,81.700000,6.200000,5.400000,4.800000,7.800000,7.500000,7.800000,7.500000,8.900000,7.300000,8.800000,3.500000,6.200000,https://fragilestatesindex.org/excel/ (archived in MainCode/fsi-2010.xlsx),thesis_archived_workbook
Mozambique,2011,57.000000,83.600000,7.100000,5.600000,4.600000,8.200000,7.400000,7.700000,7.600000,8.600000,7.000000,9.000000,4.000000,6.700000,https://fragilestatesindex.org/excel/ (archived in MainCode/fsi-2011.xlsx),thesis_archived_workbook
Mozambique,2012,59.000000,82.400000,6.800000,5.600000,4.900000,7.900000,7.700000,7.500000,7.300000,8.300000,6.700000,8.900000,4.300000,6.500000,https://fragilestatesindex.org/excel/ (archived in MainCode/fsi-2012.xlsx),thesis_archived_workbook
Mozambique,2013,59.000000,82.800000,6.500000,5.600000,4.900000,8.000000,8.000000,7.200000,7.000000,8.500000,6.400000,9.200000,4.600000,6.800000,https://fragilestatesindex.org/excel/ (archived in MainCode/fsi-2013.xlsx),thesis_archived_workbook
Mozambique,2014,50.000000,85.900000,6.600000,6.600000,5.400000,8.100000,8.300000,7.400000,7.500000,8.700000,6.400000,8.900000,4.900000,7.100000,https://fragilestatesindex.org/excel/ (archived in MainCode/fsi-2014.xlsx),thesis_archived_workbook
Mozambique,2015,46.000000,86.900000,7.000000,6.900000,5.900000,7.800000,8.600000,7.400000,7.200000,9.000000,6.100000,8.700000,5.000000,7.300000,https://fragilestatesindex.org/excel/ (archived in MainCode/fsi-2015.xlsx),thesis_archived_workbook
Mozambique,2016,42.000000,87.800000,6.700000,6.900000,5.600000,7.700000,8.900000,7.700000,6.700000,9.200000,5.800000,9.500000,5.500000,7.600000,https://fragilestatesindex.org/excel/ (archived in MainCode/fsi-2016.xlsx),thesis_archived_workbook
Mozambique,2017,40.000000,89.000000,6.700000,6.600000,5.400000,8.000000,8.800000,8.000000,6.500000,9.700000,5.600000,9.900000,5.800000,8.000000,https://fragilestatesindex.org/excel/ (archived in MainCode/fsi-2017.xlsx),thesis_archived_workbook
Mozambique,2018,36.000000,88.654134,6.726180,6.600000,5.100000,8.300000,9.100000,8.028779,6.499176,9.400000,5.300000,9.800000,6.100000,7.700000,https://fragilestatesindex.org/excel/ (archived in MainCode/fsi-2018.xlsx),thesis_archived_workbook
Mozambique,2019,33.000000,88.700000,6.700000,6.600000,5.600000,8.600000,9.300000,7.700000,6.800000,9.100000,5.600000,9.300000,5.900000,7.400000,https://fragilestatesindex.org/excel/ (archived in MainCode/fsi-2019.xlsx),thesis_archived_workbook
Mozambique,2020,27.000000,91.693713,6.849035,7.100000,5.300000,8.302586,9.492917,7.400000,7.300000,9.373287,5.300000,9.800000,7.600000,7.875887,https://fragilestatesindex.org/excel/ (archived in MainCode/fsi-2020.xlsx),thesis_archived_workbook
Mozambique,2021,22.000000,93.900000,7.300000,6.600000,5.800000,8.300000,9.200000,7.300000,7.000000,9.900000,7.400000,9.800000,7.700000,7.600000,https://fragilestatesindex.org/wp-content/uploads/2021/05/fsi-2021.xlsx,publisher_workbook
Mozambique,2022,21.000000,94.300000,7.300000,6.300000,6.900000,8.000000,9.100000,7.400000,6.800000,9.600000,7.500000,9.500000,7.800000,8.100000,https://fragilestatesindex.org/wp-content/uploads/2022/07/fsi-2022-download.xlsx,publisher_workbook
Mozambique,2023,22.000000,94.000000,7.000000,6.300000,7.400000,7.700000,9.200000,7.100000,7.100000,9.700000,7.200000,9.600000,7.900000,7.800000,https://fragilestatesindex.org/wp-content/uploads/2023/06/FSI-2023-DOWNLOAD.xlsx,publisher_workbook
Myanmar,2006,18.000000,96.500000,9.000000,8.000000,9.000000,7.100000,9.000000,6.000000,9.200000,8.200000,9.800000,8.900000,8.800000,3.500000,https://fragilestatesindex.org/excel/ (archived in MainCode/fsi-2006.xlsx),thesis_archived_workbook
Myanmar,2007,14.000000,97.000000,9.000000,8.200000,9.100000,7.600000,8.900000,6.000000,9.100000,8.300000,9.800000,8.500000,8.500000,4.000000,https://fragilestatesindex.org/excel/ (archived in MainCode/fsi-2007.xlsx),thesis_archived_workbook
Myanmar,2008,12.000000,100.300000,9.300000,8.700000,9.500000,7.600000,9.000000,6.000000,9.500000,8.300000,9.900000,8.500000,8.500000,5.500000,https://fragilestatesindex.org/excel/ (archived in MainCode/fsi-2008.xlsx),thesis_archived_workbook
Myanmar,2009,13.000000,101.500000,8.400000,8.700000,8.900000,8.200000,9.500000,6.000000,9.500000,9.000000,9.000000,9.000000,8.800000,6.500000,https://fragilestatesindex.org/excel/ (archived in MainCode/fsi-2009.xlsx),thesis_archived_workbook
Myanmar,2010,16.000000,99.400000,8.200000,8.200000,8.700000,8.200000,9.300000,6.300000,9.600000,8.500000,9.100000,8.500000,8.300000,6.500000,https://fragilestatesindex.org/excel/ (archived in MainCode/fsi-2010.xlsx),thesis_archived_workbook
Myanmar,2011,18.000000,98.300000,8.500000,8.300000,8.700000,7.900000,9.000000,6.000000,9.700000,8.300000,9.000000,8.200000,8.000000,6.700000,https://fragilestatesindex.org/excel/ (archived in MainCode/fsi-2011.xlsx),thesis_archived_workbook
Myanmar,2012,21.000000,96.200000,7.500000,8.600000,8.700000,7.600000,8.700000,5.700000,9.400000,8.400000,8.600000,7.900000,8.200000,6.900000,https://fragilestatesindex.org/excel/ (archived in MainCode/fsi-2012.xlsx),thesis_archived_workbook
Myanmar,2013,26.000000,94.600000,7.800000,8.600000,9.000000,7.300000,8.400000,5.400000,9.000000,8.100000,8.300000,7.600000,8.500000,6.600000,https://fragilestatesindex.org/excel/ (archived in MainCode/fsi-2013.xlsx),thesis_archived_workbook
Myanmar,2014,24.000000,94.300000,8.000000,8.600000,9.300000,7.000000,8.100000,5.300000,9.300000,8.300000,8.000000,7.300000,8.200000,6.900000,https://fragilestatesindex.org/excel/ (archived in MainCode/fsi-2014.xlsx),thesis_archived_workbook
Myanmar,2015,27.000000,94.700000,8.300000,8.300000,9.700000,6.500000,8.200000,5.700000,9.000000,8.600000,8.300000,6.800000,8.300000,7.000000,https://fragilestatesindex.org/excel/ (archived in MainCode/fsi-2015.xlsx),thesis_archived_workbook
Myanmar,2016,26.000000,96.300000,8.400000,8.600000,9.900000,6.400000,7.900000,6.000000,8.700000,8.700000,8.600000,7.300000,8.300000,7.500000,https://fragilestatesindex.org/excel/ (archived in MainCode/fsi-2016.xlsx),thesis_archived_workbook
Myanmar,2017,35.000000,95.700000,8.900000,8.300000,9.700000,5.900000,7.700000,6.400000,8.600000,8.500000,8.900000,6.800000,8.700000,7.300000,https://fragilestatesindex.org/excel/ (archived in MainCode/fsi-2017.xlsx),thesis_archived_workbook
Myanmar,2018,22.000000,96.092310,9.000000,8.300000,9.800000,5.600000,7.400000,6.892310,8.600000,8.600000,9.000000,6.300000,9.200000,7.400000,https://fragilestatesindex.org/excel/ (archived in MainCode/fsi-2018.xlsx),thesis_archived_workbook
Myanmar,2019,22.000000,94.300000,8.700000,8.000000,9.800000,5.300000,7.100000,6.900000,8.300000,8.300000,9.300000,5.800000,9.100000,7.700000,https://fragilestatesindex.org/excel/ (archived in MainCode/fsi-2019.xlsx),thesis_archived_workbook
Myanmar,2020,22.000000,94.000000,8.800000,8.000000,9.800000,5.000000,7.000000,6.800000,8.000000,8.400000,9.400000,6.300000,9.100000,7.400000,https://fragilestatesindex.org/excel/ (archived in MainCode/fsi-2020.xlsx),thesis_archived_workbook
Myanmar,2021,23.000000,93.800000,8.900000,8.300000,9.900000,4.800000,7.100000,6.500000,8.100000,8.900000,9.100000,6.300000,8.800000,7.100000,https://fragilestatesindex.org/wp-content/uploads/2021/05/fsi-2021.xlsx,publisher_workbook
Myanmar,2022,10.000000,100.000000,9.000000,9.000000,9.600000,7.500000,7.200000,6.400000,9.100000,9.000000,9.200000,7.300000,9.100000,7.600000,https://fragilestatesindex.org/wp-content/uploads/2022/07/fsi-2022-download.xlsx,publisher_workbook
Myanmar,2023,12.000000,100.200000,9.100000,9.000000,9.700000,7.600000,7.300000,6.300000,9.300000,9.100000,9.300000,7.000000,9.200000,7.300000,https://fragilestatesindex.org/wp-content/uploads/2023/06/FSI-2023-DOWNLOAD.xlsx,publisher_workbook
Namibia,2006,91.000000,70.700000,5.500000,3.500000,5.500000,5.500000,8.000000,8.000000,4.500000,7.800000,5.800000,5.700000,4.900000,6.000000,https://fragilestatesindex.org/excel/ (archived in MainCode/fsi-2006.xlsx),thesis_archived_workbook
Namibia,2007,106.000000,71.300000,5.500000,3.200000,5.400000,5.900000,8.200000,7.900000,4.400000,7.500000,5.700000,6.500000,5.100000,6.000000,https://fragilestatesindex.org/excel/ (archived in MainCode/fsi-2007.xlsx),thesis_archived_workbook
Namibia,2008,98.000000,72.900000,5.500000,3.200000,5.400000,6.000000,8.900000,7.600000,4.700000,7.100000,6.000000,7.200000,5.000000,6.300000,https://fragilestatesindex.org/excel/ (archived in MainCode/fsi-2008.xlsx),thesis_archived_workbook
Namibia,2009,96.000000,75.600000,5.800000,3.600000,5.800000,6.100000,9.100000,7.700000,5.000000,7.100000,6.000000,7.700000,5.500000,6.200000,https://fragilestatesindex.org/excel/ (archived in MainCode/fsi-2009.xlsx),thesis_archived_workbook
Namibia,2010,100.000000,74.500000,5.600000,3.700000,5.600000,6.500000,8.900000,7.500000,4.800000,6.900000,5.800000,7.500000,5.700000,6.000000,https://fragilestatesindex.org/excel/ (archived in MainCode/fsi-2010.xlsx),thesis_archived_workbook
Namibia,2011,104.000000,71.700000,5.500000,3.500000,5.300000,6.300000,8.500000,7.100000,4.400000,6.700000,5.500000,7.200000,5.600000,6.200000,https://fragilestatesindex.org/excel/ (archived in MainCode/fsi-2011.xlsx),thesis_archived_workbook
Namibia,2012,106.000000,71.000000,5.200000,3.500000,5.600000,6.400000,8.500000,6.800000,4.400000,6.600000,5.200000,7.100000,5.300000,6.300000,https://fragilestatesindex.org/excel/ (archived in MainCode/fsi-2012.xlsx),thesis_archived_workbook
Namibia,2013,108.000000,70.400000,4.900000,3.500000,5.300000,6.700000,8.700000,6.500000,4.100000,6.700000,4.900000,6.900000,5.600000,6.500000,https://fragilestatesindex.org/excel/ (archived in MainCode/fsi-2013.xlsx),thesis_archived_workbook
Namibia,2014,103.000000,71.500000,4.600000,3.500000,5.600000,6.800000,8.400000,6.800000,4.100000,7.000000,4.600000,7.100000,5.800000,7.200000,https://fragilestatesindex.org/excel/ (archived in MainCode/fsi-2014.xlsx),thesis_archived_workbook
Namibia,2015,106.000000,70.800000,4.900000,3.500000,5.900000,7.100000,8.100000,6.500000,3.800000,7.300000,4.300000,7.000000,5.500000,6.900000,https://fragilestatesindex.org/excel/ (archived in MainCode/fsi-2015.xlsx),thesis_archived_workbook
Namibia,2016,103.000000,71.100000,5.200000,3.500000,6.000000,7.000000,8.400000,6.800000,3.500000,7.600000,4.000000,7.300000,5.200000,6.600000,https://fragilestatesindex.org/excel/ (archived in MainCode/fsi-2016.xlsx),thesis_archived_workbook
Namibia,2017,103.000000,70.400000,5.500000,3.500000,5.800000,6.800000,8.200000,7.100000,3.300000,7.400000,3.800000,7.600000,5.000000,6.400000,https://fragilestatesindex.org/excel/ (archived in MainCode/fsi-2017.xlsx),thesis_archived_workbook
Namibia,2018,105.000000,68.815590,5.200000,3.500000,5.500000,7.100000,7.900000,7.112003,3.003587,7.100000,3.500000,8.100000,4.700000,6.100000,https://fragilestatesindex.org/excel/ (archived in MainCode/fsi-2018.xlsx),thesis_archived_workbook
Namibia,2019,107.000000,66.400000,5.100000,3.500000,5.200000,7.000000,7.900000,6.800000,3.000000,6.800000,3.200000,7.800000,4.400000,5.800000,https://fragilestatesindex.org/excel/ (archived in MainCode/fsi-2019.xlsx),thesis_archived_workbook
Namibia,2020,105.000000,65.095915,5.084458,3.500000,4.900000,6.933347,7.600000,6.500000,2.969022,7.100000,2.900000,7.909088,4.200000,5.500000,https://fragilestatesindex.org/excel/ (archived in MainCode/fsi-2020.xlsx),thesis_archived_workbook
Namibia,2021,109.000000,64.300000,4.800000,3.500000,4.600000,7.400000,7.400000,6.200000,3.000000,7.400000,2.600000,8.100000,4.100000,5.200000,https://fragilestatesindex.org/wp-content/uploads/2021/05/fsi-2021.xlsx,publisher_workbook
Namibia,2022,109.000000,62.900000,4.500000,3.500000,4.300000,7.100000,7.300000,6.100000,3.100000,7.500000,2.300000,8.400000,3.900000,4.900000,https://fragilestatesindex.org/wp-content/uploads/2022/07/fsi-2022-download.xlsx,publisher_workbook
Namibia,2023,112.000000,60.300000,4.200000,3.500000,4.200000,6.800000,6.900000,5.900000,3.100000,7.200000,2.200000,8.100000,3.600000,4.600000,https://fragilestatesindex.org/wp-content/uploads/2023/06/FSI-2023-DOWNLOAD.xlsx,publisher_workbook
Nepal,2006,20.000000,95.400000,9.000000,9.000000,9.200000,8.500000,9.200000,6.000000,9.200000,6.200000,9.100000,8.500000,4.800000,6.700000,https://fragilestatesindex.org/excel/ (archived in MainCode/fsi-2006.xlsx),thesis_archived_workbook
Nepal,2007,21.000000,93.600000,8.300000,8.500000,8.900000,8.200000,9.200000,6.100000,8.500000,6.600000,8.800000,8.100000,5.200000,7.200000,https://fragilestatesindex.org/excel/ (archived in MainCode/fsi-2007.xlsx),thesis_archived_workbook
Nepal,2008,23.000000,94.200000,8.500000,8.300000,9.000000,8.200000,9.200000,6.100000,8.300000,7.000000,8.800000,8.100000,5.500000,7.200000,https://fragilestatesindex.org/excel/ (archived in MainCode/fsi-2008.xlsx),thesis_archived_workbook
Nepal,2009,25.000000,95.400000,8.100000,8.400000,8.700000,8.500000,9.300000,6.000000,8.000000,7.400000,8.700000,8.300000,6.800000,7.200000,https://fragilestatesindex.org/excel/ (archived in MainCode/fsi-2009.xlsx),thesis_archived_workbook
Nepal,2010,26.000000,95.400000,7.700000,8.500000,9.200000,8.300000,9.000000,6.200000,8.100000,7.600000,8.700000,8.100000,7.000000,7.000000,https://fragilestatesindex.org/excel/ (archived in MainCode/fsi-2010.xlsx),thesis_archived_workbook
Nepal,2011,27.000000,93.700000,7.800000,8.000000,9.000000,7.900000,8.700000,5.900000,7.900000,7.700000,8.500000,7.800000,7.400000,7.100000,https://fragilestatesindex.org/excel/ (archived in MainCode/fsi-2011.xlsx),thesis_archived_workbook
Nepal,2012,27.000000,93.000000,7.500000,8.200000,9.000000,7.600000,8.400000,5.600000,8.000000,7.400000,8.200000,7.900000,7.700000,7.400000,https://fragilestatesindex.org/excel/ (archived in MainCode/fsi-2012.xlsx),thesis_archived_workbook
Nepal,2013,30.000000,91.800000,7.600000,8.200000,9.000000,7.300000,8.100000,5.900000,8.100000,7.300000,7.900000,7.600000,7.700000,7.100000,https://fragilestatesindex.org/excel/ (archived in MainCode/fsi-2013.xlsx),thesis_archived_workbook
Nepal,2014,31.000000,91.000000,7.300000,8.300000,9.000000,7.100000,7.800000,6.200000,7.600000,7.400000,7.600000,7.800000,7.600000,7.300000,https://fragilestatesindex.org/excel/ (archived in MainCode/fsi-2014.xlsx),thesis_archived_workbook
Nepal,2015,35.000000,90.500000,7.000000,8.300000,9.100000,6.800000,7.500000,7.000000,7.100000,7.100000,7.700000,7.900000,7.600000,7.400000,https://fragilestatesindex.org/excel/ (archived in MainCode/fsi-2015.xlsx),thesis_archived_workbook
Nepal,2016,33.000000,91.200000,6.700000,8.300000,9.500000,7.000000,7.200000,6.700000,7.100000,7.400000,7.400000,8.800000,8.000000,7.100000,https://fragilestatesindex.org/excel/ (archived in MainCode/fsi-2016.xlsx),thesis_archived_workbook
Nepal,2017,33.000000,91.000000,6.500000,8.800000,9.400000,7.500000,6.700000,6.500000,7.400000,7.200000,7.700000,8.600000,7.800000,6.900000,https://fragilestatesindex.org/excel/ (archived in MainCode/fsi-2017.xlsx),thesis_archived_workbook
Nepal,2018,39.000000,87.876427,6.200000,8.800000,9.598378,6.104264,6.400000,6.362102,7.100000,6.900000,7.400000,8.700000,7.500000,6.811683,https://fragilestatesindex.org/excel/ (archived in MainCode/fsi-2018.xlsx),thesis_archived_workbook
Nepal,2019,45.000000,84.700000,5.900000,8.800000,9.700000,5.600000,6.100000,6.200000,6.600000,6.600000,7.100000,8.400000,7.200000,6.500000,https://fragilestatesindex.org/excel/ (archived in MainCode/fsi-2019.xlsx),thesis_archived_workbook
Nepal,2020,49.000000,82.566602,5.600000,8.800000,9.748870,5.300000,5.800000,6.117732,6.300000,6.300000,6.800000,8.100000,7.500000,6.200000,https://fragilestatesindex.org/excel/ (archived in MainCode/fsi-2020.xlsx),thesis_archived_workbook
Nepal,2021,51.000000,82.200000,5.300000,8.800000,9.400000,5.300000,5.800000,6.200000,6.400000,7.300000,6.500000,8.100000,7.200000,5.900000,https://fragilestatesindex.org/wp-content/uploads/2021/05/fsi-2021.xlsx,publisher_workbook
Nepal,2022,49.000000,80.600000,5.000000,8.800000,9.100000,5.600000,5.600000,6.100000,6.100000,7.400000,6.000000,8.400000,6.900000,5.600000,https://fragilestatesindex.org/wp-content/uploads/2022/07/fsi-2022-download.xlsx,publisher_workbook
Nepal,2023,55.000000,80.200000,5.500000,8.800000,8.800000,5.100000,5.300000,6.100000,6.600000,7.100000,6.300000,8.100000,6.600000,5.900000,https://fragilestatesindex.org/wp-content/uploads/2023/06/FSI-2023-DOWNLOAD.xlsx,publisher_workbook
Netherlands,2006,134.000000,28.100000,1.000000,1.000000,4.800000,2.000000,4.000000,2.500000,1.200000,1.000000,1.500000,3.000000,4.100000,2.000000,https://fragilestatesindex.org/excel/ (archived in MainCode/fsi-2006.xlsx),thesis_archived_workbook
Netherlands,2007,162.000000,28.600000,1.000000,1.000000,4.800000,2.000000,4.000000,2.500000,1.300000,1.400000,1.400000,3.200000,4.000000,2.000000,https://fragilestatesindex.org/excel/ (archived in MainCode/fsi-2007.xlsx),thesis_archived_workbook
Netherlands,2008,166.000000,27.300000,1.000000,1.000000,4.900000,2.000000,3.700000,2.200000,1.300000,1.400000,1.400000,3.400000,3.000000,2.000000,https://fragilestatesindex.org/excel/ (archived in MainCode/fsi-2008.xlsx),thesis_archived_workbook
Netherlands,2009,169.000000,27.000000,1.000000,1.400000,4.700000,2.500000,3.300000,2.100000,1.400000,1.400000,1.200000,2.900000,3.100000,2.000000,https://fragilestatesindex.org/excel/ (archived in MainCode/fsi-2009.xlsx),thesis_archived_workbook
Netherlands,2010,166.000000,27.900000,1.100000,1.700000,4.700000,3.000000,3.200000,1.900000,1.200000,1.500000,1.300000,2.700000,3.200000,2.400000,https://fragilestatesindex.org/excel/ (archived in MainCode/fsi-2010.xlsx),thesis_archived_workbook
Netherlands,2011,166.000000,28.300000,1.400000,2.400000,4.400000,3.200000,2.900000,2.200000,1.100000,1.700000,1.000000,3.000000,3.000000,2.100000,https://fragilestatesindex.org/excel/ (archived in MainCode/fsi-2011.xlsx),thesis_archived_workbook
Netherlands,2012,167.000000,28.100000,1.700000,2.400000,4.100000,3.300000,2.600000,2.500000,1.000000,1.800000,1.300000,2.900000,2.700000,1.800000,https://fragilestatesindex.org/excel/ (archived in MainCode/fsi-2012.xlsx),thesis_archived_workbook
Netherlands,2013,166.000000,26.900000,1.800000,2.600000,4.100000,3.500000,2.300000,2.200000,1.000000,1.500000,1.000000,3.000000,2.400000,1.500000,https://fragilestatesindex.org/excel/ (archived in MainCode/fsi-2013.xlsx),thesis_archived_workbook
Netherlands,2014,166.000000,28.600000,2.100000,2.600000,4.100000,3.700000,2.400000,2.400000,1.000000,1.800000,1.200000,3.300000,2.400000,1.600000,https://fragilestatesindex.org/excel/ (archived in MainCode/fsi-2014.xlsx),thesis_archived_workbook
Netherlands,2015,166.000000,26.900000,1.800000,2.600000,3.900000,3.400000,2.700000,2.600000,1.000000,1.500000,1.000000,3.000000,2.100000,1.200000,https://fragilestatesindex.org/excel/ (archived in MainCode/fsi-2015.xlsx),thesis_archived_workbook
Netherlands,2016,166.000000,28.200000,1.700000,3.100000,4.400000,2.900000,2.400000,2.300000,1.500000,1.200000,1.100000,2.700000,4.000000,0.900000,https://fragilestatesindex.org/excel/ (archived in MainCode/fsi-2016.xlsx),thesis_archived_workbook
Netherlands,2017,167.000000,27.400000,1.500000,3.100000,4.500000,2.700000,2.200000,2.600000,1.300000,1.000000,1.000000,2.500000,3.800000,1.200000,https://fragilestatesindex.org/excel/ (archived in MainCode/fsi-2017.xlsx),thesis_archived_workbook
Netherlands,2018,165.000000,26.169989,1.800000,3.400000,4.500000,2.400000,1.900000,2.471571,1.000000,0.798418,1.000000,2.200000,3.500000,1.200000,https://fragilestatesindex.org/excel/ (archived in MainCode/fsi-2018.xlsx),thesis_archived_workbook
Netherlands,2019,166.000000,24.800000,2.100000,3.400000,4.200000,2.100000,1.600000,2.500000,1.000000,0.800000,1.000000,1.900000,3.200000,1.000000,https://fragilestatesindex.org/excel/ (archived in MainCode/fsi-2019.xlsx),thesis_archived_workbook
Netherlands,2020,167.000000,22.859835,2.400000,3.400000,3.900000,1.824410,1.300000,2.450243,0.700000,0.784854,0.888005,1.612323,2.900000,0.700000,https://fragilestatesindex.org/excel/ (archived in MainCode/fsi-2020.xlsx),thesis_archived_workbook
Netherlands,2021,168.000000,24.100000,2.200000,3.400000,3.600000,2.200000,1.600000,2.400000,0.500000,1.300000,0.700000,3.100000,2.600000,0.500000,https://fragilestatesindex.org/wp-content/uploads/2021/05/fsi-2021.xlsx,publisher_workbook
Netherlands,2022,169.000000,22.100000,2.100000,3.400000,3.300000,1.900000,1.700000,2.400000,0.300000,1.000000,0.600000,2.800000,2.300000,0.300000,https://fragilestatesindex.org/wp-content/uploads/2022/07/fsi-2022-download.xlsx,publisher_workbook
Netherlands,2023,169.000000,21.000000,1.800000,3.400000,3.000000,1.600000,1.800000,2.300000,0.300000,1.000000,0.500000,2.500000,2.400000,0.400000,https://fragilestatesindex.org/wp-content/uploads/2023/06/FSI-2023-DOWNLOAD.xlsx,publisher_workbook
New Zealand,2006,141.000000,19.400000,1.000000,1.000000,2.000000,2.900000,4.000000,2.000000,1.000000,1.000000,1.500000,1.000000,1.000000,1.000000,https://fragilestatesindex.org/excel/ (archived in MainCode/fsi-2006.xlsx),thesis_archived_workbook
New Zealand,2007,171.000000,20.500000,1.000000,1.000000,2.000000,3.000000,4.000000,2.100000,1.100000,1.400000,1.500000,1.100000,1.200000,1.100000,https://fragilestatesindex.org/excel/ (archived in MainCode/fsi-2007.xlsx),thesis_archived_workbook
New Zealand,2008,171.000000,21.400000,1.000000,1.000000,2.900000,3.000000,4.000000,2.100000,1.100000,1.400000,1.500000,1.100000,1.200000,1.100000,https://fragilestatesindex.org/excel/ (archived in MainCode/fsi-2008.xlsx),thesis_archived_workbook
New Zealand,2009,171.000000,23.300000,1.000000,1.200000,3.200000,3.600000,4.200000,2.300000,1.100000,1.400000,1.700000,1.300000,1.200000,1.100000,https://fragilestatesindex.org/excel/ (archived in MainCode/fsi-2009.xlsx),thesis_archived_workbook
New Zealand,2010,171.000000,23.900000,1.100000,1.200000,3.300000,4.000000,4.300000,2.100000,1.000000,1.600000,1.500000,1.500000,1.400000,0.900000,https://fragilestatesindex.org/excel/ (archived in MainCode/fsi-2010.xlsx),thesis_archived_workbook
New Zealand,2011,172.000000,24.800000,1.100000,1.100000,3.500000,3.800000,4.000000,2.400000,1.100000,1.900000,1.200000,2.000000,1.700000,1.100000,https://fragilestatesindex.org/excel/ (archived in MainCode/fsi-2011.xlsx),thesis_archived_workbook
New Zealand,2012,171.000000,25.600000,1.400000,1.100000,3.800000,3.900000,3.700000,2.700000,0.800000,2.100000,1.500000,2.400000,1.400000,0.800000,https://fragilestatesindex.org/excel/ (archived in MainCode/fsi-2012.xlsx),thesis_archived_workbook
New Zealand,2013,173.000000,22.700000,1.100000,1.100000,3.500000,3.600000,3.400000,2.400000,0.500000,1.800000,1.200000,2.100000,1.100000,1.000000,https://fragilestatesindex.org/excel/ (archived in MainCode/fsi-2013.xlsx),thesis_archived_workbook
New Zealand,2014,173.000000,24.100000,1.400000,1.100000,3.800000,3.900000,3.100000,2.200000,0.500000,2.100000,1.100000,2.400000,1.200000,1.300000,https://fragilestatesindex.org/excel/ (archived in MainCode/fsi-2014.xlsx),thesis_archived_workbook
New Zealand,2015,172.000000,22.600000,1.100000,1.100000,4.100000,3.900000,2.800000,2.100000,0.500000,1.900000,1.000000,1.900000,1.100000,1.100000,https://fragilestatesindex.org/excel/ (archived in MainCode/fsi-2015.xlsx),thesis_archived_workbook
New Zealand,2016,176.000000,21.300000,1.400000,1.100000,3.800000,3.800000,2.500000,1.800000,0.600000,1.600000,0.700000,1.600000,1.500000,0.900000,https://fragilestatesindex.org/excel/ (archived in MainCode/fsi-2016.xlsx),thesis_archived_workbook
New Zealand,2017,170.000000,22.600000,1.200000,1.400000,3.600000,3.600000,2.300000,2.100000,0.900000,1.400000,1.000000,2.100000,1.800000,1.200000,https://fragilestatesindex.org/excel/ (archived in MainCode/fsi-2017.xlsx),thesis_archived_workbook
New Zealand,2018,169.000000,20.888700,1.500000,1.400000,3.300000,3.300000,2.000000,2.400000,0.600000,1.100000,0.826622,1.800000,1.762078,0.900000,https://fragilestatesindex.org/excel/ (archived in MainCode/fsi-2018.xlsx),thesis_archived_workbook
New Zealand,2019,171.000000,20.100000,1.400000,1.400000,3.200000,3.200000,1.900000,2.300000,0.600000,1.000000,0.800000,1.700000,1.700000,0.900000,https://fragilestatesindex.org/excel/ (archived in MainCode/fsi-2019.xlsx),thesis_archived_workbook
New Zealand,2020,173.000000,17.879896,1.500000,1.400000,2.900000,2.900000,1.600000,2.000000,0.500000,0.879896,0.500000,1.400000,1.700000,0.600000,https://fragilestatesindex.org/excel/ (archived in MainCode/fsi-2020.xlsx),thesis_archived_workbook
New Zealand,2021,176.000000,18.400000,1.400000,1.400000,2.600000,3.400000,2.100000,1.600000,0.500000,1.400000,0.500000,1.400000,1.600000,0.500000,https://fragilestatesindex.org/wp-content/uploads/2021/05/fsi-2021.xlsx,publisher_workbook
New Zealand,2022,176.000000,17.500000,1.700000,1.400000,2.300000,2.900000,2.300000,1.400000,0.500000,1.200000,0.500000,1.300000,1.500000,0.500000,https://fragilestatesindex.org/wp-content/uploads/2022/07/fsi-2022-download.xlsx,publisher_workbook
New Zealand,2023,176.000000,16.700000,1.600000,1.400000,2.000000,2.600000,2.600000,1.600000,0.500000,1.100000,0.500000,1.100000,1.200000,0.500000,https://fragilestatesindex.org/wp-content/uploads/2023/06/FSI-2023-DOWNLOAD.xlsx,publisher_workbook
Nicaragua,2006,59.000000,82.400000,6.500000,7.000000,6.400000,8.500000,9.000000,7.100000,7.300000,7.200000,5.700000,6.500000,5.500000,5.700000,https://fragilestatesindex.org/excel/ (archived in MainCode/fsi-2006.xlsx),thesis_archived_workbook
Nicaragua,2007,71.000000,80.000000,6.500000,7.200000,6.400000,7.800000,8.600000,7.100000,6.500000,7.000000,5.400000,6.700000,5.100000,5.700000,https://fragilestatesindex.org/excel/ (archived in MainCode/fsi-2007.xlsx),thesis_archived_workbook
Nicaragua,2008,61.000000,81.700000,6.500000,7.100000,6.500000,7.500000,8.400000,6.800000,6.300000,7.500000,5.400000,7.500000,5.700000,6.500000,https://fragilestatesindex.org/excel/ (archived in MainCode/fsi-2008.xlsx),thesis_archived_workbook
Nicaragua,2009,64.000000,82.600000,6.500000,7.200000,6.300000,7.700000,8.100000,6.900000,7.100000,7.800000,5.800000,7.400000,5.200000,6.600000,https://fragilestatesindex.org/excel/ (archived in MainCode/fsi-2009.xlsx),thesis_archived_workbook
Nicaragua,2010,65.000000,82.500000,6.500000,7.000000,6.300000,7.900000,7.900000,6.900000,7.600000,7.600000,6.200000,6.800000,5.000000,6.800000,https://fragilestatesindex.org/excel/ (archived in MainCode/fsi-2010.xlsx),thesis_archived_workbook
Nicaragua,2011,67.000000,81.200000,6.200000,6.800000,6.000000,7.300000,8.200000,7.200000,7.300000,7.300000,6.000000,6.900000,4.900000,7.100000,https://fragilestatesindex.org/excel/ (archived in MainCode/fsi-2011.xlsx),thesis_archived_workbook
Nicaragua,2012,69.000000,79.600000,5.900000,6.800000,6.200000,6.900000,8.200000,7.500000,7.400000,7.000000,5.700000,6.500000,4.300000,7.000000,https://fragilestatesindex.org/excel/ (archived in MainCode/fsi-2012.xlsx),thesis_archived_workbook
Nicaragua,2013,72.000000,79.200000,5.600000,6.800000,5.900000,6.800000,7.900000,7.800000,7.500000,6.800000,5.400000,6.600000,4.800000,7.300000,https://fragilestatesindex.org/excel/ (archived in MainCode/fsi-2013.xlsx),thesis_archived_workbook
Nicaragua,2014,73.000000,78.400000,5.300000,6.800000,6.200000,6.500000,7.600000,7.800000,7.600000,6.900000,5.100000,5.900000,5.100000,7.600000,https://fragilestatesindex.org/excel/ (archived in MainCode/fsi-2014.xlsx),thesis_archived_workbook
Nicaragua,2015,72.000000,79.000000,5.600000,6.800000,6.500000,6.200000,7.900000,8.100000,7.300000,7.200000,5.300000,6.200000,4.600000,7.300000,https://fragilestatesindex.org/excel/ (archived in MainCode/fsi-2015.xlsx),thesis_archived_workbook
Nicaragua,2016,71.000000,79.000000,5.700000,7.100000,6.700000,5.900000,8.200000,8.300000,7.600000,6.900000,5.400000,5.500000,4.200000,7.500000,https://fragilestatesindex.org/excel/ (archived in MainCode/fsi-2016.xlsx),thesis_archived_workbook
Nicaragua,2017,74.000000,77.400000,5.600000,7.100000,6.500000,5.700000,8.000000,8.100000,7.900000,6.700000,5.200000,5.300000,4.000000,7.300000,https://fragilestatesindex.org/excel/ (archived in MainCode/fsi-2017.xlsx),thesis_archived_workbook
Nicaragua,2018,75.000000,75.329321,5.300000,7.100000,6.200000,5.633633,7.700000,7.800000,7.600000,6.453907,4.900000,5.400000,3.841781,7.400000,https://fragilestatesindex.org/excel/ (archived in MainCode/fsi-2018.xlsx),thesis_archived_workbook
Nicaragua,2019,63.000000,78.100000,5.800000,7.100000,5.900000,5.700000,7.400000,7.900000,8.100000,6.200000,7.300000,5.100000,4.200000,7.400000,https://fragilestatesindex.org/excel/ (archived in MainCode/fsi-2019.xlsx),thesis_archived_workbook
Nicaragua,2020,62.000000,77.077512,6.100000,7.100000,5.600000,5.550138,7.300000,7.600000,8.400000,5.927374,7.600000,4.800000,4.000000,7.100000,https://fragilestatesindex.org/excel/ (archived in MainCode/fsi-2020.xlsx),thesis_archived_workbook
Nicaragua,2021,65.000000,77.100000,5.800000,7.100000,5.900000,6.000000,7.000000,7.700000,8.600000,6.400000,7.300000,4.800000,3.700000,6.800000,https://fragilestatesindex.org/wp-content/uploads/2021/05/fsi-2021.xlsx,publisher_workbook
Nicaragua,2022,63.000000,77.700000,5.900000,7.100000,5.700000,5.700000,6.900000,7.600000,8.900000,6.600000,7.400000,5.300000,4.100000,6.500000,https://fragilestatesindex.org/wp-content/uploads/2022/07/fsi-2022-download.xlsx,publisher_workbook
Nicaragua,2023,62.000000,77.700000,5.600000,7.100000,5.600000,6.000000,6.700000,7.300000,9.100000,6.500000,7.500000,5.000000,5.100000,6.200000,https://fragilestatesindex.org/wp-content/uploads/2023/06/FSI-2023-DOWNLOAD.xlsx,publisher_workbook
Niger,2006,44.000000,87.000000,6.700000,6.000000,8.500000,9.000000,7.200000,6.000000,7.900000,8.500000,6.500000,9.400000,4.300000,7.000000,https://fragilestatesindex.org/excel/ (archived in MainCode/fsi-2006.xlsx),thesis_archived_workbook
Niger,2007,32.000000,91.200000,6.700000,6.000000,8.900000,9.200000,7.200000,6.000000,8.200000,8.800000,7.100000,9.200000,5.900000,8.000000,https://fragilestatesindex.org/excel/ (archived in MainCode/fsi-2007.xlsx),thesis_archived_workbook
Niger,2008,22.000000,94.500000,7.500000,6.700000,9.200000,9.200000,7.200000,6.000000,8.400000,9.100000,7.900000,9.500000,6.000000,7.800000,https://fragilestatesindex.org/excel/ (archived in MainCode/fsi-2008.xlsx),thesis_archived_workbook
Niger,2009,23.000000,96.500000,7.400000,7.100000,8.500000,9.200000,7.600000,6.300000,8.700000,9.500000,8.200000,9.500000,6.400000,8.100000,https://fragilestatesindex.org/excel/ (archived in MainCode/fsi-2009.xlsx),thesis_archived_workbook
Niger,2010,19.000000,97.800000,7.300000,7.600000,8.000000,9.200000,7.800000,6.500000,8.900000,9.700000,8.500000,9.600000,6.500000,8.200000,https://fragilestatesindex.org/excel/ (archived in MainCode/fsi-2010.xlsx),thesis_archived_workbook
Niger,2011,15.000000,99.100000,8.000000,8.600000,7.800000,8.900000,7.900000,6.200000,8.900000,9.500000,8.200000,9.800000,6.600000,8.700000,https://fragilestatesindex.org/excel/ (archived in MainCode/fsi-2011.xlsx),thesis_archived_workbook
Niger,2012,18.000000,96.900000,8.200000,8.600000,7.700000,8.600000,7.600000,6.000000,8.400000,9.200000,7.900000,9.300000,6.900000,8.400000,https://fragilestatesindex.org/excel/ (archived in MainCode/fsi-2012.xlsx),thesis_archived_workbook
Niger,2013,18.000000,99.000000,8.300000,8.900000,7.800000,8.400000,7.900000,6.300000,8.100000,9.500000,7.600000,9.800000,7.900000,8.500000,https://fragilestatesindex.org/excel/ (archived in MainCode/fsi-2013.xlsx),thesis_archived_workbook
Niger,2014,19.000000,97.900000,8.400000,8.900000,7.500000,8.100000,7.900000,6.600000,7.800000,9.300000,7.300000,9.300000,8.200000,8.600000,https://fragilestatesindex.org/excel/ (archived in MainCode/fsi-2014.xlsx),thesis_archived_workbook
Niger,2015,19.000000,97.800000,8.700000,8.900000,7.500000,8.200000,8.400000,6.900000,7.500000,9.300000,6.800000,9.600000,7.900000,8.100000,https://fragilestatesindex.org/excel/ (archived in MainCode/fsi-2015.xlsx),thesis_archived_workbook
Niger,2016,19.000000,98.400000,8.900000,8.900000,7.700000,8.000000,8.200000,7.200000,7.800000,9.200000,6.700000,9.500000,8.000000,8.300000,https://fragilestatesindex.org/excel/ (archived in MainCode/fsi-2016.xlsx),thesis_archived_workbook
Niger,2017,20.000000,97.400000,8.700000,8.900000,8.000000,7.500000,8.500000,7.500000,7.300000,9.500000,6.500000,9.000000,7.900000,8.100000,https://fragilestatesindex.org/excel/ (archived in MainCode/fsi-2017.xlsx),thesis_archived_workbook
Niger,2018,21.000000,96.152903,8.400000,8.900000,7.700000,7.282442,8.200000,7.569515,7.000000,9.424508,6.800000,9.100000,7.976439,7.800000,https://fragilestatesindex.org/excel/ (archived in MainCode/fsi-2018.xlsx),thesis_archived_workbook
Niger,2019,18.000000,96.200000,8.700000,8.900000,7.700000,7.100000,8.000000,7.600000,7.300000,9.300000,6.800000,8.800000,8.300000,7.800000,https://fragilestatesindex.org/excel/ (archived in MainCode/fsi-2019.xlsx),thesis_archived_workbook
Niger,2020,19.000000,95.314883,8.800000,8.900000,7.800000,6.800000,7.700000,7.300000,7.000000,9.196186,6.942571,8.725613,8.400000,7.750513,https://fragilestatesindex.org/excel/ (archived in MainCode/fsi-2020.xlsx),thesis_archived_workbook
Niger,2021,21.000000,96.000000,8.900000,9.300000,7.500000,6.800000,7.800000,7.000000,7.100000,9.700000,7.100000,8.800000,8.500000,7.500000,https://fragilestatesindex.org/wp-content/uploads/2021/05/fsi-2021.xlsx,publisher_workbook
Niger,2022,20.000000,95.200000,8.600000,9.600000,7.600000,6.500000,7.900000,6.900000,6.800000,9.600000,7.000000,8.800000,8.200000,7.700000,https://fragilestatesindex.org/wp-content/uploads/2022/07/fsi-2022-download.xlsx,publisher_workbook
Niger,2023,24.000000,93.400000,8.300000,9.600000,7.700000,6.400000,7.800000,6.600000,6.600000,9.500000,6.700000,8.900000,7.900000,7.400000,https://fragilestatesindex.org/wp-content/uploads/2023/06/FSI-2023-DOWNLOAD.xlsx,publisher_workbook
Nigeria,2006,22.000000,94.400000,9.200000,9.000000,9.100000,5.400000,9.000000,8.500000,9.000000,8.300000,7.100000,8.000000,5.900000,5.900000,https://fragilestatesindex.org/excel/ (archived in MainCode/fsi-2006.xlsx),thesis_archived_workbook
Nigeria,2007,17.000000,95.600000,9.200000,9.500000,9.500000,5.400000,9.100000,8.500000,9.100000,8.700000,7.100000,8.200000,5.600000,5.700000,https://fragilestatesindex.org/excel/ (archived in MainCode/fsi-2007.xlsx),thesis_archived_workbook
Nigeria,2008,18.000000,95.700000,9.200000,9.300000,9.400000,5.900000,9.200000,8.200000,8.900000,8.700000,7.500000,8.200000,5.100000,6.100000,https://fragilestatesindex.org/excel/ (archived in MainCode/fsi-2008.xlsx),thesis_archived_workbook
Nigeria,2009,15.000000,99.800000,9.400000,9.600000,9.700000,6.600000,9.500000,8.300000,9.200000,9.000000,8.600000,8.500000,5.300000,6.100000,https://fragilestatesindex.org/excel/ (archived in MainCode/fsi-2009.xlsx),thesis_archived_workbook
Nigeria,2010,14.000000,100.200000,9.300000,9.400000,9.500000,6.900000,9.300000,8.100000,9.400000,9.100000,8.800000,8.400000,5.800000,6.200000,https://fragilestatesindex.org/excel/ (archived in MainCode/fsi-2010.xlsx),thesis_archived_workbook
Nigeria,2011,14.000000,99.900000,9.100000,9.500000,9.600000,7.300000,9.000000,7.700000,9.000000,9.000000,8.600000,8.300000,6.000000,6.900000,https://fragilestatesindex.org/excel/ (archived in MainCode/fsi-2011.xlsx),thesis_archived_workbook
Nigeria,2012,14.000000,101.100000,9.200000,9.800000,9.700000,7.500000,8.900000,7.600000,9.100000,9.100000,8.600000,8.400000,6.500000,6.600000,https://fragilestatesindex.org/excel/ (archived in MainCode/fsi-2012.xlsx),thesis_archived_workbook
Nigeria,2013,16.000000,100.700000,9.500000,9.400000,9.800000,7.500000,9.200000,7.300000,8.800000,9.300000,8.600000,8.500000,6.600000,6.300000,https://fragilestatesindex.org/excel/ (archived in MainCode/fsi-2013.xlsx),thesis_archived_workbook
Nigeria,2014,17.000000,99.700000,9.500000,9.500000,9.800000,7.300000,8.900000,7.000000,8.800000,9.000000,8.700000,8.300000,6.900000,6.000000,https://fragilestatesindex.org/excel/ (archived in MainCode/fsi-2014.xlsx),thesis_archived_workbook
Nigeria,2015,14.000000,102.500000,9.900000,9.800000,9.900000,7.600000,8.800000,7.100000,9.100000,9.100000,8.800000,8.800000,7.500000,6.000000,https://fragilestatesindex.org/excel/ (archived in MainCode/fsi-2015.xlsx),thesis_archived_workbook
Nigeria,2016,13.000000,103.500000,9.700000,9.900000,9.400000,7.700000,8.800000,7.400000,8.800000,9.400000,9.100000,9.100000,7.700000,6.500000,https://fragilestatesindex.org/excel/ (archived in MainCode/fsi-2016.xlsx),thesis_archived_workbook
Nigeria,2017,13.000000,101.600000,9.200000,9.600000,9.200000,8.000000,8.600000,7.200000,8.600000,9.200000,8.900000,9.100000,7.500000,6.500000,https://fragilestatesindex.org/excel/ (archived in MainCode/fsi-2017.xlsx),thesis_archived_workbook
Nigeria,2018,14.000000,99.908232,8.900000,9.600000,9.300000,8.044998,8.300000,7.183097,8.300000,8.900000,8.600000,9.080137,7.500000,6.200000,https://fragilestatesindex.org/excel/ (archived in MainCode/fsi-2018.xlsx),thesis_archived_workbook
Nigeria,2019,14.000000,98.500000,9.000000,9.900000,9.400000,7.800000,8.100000,6.900000,8.000000,8.900000,8.300000,9.200000,7.200000,5.900000,https://fragilestatesindex.org/excel/ (archived in MainCode/fsi-2019.xlsx),thesis_archived_workbook
Nigeria,2020,14.000000,97.267511,8.700000,9.900000,9.100000,7.851499,7.800000,6.600000,8.100000,8.868951,8.379712,9.339819,6.900000,5.727530,https://fragilestatesindex.org/excel/ (archived in MainCode/fsi-2020.xlsx),thesis_archived_workbook
Nigeria,2021,12.000000,98.000000,8.800000,9.600000,8.800000,8.600000,7.700000,6.500000,8.400000,9.300000,8.700000,9.300000,6.600000,5.700000,https://fragilestatesindex.org/wp-content/uploads/2021/05/fsi-2021.xlsx,publisher_workbook
Nigeria,2022,16.000000,97.200000,8.900000,9.300000,8.900000,8.300000,8.000000,6.600000,8.500000,9.100000,8.400000,9.500000,6.300000,5.400000,https://fragilestatesindex.org/wp-content/uploads/2022/07/fsi-2022-download.xlsx,publisher_workbook
Nigeria,2023,15.000000,98.000000,9.000000,9.600000,8.600000,8.800000,8.100000,6.700000,8.200000,8.800000,8.600000,9.600000,6.400000,5.600000,https://fragilestatesindex.org/wp-content/uploads/2023/06/FSI-2023-DOWNLOAD.xlsx,publisher_workbook
North Korea,2006,14.000000,97.300000,8.300000,8.000000,7.200000,9.500000,9.000000,5.000000,9.800000,9.500000,9.500000,8.000000,6.000000,7.500000,https://fragilestatesindex.org/excel/ (archived in MainCode/fsi-2006.xlsx),thesis_archived_workbook
North Korea,2007,13.000000,97.700000,8.300000,7.900000,7.200000,9.600000,8.800000,5.000000,9.800000,9.500000,9.700000,8.000000,6.000000,7.900000,https://fragilestatesindex.org/excel/ (archived in MainCode/fsi-2007.xlsx),thesis_archived_workbook
North Korea,2008,15.000000,97.700000,8.300000,7.600000,7.200000,9.600000,8.800000,5.000000,9.800000,9.600000,9.700000,8.200000,6.000000,7.900000,https://fragilestatesindex.org/excel/ (archived in MainCode/fsi-2008.xlsx),thesis_archived_workbook
North Korea,2009,17.000000,98.300000,8.300000,7.800000,7.200000,9.600000,8.800000,5.000000,9.800000,9.600000,9.500000,8.500000,6.000000,8.200000,https://fragilestatesindex.org/excel/ (archived in MainCode/fsi-2009.xlsx),thesis_archived_workbook
North Korea,2010,19.000000,97.800000,8.100000,7.800000,7.200000,9.600000,8.800000,5.000000,9.900000,9.600000,9.500000,8.500000,5.600000,8.200000,https://fragilestatesindex.org/excel/ (archived in MainCode/fsi-2010.xlsx),thesis_archived_workbook
North Korea,2011,22.000000,95.600000,8.100000,7.400000,6.900000,9.200000,8.500000,4.700000,9.900000,9.300000,9.500000,8.200000,5.300000,8.600000,https://fragilestatesindex.org/excel/ (archived in MainCode/fsi-2011.xlsx),thesis_archived_workbook
North Korea,2012,22.000000,95.500000,8.100000,7.700000,6.600000,9.300000,8.600000,4.400000,9.900000,9.400000,9.600000,7.900000,5.300000,8.700000,https://fragilestatesindex.org/excel/ (archived in MainCode/fsi-2012.xlsx),thesis_archived_workbook
North Korea,2013,23.000000,95.100000,8.400000,7.700000,6.600000,9.300000,8.300000,4.400000,9.800000,9.500000,9.700000,8.000000,5.000000,8.400000,https://fragilestatesindex.org/excel/ (archived in MainCode/fsi-2013.xlsx),thesis_archived_workbook
North Korea,2014,26.000000,94.000000,8.500000,8.200000,6.600000,9.000000,8.000000,4.400000,9.900000,9.200000,9.600000,7.500000,4.700000,8.400000,https://fragilestatesindex.org/excel/ (archived in MainCode/fsi-2014.xlsx),thesis_archived_workbook
North Korea,2015,29.000000,93.800000,8.600000,8.500000,6.300000,9.000000,8.000000,4.200000,10.000000,8.900000,9.700000,7.500000,4.300000,8.800000,https://fragilestatesindex.org/excel/ (archived in MainCode/fsi-2015.xlsx),thesis_archived_workbook
North Korea,2016,30.000000,93.900000,8.500000,8.500000,6.000000,8.900000,7.700000,4.100000,10.000000,8.800000,9.600000,7.900000,4.600000,9.300000,https://fragilestatesindex.org/excel/ (archived in MainCode/fsi-2016.xlsx),thesis_archived_workbook
North Korea,2017,30.000000,93.300000,8.300000,8.500000,5.800000,8.900000,7.500000,4.400000,10.000000,8.600000,9.400000,7.700000,4.400000,9.800000,https://fragilestatesindex.org/excel/ (archived in MainCode/fsi-2017.xlsx),thesis_archived_workbook
North Korea,2018,28.000000,93.200000,8.300000,8.800000,5.800000,8.900000,7.500000,4.400000,10.000000,8.600000,9.400000,7.200000,4.400000,9.900000,https://fragilestatesindex.org/excel/ (archived in MainCode/fsi-2018.xlsx),thesis_archived_workbook
North Korea,2019,26.000000,92.700000,8.300000,8.500000,5.800000,8.900000,7.500000,4.400000,10.000000,8.600000,9.400000,7.100000,4.400000,9.800000,https://fragilestatesindex.org/excel/ (archived in MainCode/fsi-2019.xlsx),thesis_archived_workbook
North Korea,2020,30.000000,90.211298,8.300000,8.500000,5.500000,8.600000,7.200000,4.100000,9.911298,8.300000,9.400000,6.800000,4.100000,9.500000,https://fragilestatesindex.org/excel/ (archived in MainCode/fsi-2020.xlsx),thesis_archived_workbook
North Korea,2021,30.000000,90.000000,8.000000,8.800000,5.200000,8.900000,7.300000,3.800000,9.900000,8.600000,9.400000,7.100000,3.800000,9.200000,https://fragilestatesindex.org/wp-content/uploads/2021/05/fsi-2021.xlsx,publisher_workbook
North Korea,2022,32.000000,89.100000,7.700000,9.200000,4.900000,8.600000,7.400000,3.500000,9.900000,8.300000,9.300000,7.600000,3.500000,9.200000,https://fragilestatesindex.org/wp-content/uploads/2022/07/fsi-2022-download.xlsx,publisher_workbook
North Korea,2023,38.000000,87.000000,7.400000,9.200000,4.600000,8.700000,7.300000,3.200000,9.800000,8.000000,9.400000,7.300000,3.200000,8.900000,https://fragilestatesindex.org/wp-content/uploads/2023/06/FSI-2023-DOWNLOAD.xlsx,publisher_workbook
North Macedonia,2021,108.000000,64.500000,4.700000,7.300000,6.000000,6.500000,4.500000,6.000000,5.100000,4.800000,3.000000,4.200000,6.900000,5.500000,https://fragilestatesindex.org/wp-content/uploads/2021/05/fsi-2021.xlsx,publisher_workbook
North Macedonia,2022,111.000000,62.600000,4.400000,7.300000,5.700000,6.200000,4.400000,6.300000,4.800000,4.500000,2.700000,4.500000,6.600000,5.200000,https://fragilestatesindex.org/wp-content/uploads/2022/07/fsi-2022-download.xlsx,publisher_workbook
Norway,2006,146.000000,16.800000,1.000000,1.000000,1.000000,1.800000,2.000000,1.000000,1.000000,1.000000,1.500000,3.000000,1.500000,1.000000,https://fragilestatesindex.org/excel/ (archived in MainCode/fsi-2006.xlsx),thesis_archived_workbook
Norway,2007,176.000000,17.100000,1.000000,1.000000,1.000000,2.100000,2.000000,1.100000,1.000000,1.300000,1.500000,2.000000,1.600000,1.500000,https://fragilestatesindex.org/excel/ (archived in MainCode/fsi-2007.xlsx),thesis_archived_workbook
Norway,2008,177.000000,16.800000,1.000000,1.000000,1.000000,1.800000,2.000000,1.100000,1.000000,1.300000,1.500000,2.000000,1.600000,1.500000,https://fragilestatesindex.org/excel/ (archived in MainCode/fsi-2008.xlsx),thesis_archived_workbook
Norway,2009,177.000000,18.300000,1.100000,1.100000,1.300000,2.300000,2.200000,1.100000,1.000000,1.300000,1.500000,1.900000,1.600000,1.900000,https://fragilestatesindex.org/excel/ (archived in MainCode/fsi-2009.xlsx),thesis_archived_workbook
Norway,2010,177.000000,18.700000,1.200000,1.100000,1.300000,2.600000,2.400000,1.200000,0.800000,1.100000,1.600000,1.700000,1.600000,2.100000,https://fragilestatesindex.org/excel/ (archived in MainCode/fsi-2010.xlsx),thesis_archived_workbook
Norway,2011,176.000000,20.400000,1.200000,1.200000,1.300000,2.900000,2.100000,1.500000,1.000000,1.400000,1.900000,2.000000,2.000000,1.900000,https://fragilestatesindex.org/excel/ (archived in MainCode/fsi-2011.xlsx),thesis_archived_workbook
Norway,2012,173.000000,23.900000,3.000000,1.200000,3.600000,2.400000,1.800000,1.500000,0.800000,1.700000,2.200000,2.300000,1.800000,1.600000,https://fragilestatesindex.org/excel/ (archived in MainCode/fsi-2012.xlsx),thesis_archived_workbook
Norway,2013,175.000000,21.500000,2.700000,1.100000,3.600000,1.900000,1.500000,1.600000,0.500000,1.400000,1.900000,2.000000,1.900000,1.300000,https://fragilestatesindex.org/excel/ (archived in MainCode/fsi-2013.xlsx),thesis_archived_workbook
Norway,2014,175.000000,23.000000,2.800000,1.100000,3.700000,2.000000,1.700000,1.900000,0.500000,1.700000,1.600000,2.300000,2.200000,1.500000,https://fragilestatesindex.org/excel/ (archived in MainCode/fsi-2014.xlsx),thesis_archived_workbook
Norway,2015,176.000000,20.900000,2.500000,1.100000,3.700000,1.700000,2.000000,1.600000,0.400000,1.400000,1.300000,2.000000,1.900000,1.200000,https://fragilestatesindex.org/excel/ (archived in MainCode/fsi-2015.xlsx),thesis_archived_workbook
Norway,2016,177.000000,21.200000,2.200000,1.100000,3.800000,1.700000,1.700000,1.300000,0.500000,1.100000,1.600000,1.700000,3.000000,1.500000,https://fragilestatesindex.org/excel/ (archived in MainCode/fsi-2016.xlsx),thesis_archived_workbook
Norway,2017,177.000000,20.500000,2.000000,1.100000,3.600000,2.200000,1.500000,1.600000,0.800000,1.000000,1.100000,1.500000,2.800000,1.300000,https://fragilestatesindex.org/excel/ (archived in MainCode/fsi-2017.xlsx),thesis_archived_workbook
Norway,2018,177.000000,18.258722,1.800000,1.100000,3.400000,2.000000,1.000000,1.400000,0.600000,0.800000,0.900000,1.300000,2.858722,1.100000,https://fragilestatesindex.org/excel/ (archived in MainCode/fsi-2018.xlsx),thesis_archived_workbook
Norway,2019,177.000000,18.000000,2.100000,1.100000,3.300000,1.900000,1.000000,1.300000,0.600000,0.800000,0.900000,1.200000,2.800000,1.000000,https://fragilestatesindex.org/excel/ (archived in MainCode/fsi-2019.xlsx),thesis_archived_workbook
Norway,2020,177.000000,16.191210,1.800000,1.100000,3.600000,1.691210,0.700000,1.000000,0.500000,1.100000,0.600000,0.900000,2.500000,0.700000,https://fragilestatesindex.org/excel/ (archived in MainCode/fsi-2020.xlsx),thesis_archived_workbook
Norway,2021,178.000000,16.600000,1.800000,1.100000,3.300000,1.900000,1.000000,0.800000,0.500000,1.600000,0.500000,1.400000,2.200000,0.500000,https://fragilestatesindex.org/wp-content/uploads/2021/05/fsi-2021.xlsx,publisher_workbook
Norway,2022,178.000000,15.600000,1.500000,1.100000,3.400000,1.700000,1.300000,0.700000,0.300000,1.300000,0.300000,1.700000,2.000000,0.300000,https://fragilestatesindex.org/wp-content/uploads/2022/07/fsi-2022-download.xlsx,publisher_workbook
Norway,2023,179.000000,14.500000,1.400000,1.100000,3.100000,1.400000,1.400000,0.700000,0.400000,1.000000,0.400000,1.400000,1.700000,0.500000,https://fragilestatesindex.org/wp-content/uploads/2023/06/FSI-2023-DOWNLOAD.xlsx,publisher_workbook
Oman,2006,117.000000,43.800000,5.500000,7.500000,3.000000,3.500000,2.000000,1.000000,6.300000,3.500000,6.500000,2.000000,1.000000,2.000000,https://fragilestatesindex.org/excel/ (archived in MainCode/fsi-2006.xlsx),thesis_archived_workbook
Oman,2007,145.000000,45.500000,5.300000,7.100000,3.000000,3.700000,2.000000,1.100000,6.300000,4.200000,6.600000,3.100000,1.100000,2.000000,https://fragilestatesindex.org/excel/ (archived in MainCode/fsi-2007.xlsx),thesis_archived_workbook
Oman,2008,146.000000,47.400000,5.300000,6.900000,3.000000,3.900000,2.000000,1.100000,6.300000,4.400000,6.600000,4.600000,1.300000,2.000000,https://fragilestatesindex.org/excel/ (archived in MainCode/fsi-2008.xlsx),thesis_archived_workbook
Oman,2009,146.000000,47.200000,5.000000,6.600000,3.000000,4.400000,2.300000,1.300000,6.000000,4.500000,6.400000,4.500000,1.000000,2.200000,https://fragilestatesindex.org/excel/ (archived in MainCode/fsi-2009.xlsx),thesis_archived_workbook
Oman,2010,144.000000,48.700000,5.200000,6.600000,3.000000,4.500000,2.700000,1.700000,6.000000,4.500000,6.700000,4.700000,1.100000,2.000000,https://fragilestatesindex.org/excel/ (archived in MainCode/fsi-2010.xlsx),thesis_archived_workbook
Oman,2011,140.000000,49.300000,5.300000,6.300000,3.000000,3.800000,3.000000,1.500000,5.900000,4.400000,6.900000,5.100000,1.500000,2.400000,https://fragilestatesindex.org/excel/ (archived in MainCode/fsi-2011.xlsx),thesis_archived_workbook
Oman,2012,137.000000,51.700000,5.600000,6.600000,2.700000,4.300000,3.300000,1.500000,6.200000,4.700000,7.200000,5.100000,1.800000,2.700000,https://fragilestatesindex.org/excel/ (archived in MainCode/fsi-2012.xlsx),thesis_archived_workbook
Oman,2013,136.000000,52.000000,5.300000,6.600000,2.700000,4.500000,3.600000,1.800000,6.100000,4.400000,7.500000,5.000000,2.000000,2.400000,https://fragilestatesindex.org/excel/ (archived in MainCode/fsi-2013.xlsx),thesis_archived_workbook
Oman,2014,135.000000,53.100000,5.000000,6.600000,2.700000,4.800000,3.900000,2.100000,6.400000,4.100000,7.400000,5.300000,2.300000,2.500000,https://fragilestatesindex.org/excel/ (archived in MainCode/fsi-2014.xlsx),thesis_archived_workbook
Oman,2015,135.000000,52.000000,4.700000,6.600000,3.000000,4.500000,4.200000,1.900000,6.600000,3.800000,7.500000,5.000000,2.000000,2.200000,https://fragilestatesindex.org/excel/ (archived in MainCode/fsi-2015.xlsx),thesis_archived_workbook
Oman,2016,137.000000,51.600000,4.400000,6.600000,3.100000,4.200000,4.300000,2.200000,6.500000,3.700000,7.400000,5.000000,2.200000,2.000000,https://fragilestatesindex.org/excel/ (archived in MainCode/fsi-2016.xlsx),thesis_archived_workbook
Oman,2017,133.000000,52.500000,4.200000,6.600000,2.900000,4.100000,4.600000,2.500000,6.800000,3.500000,7.700000,4.800000,2.500000,2.300000,https://fragilestatesindex.org/excel/ (archived in MainCode/fsi-2017.xlsx),thesis_archived_workbook
Oman,2018,132.000000,52.649802,3.900000,6.600000,2.600000,4.600000,4.500000,2.800000,7.100000,3.200000,7.815794,4.500000,2.434008,2.600000,https://fragilestatesindex.org/excel/ (archived in MainCode/fsi-2018.xlsx),thesis_archived_workbook
Oman,2019,133.000000,50.000000,3.600000,6.600000,2.300000,4.100000,4.200000,2.500000,7.000000,2.900000,7.500000,4.200000,2.100000,2.900000,https://fragilestatesindex.org/excel/ (archived in MainCode/fsi-2019.xlsx),thesis_archived_workbook
Oman,2020,134.000000,47.991161,3.300000,6.600000,2.000000,4.200000,3.900000,2.200000,6.912238,2.682715,7.200000,3.996208,1.800000,3.200000,https://fragilestatesindex.org/excel/ (archived in MainCode/fsi-2020.xlsx),thesis_archived_workbook
Oman,2021,136.000000,50.400000,3.000000,6.600000,2.300000,5.000000,4.100000,1.900000,6.900000,3.700000,7.000000,4.500000,1.900000,3.500000,https://fragilestatesindex.org/wp-content/uploads/2021/05/fsi-2021.xlsx,publisher_workbook
Oman,2022,136.000000,49.500000,2.700000,6.600000,2.600000,4.700000,4.000000,1.800000,6.900000,3.400000,6.800000,4.300000,1.900000,3.800000,https://fragilestatesindex.org/wp-content/uploads/2022/07/fsi-2022-download.xlsx,publisher_workbook
Oman,2023,136.000000,48.700000,2.400000,6.600000,2.900000,4.400000,4.100000,1.400000,7.200000,3.100000,6.700000,4.200000,1.600000,4.100000,https://fragilestatesindex.org/wp-content/uploads/2023/06/FSI-2023-DOWNLOAD.xlsx,publisher_workbook
Pakistan,2006,9.000000,103.100000,9.100000,9.100000,8.600000,7.000000,8.900000,8.100000,8.500000,7.500000,8.500000,9.300000,9.300000,9.200000,https://fragilestatesindex.org/excel/ (archived in MainCode/fsi-2006.xlsx),thesis_archived_workbook
Pakistan,2007,12.000000,100.100000,9.500000,9.500000,9.000000,5.800000,8.500000,8.100000,8.700000,7.100000,8.700000,8.200000,8.500000,8.500000,https://fragilestatesindex.org/excel/ (archived in MainCode/fsi-2007.xlsx),thesis_archived_workbook
Pakistan,2008,9.000000,103.800000,9.600000,9.800000,9.500000,6.200000,8.800000,8.100000,9.500000,7.100000,9.500000,8.000000,8.600000,9.100000,https://fragilestatesindex.org/excel/ (archived in MainCode/fsi-2008.xlsx),thesis_archived_workbook
Pakistan,2009,10.000000,104.100000,9.500000,9.600000,9.600000,6.400000,8.800000,8.300000,9.100000,7.500000,8.900000,8.300000,8.600000,9.500000,https://fragilestatesindex.org/excel/ (archived in MainCode/fsi-2009.xlsx),thesis_archived_workbook
Pakistan,2010,10.000000,102.500000,9.700000,9.500000,9.400000,6.200000,8.400000,7.900000,8.900000,7.300000,8.900000,8.100000,8.900000,9.300000,https://fragilestatesindex.org/excel/ (archived in MainCode/fsi-2010.xlsx),thesis_archived_workbook
Pakistan,2011,12.000000,102.300000,9.400000,9.100000,9.300000,6.600000,8.500000,7.500000,8.600000,7.300000,8.700000,8.800000,9.200000,9.300000,https://fragilestatesindex.org/excel/ (archived in MainCode/fsi-2011.xlsx),thesis_archived_workbook
Pakistan,2012,13.000000,101.600000,9.300000,9.100000,9.600000,7.200000,8.200000,7.200000,8.300000,7.000000,8.600000,8.500000,9.000000,9.400000,https://fragilestatesindex.org/excel/ (archived in MainCode/fsi-2012.xlsx),thesis_archived_workbook
Pakistan,2013,13.000000,102.900000,9.800000,9.200000,9.700000,7.500000,7.900000,6.900000,8.400000,7.300000,8.700000,8.900000,9.100000,9.600000,https://fragilestatesindex.org/excel/ (archived in MainCode/fsi-2013.xlsx),thesis_archived_workbook
Pakistan,2014,10.000000,103.000000,9.900000,9.500000,10.000000,7.500000,7.600000,6.900000,8.500000,7.600000,8.600000,8.800000,8.800000,9.300000,https://fragilestatesindex.org/excel/ (archived in MainCode/fsi-2014.xlsx),thesis_archived_workbook
Pakistan,2015,13.000000,103.000000,9.600000,9.200000,10.000000,7.700000,7.300000,7.000000,8.600000,7.900000,8.400000,9.000000,8.900000,9.300000,https://fragilestatesindex.org/excel/ (archived in MainCode/fsi-2015.xlsx),thesis_archived_workbook
Pakistan,2016,14.000000,101.700000,9.300000,8.900000,9.700000,7.400000,7.000000,7.300000,8.300000,8.200000,8.200000,8.900000,8.900000,9.600000,https://fragilestatesindex.org/excel/ (archived in MainCode/fsi-2016.xlsx),thesis_archived_workbook
Pakistan,2017,17.000000,98.900000,9.100000,8.900000,10.000000,6.900000,6.500000,7.200000,8.100000,7.700000,8.000000,8.400000,8.700000,9.400000,https://fragilestatesindex.org/excel/ (archived in MainCode/fsi-2017.xlsx),thesis_archived_workbook
Pakistan,2018,20.000000,96.338060,8.800000,8.900000,9.700000,6.600000,6.200000,7.105321,7.800000,7.932739,7.700000,8.100000,8.400000,9.100000,https://fragilestatesindex.org/excel/ (archived in MainCode/fsi-2018.xlsx),thesis_archived_workbook
Pakistan,2019,23.000000,94.200000,8.500000,9.300000,9.400000,6.300000,5.900000,6.800000,7.900000,8.000000,7.400000,7.800000,8.100000,8.800000,https://fragilestatesindex.org/excel/ (archived in MainCode/fsi-2019.xlsx),thesis_archived_workbook
Pakistan,2020,25.000000,92.078093,8.200000,9.000000,9.100000,7.078093,5.600000,6.500000,7.600000,7.700000,7.100000,7.900000,7.800000,8.500000,https://fragilestatesindex.org/excel/ (archived in MainCode/fsi-2020.xlsx),thesis_archived_workbook
Pakistan,2021,29.000000,90.500000,7.900000,9.000000,8.800000,7.100000,5.300000,6.200000,7.300000,8.000000,7.300000,7.900000,7.500000,8.200000,https://fragilestatesindex.org/wp-content/uploads/2021/05/fsi-2021.xlsx,publisher_workbook
Pakistan,2022,30.000000,89.700000,7.900000,9.000000,8.900000,6.600000,5.000000,5.900000,7.400000,7.700000,7.400000,8.200000,7.500000,8.200000,https://fragilestatesindex.org/wp-content/uploads/2022/07/fsi-2022-download.xlsx,publisher_workbook
Pakistan,2023,32.000000,89.900000,7.600000,9.300000,9.000000,6.700000,4.900000,5.800000,7.400000,7.500000,7.500000,8.300000,7.600000,8.300000,https://fragilestatesindex.org/wp-content/uploads/2023/06/FSI-2023-DOWNLOAD.xlsx,publisher_workbook
Palestine,2021,37.000000,86.000000,6.000000,8.900000,5.000000,7.000000,4.900000,8.800000,8.800000,4.200000,7.700000,8.500000,6.200000,10.000000,https://fragilestatesindex.org/wp-content/uploads/2021/05/fsi-2021.xlsx,publisher_workbook
Palestine,2022,37.000000,85.600000,6.100000,8.900000,5.300000,6.500000,5.000000,8.800000,8.800000,3.900000,7.800000,8.600000,5.900000,10.000000,https://fragilestatesindex.org/wp-content/uploads/2022/07/fsi-2022-download.xlsx,publisher_workbook
Palestine,2023,34.000000,87.900000,7.900000,8.600000,5.800000,6.200000,4.900000,8.900000,9.100000,4.400000,7.600000,8.300000,6.200000,10.000000,https://fragilestatesindex.org/wp-content/uploads/2023/06/FSI-2023-DOWNLOAD.xlsx,publisher_workbook
Panama,2006,107.000000,59.600000,5.300000,3.000000,4.500000,5.700000,7.500000,5.000000,4.900000,5.800000,4.800000,6.500000,2.600000,4.000000,https://fragilestatesindex.org/excel/ (archived in MainCode/fsi-2006.xlsx),thesis_archived_workbook
Panama,2007,130.000000,59.400000,5.000000,2.900000,4.400000,5.800000,7.500000,5.000000,4.800000,5.600000,4.700000,6.600000,3.100000,4.000000,https://fragilestatesindex.org/excel/ (archived in MainCode/fsi-2007.xlsx),thesis_archived_workbook
Panama,2008,130.000000,58.600000,5.000000,2.900000,4.400000,5.600000,7.500000,5.000000,4.600000,5.400000,4.700000,6.400000,3.100000,4.000000,https://fragilestatesindex.org/excel/ (archived in MainCode/fsi-2008.xlsx),thesis_archived_workbook
Panama,2009,132.000000,59.700000,5.100000,3.000000,4.600000,5.600000,7.300000,5.000000,4.700000,5.500000,4.700000,6.600000,3.400000,4.200000,https://fragilestatesindex.org/excel/ (archived in MainCode/fsi-2009.xlsx),thesis_archived_workbook
Panama,2010,130.000000,59.300000,5.200000,3.000000,4.400000,5.600000,7.500000,5.000000,4.800000,5.500000,4.500000,6.300000,3.500000,4.000000,https://fragilestatesindex.org/excel/ (archived in MainCode/fsi-2010.xlsx),thesis_archived_workbook
Panama,2011,131.000000,57.800000,5.700000,2.500000,4.600000,4.900000,7.400000,4.900000,4.600000,5.200000,4.500000,6.000000,3.900000,3.600000,https://fragilestatesindex.org/excel/ (archived in MainCode/fsi-2011.xlsx),thesis_archived_workbook
Panama,2012,132.000000,56.100000,5.400000,2.500000,4.900000,4.300000,7.500000,4.800000,4.600000,5.100000,4.400000,5.800000,3.600000,3.300000,https://fragilestatesindex.org/excel/ (archived in MainCode/fsi-2012.xlsx),thesis_archived_workbook
Panama,2013,131.000000,55.800000,5.100000,2.500000,5.000000,3.800000,7.900000,4.500000,4.700000,5.000000,4.400000,5.900000,3.700000,3.300000,https://fragilestatesindex.org/excel/ (archived in MainCode/fsi-2013.xlsx),thesis_archived_workbook
Panama,2014,131.000000,55.700000,4.800000,2.500000,5.300000,3.700000,7.600000,4.200000,4.600000,5.200000,4.700000,5.600000,4.000000,3.500000,https://fragilestatesindex.org/excel/ (archived in MainCode/fsi-2014.xlsx),thesis_archived_workbook
Panama,2015,131.000000,54.600000,5.100000,2.500000,5.600000,3.400000,7.300000,4.000000,4.000000,5.500000,4.800000,5.700000,3.500000,3.200000,https://fragilestatesindex.org/excel/ (archived in MainCode/fsi-2015.xlsx),thesis_archived_workbook
Panama,2016,133.000000,53.200000,5.400000,2.500000,5.300000,3.100000,7.600000,4.300000,3.700000,5.300000,4.500000,5.400000,3.200000,2.900000,https://fragilestatesindex.org/excel/ (archived in MainCode/fsi-2016.xlsx),thesis_archived_workbook
Panama,2017,137.000000,50.700000,5.400000,2.200000,5.600000,2.600000,7.400000,4.600000,3.200000,4.800000,4.300000,4.900000,3.000000,2.700000,https://fragilestatesindex.org/excel/ (archived in MainCode/fsi-2017.xlsx),thesis_archived_workbook
Panama,2018,136.000000,49.480723,5.512954,2.200000,5.606140,2.900000,7.100000,4.900000,3.031675,4.569669,4.000000,4.400000,2.848999,2.411287,https://fragilestatesindex.org/excel/ (archived in MainCode/fsi-2018.xlsx),thesis_archived_workbook
Panama,2019,139.000000,47.000000,5.200000,2.200000,5.600000,2.800000,6.600000,4.600000,2.900000,4.400000,3.800000,4.100000,2.500000,2.300000,https://fragilestatesindex.org/excel/ (archived in MainCode/fsi-2019.xlsx),thesis_archived_workbook
Panama,2020,140.000000,45.981915,5.500000,2.200000,5.578636,2.737762,6.300000,4.300000,2.864982,4.427960,3.500000,3.800000,2.500000,2.272575,https://fragilestatesindex.org/excel/ (archived in MainCode/fsi-2020.xlsx),thesis_archived_workbook
Panama,2021,139.000000,48.700000,5.200000,2.200000,5.600000,3.700000,6.200000,4.000000,3.100000,5.400000,3.800000,5.300000,2.200000,2.000000,https://fragilestatesindex.org/wp-content/uploads/2021/05/fsi-2021.xlsx,publisher_workbook
Panama,2022,139.000000,47.500000,4.900000,2.200000,5.900000,3.200000,6.100000,3.900000,3.200000,5.100000,4.100000,4.800000,2.300000,1.800000,https://fragilestatesindex.org/wp-content/uploads/2022/07/fsi-2022-download.xlsx,publisher_workbook
Panama,2023,137.000000,48.700000,4.600000,2.700000,6.200000,3.500000,6.000000,3.600000,3.700000,4.900000,4.400000,4.900000,2.400000,1.800000,https://fragilestatesindex.org/wp-content/uploads/2023/06/FSI-2023-DOWNLOAD.xlsx,publisher_workbook
Papua New Guinea,2006,49.000000,84.600000,7.000000,6.700000,8.000000,7.000000,9.000000,8.000000,7.800000,8.000000,6.100000,8.000000,2.500000,6.500000,https://fragilestatesindex.org/excel/ (archived in MainCode/fsi-2006.xlsx),thesis_archived_workbook
Papua New Guinea,2007,52.000000,85.100000,7.000000,6.700000,8.000000,7.300000,9.000000,7.900000,7.800000,7.800000,6.100000,7.500000,3.500000,6.500000,https://fragilestatesindex.org/excel/ (archived in MainCode/fsi-2007.xlsx),thesis_archived_workbook
Papua New Guinea,2008,52.000000,84.600000,7.000000,6.700000,8.000000,7.300000,9.000000,7.900000,7.800000,7.800000,6.100000,7.500000,3.500000,6.000000,https://fragilestatesindex.org/excel/ (archived in MainCode/fsi-2008.xlsx),thesis_archived_workbook
Papua New Guinea,2009,61.000000,84.100000,6.700000,7.100000,7.300000,6.800000,8.900000,7.600000,7.700000,8.100000,6.500000,7.500000,4.000000,5.900000,https://fragilestatesindex.org/excel/ (archived in MainCode/fsi-2009.xlsx),thesis_archived_workbook
Papua New Guinea,2010,56.000000,83.900000,6.500000,7.100000,7.100000,6.300000,9.000000,7.700000,7.800000,8.300000,6.300000,7.500000,4.200000,6.100000,https://fragilestatesindex.org/excel/ (archived in MainCode/fsi-2010.xlsx),thesis_archived_workbook
Papua New Guinea,2011,54.000000,84.200000,6.600000,7.100000,6.900000,6.400000,9.100000,7.400000,7.500000,8.700000,6.300000,7.400000,4.500000,6.400000,https://fragilestatesindex.org/excel/ (archived in MainCode/fsi-2011.xlsx),thesis_archived_workbook
Papua New Guinea,2012,54.000000,83.700000,6.300000,7.100000,6.900000,6.600000,8.800000,7.200000,7.600000,8.600000,6.100000,7.400000,4.800000,6.100000,https://fragilestatesindex.org/excel/ (archived in MainCode/fsi-2012.xlsx),thesis_archived_workbook
Papua New Guinea,2013,53.000000,84.900000,6.600000,7.100000,6.600000,6.900000,9.100000,7.500000,7.100000,8.900000,6.200000,7.600000,5.000000,6.300000,https://fragilestatesindex.org/excel/ (archived in MainCode/fsi-2013.xlsx),thesis_archived_workbook
Papua New Guinea,2014,57.000000,84.100000,6.400000,7.100000,6.600000,6.600000,9.300000,7.300000,6.600000,9.000000,6.300000,7.600000,4.900000,6.400000,https://fragilestatesindex.org/excel/ (archived in MainCode/fsi-2014.xlsx),thesis_archived_workbook
Papua New Guinea,2015,57.000000,83.400000,6.900000,7.100000,6.300000,6.200000,9.000000,7.100000,6.900000,8.700000,6.600000,7.300000,4.600000,6.700000,https://fragilestatesindex.org/excel/ (archived in MainCode/fsi-2015.xlsx),thesis_archived_workbook
Papua New Guinea,2016,50.000000,86.200000,7.200000,7.100000,6.500000,5.800000,9.300000,7.400000,7.000000,9.200000,7.100000,7.900000,4.700000,7.000000,https://fragilestatesindex.org/excel/ (archived in MainCode/fsi-2016.xlsx),thesis_archived_workbook
Papua New Guinea,2017,48.000000,86.400000,7.200000,7.100000,6.300000,6.100000,9.100000,7.400000,6.800000,9.000000,7.600000,7.800000,5.200000,6.800000,https://fragilestatesindex.org/excel/ (archived in MainCode/fsi-2017.xlsx),thesis_archived_workbook
Papua New Guinea,2018,51.000000,84.770266,6.909128,7.100000,6.000000,6.074506,9.149488,7.421709,6.500000,9.106464,7.300000,7.781337,4.927635,6.500000,https://fragilestatesindex.org/excel/ (archived in MainCode/fsi-2018.xlsx),thesis_archived_workbook
Papua New Guinea,2019,50.000000,83.100000,6.700000,7.100000,5.700000,6.400000,8.800000,7.100000,6.200000,9.100000,7.000000,8.100000,4.600000,6.200000,https://fragilestatesindex.org/excel/ (archived in MainCode/fsi-2019.xlsx),thesis_archived_workbook
Papua New Guinea,2020,50.000000,82.297290,7.000000,7.100000,5.400000,6.695408,9.100000,6.800000,6.031467,9.183661,6.886754,7.600000,4.600000,5.900000,https://fragilestatesindex.org/excel/ (archived in MainCode/fsi-2020.xlsx),thesis_archived_workbook
Papua New Guinea,2021,52.000000,80.900000,6.700000,7.100000,5.100000,7.000000,8.800000,6.500000,6.000000,9.300000,6.900000,7.600000,4.300000,5.600000,https://fragilestatesindex.org/wp-content/uploads/2021/05/fsi-2021.xlsx,publisher_workbook
Papua New Guinea,2022,55.000000,79.500000,6.400000,7.100000,4.800000,7.100000,8.500000,6.200000,5.800000,9.400000,6.600000,7.700000,4.600000,5.300000,https://fragilestatesindex.org/wp-content/uploads/2022/07/fsi-2022-download.xlsx,publisher_workbook
Papua New Guinea,2023,60.000000,78.100000,6.500000,7.100000,4.500000,6.800000,8.200000,5.900000,5.700000,9.400000,6.700000,7.400000,4.900000,5.000000,https://fragilestatesindex.org/wp-content/uploads/2023/06/FSI-2023-DOWNLOAD.xlsx,publisher_workbook
Paraguay,2006,87.000000,72.000000,4.500000,7.500000,6.200000,6.600000,7.500000,6.000000,8.000000,6.800000,8.000000,5.000000,1.500000,4.400000,https://fragilestatesindex.org/excel/ (archived in MainCode/fsi-2006.xlsx),thesis_archived_workbook
Paraguay,2007,100.000000,72.900000,4.300000,7.500000,6.200000,6.700000,7.400000,6.000000,8.100000,6.500000,7.900000,6.500000,1.600000,4.200000,https://fragilestatesindex.org/excel/ (archived in MainCode/fsi-2007.xlsx),thesis_archived_workbook
Paraguay,2008,104.000000,72.300000,5.000000,7.700000,6.200000,6.200000,7.700000,6.000000,8.300000,6.000000,7.100000,6.600000,1.300000,4.200000,https://fragilestatesindex.org/excel/ (archived in MainCode/fsi-2008.xlsx),thesis_archived_workbook
Paraguay,2009,106.000000,72.000000,5.300000,7.500000,6.500000,5.900000,7.900000,6.000000,7.900000,6.000000,6.900000,6.400000,1.300000,4.400000,https://fragilestatesindex.org/excel/ (archived in MainCode/fsi-2009.xlsx),thesis_archived_workbook
Paraguay,2010,106.000000,72.100000,5.900000,7.500000,6.300000,6.200000,8.000000,5.800000,8.300000,5.800000,6.700000,6.200000,1.500000,3.900000,https://fragilestatesindex.org/excel/ (archived in MainCode/fsi-2010.xlsx),thesis_archived_workbook
Paraguay,2011,101.000000,72.400000,6.400000,7.700000,6.500000,5.900000,8.300000,5.500000,7.900000,5.500000,6.400000,5.900000,1.900000,4.500000,https://fragilestatesindex.org/excel/ (archived in MainCode/fsi-2011.xlsx),thesis_archived_workbook
Paraguay,2012,107.000000,70.900000,6.100000,7.700000,6.200000,5.600000,8.300000,5.200000,7.600000,5.800000,6.100000,6.000000,2.200000,4.200000,https://fragilestatesindex.org/excel/ (archived in MainCode/fsi-2012.xlsx),thesis_archived_workbook
Paraguay,2013,104.000000,71.800000,6.100000,7.900000,6.500000,5.100000,8.600000,4.900000,7.900000,6.100000,6.100000,6.100000,2.400000,4.200000,https://fragilestatesindex.org/excel/ (archived in MainCode/fsi-2013.xlsx),thesis_archived_workbook
Paraguay,2014,102.000000,71.600000,6.200000,7.800000,6.200000,5.400000,8.700000,4.900000,7.400000,6.400000,6.000000,5.800000,2.700000,4.100000,https://fragilestatesindex.org/excel/ (archived in MainCode/fsi-2014.xlsx),thesis_archived_workbook
Paraguay,2015,103.000000,71.300000,6.500000,7.800000,5.900000,5.100000,8.400000,5.200000,7.100000,6.700000,6.100000,5.900000,2.200000,4.400000,https://fragilestatesindex.org/excel/ (archived in MainCode/fsi-2015.xlsx),thesis_archived_workbook
Paraguay,2016,95.000000,72.600000,6.800000,7.800000,6.000000,5.200000,8.100000,5.500000,7.200000,6.400000,6.100000,6.200000,2.800000,4.500000,https://fragilestatesindex.org/excel/ (archived in MainCode/fsi-2016.xlsx),thesis_archived_workbook
Paraguay,2017,99.000000,71.600000,6.600000,7.800000,5.800000,5.000000,7.900000,5.800000,7.000000,6.200000,5.900000,5.700000,3.100000,4.800000,https://fragilestatesindex.org/excel/ (archived in MainCode/fsi-2017.xlsx),thesis_archived_workbook
Paraguay,2018,101.000000,69.751517,6.302589,7.800000,5.500000,5.023719,7.600000,5.853860,7.100000,5.900000,5.600000,5.400000,3.171349,4.500000,https://fragilestatesindex.org/excel/ (archived in MainCode/fsi-2018.xlsx),thesis_archived_workbook
Paraguay,2019,104.000000,67.000000,6.200000,7.800000,5.200000,4.900000,7.300000,5.600000,6.800000,5.600000,5.700000,4.900000,2.900000,4.200000,https://fragilestatesindex.org/excel/ (archived in MainCode/fsi-2019.xlsx),thesis_archived_workbook
Paraguay,2020,104.000000,65.178194,6.242424,7.800000,4.900000,4.600000,7.000000,5.300000,6.500000,5.300000,5.400000,5.000000,3.000000,4.135770,https://fragilestatesindex.org/excel/ (archived in MainCode/fsi-2020.xlsx),thesis_archived_workbook
Paraguay,2021,105.000000,66.400000,6.300000,7.800000,4.600000,4.900000,7.100000,5.000000,6.600000,6.300000,5.500000,5.500000,3.000000,3.800000,https://fragilestatesindex.org/wp-content/uploads/2021/05/fsi-2021.xlsx,publisher_workbook
Paraguay,2022,103.000000,65.400000,6.000000,7.800000,4.700000,4.600000,7.000000,4.700000,6.700000,6.000000,5.200000,6.000000,3.200000,3.500000,https://fragilestatesindex.org/wp-content/uploads/2022/07/fsi-2022-download.xlsx,publisher_workbook
Paraguay,2023,105.000000,63.700000,5.700000,7.800000,4.700000,4.900000,6.900000,4.700000,6.400000,5.700000,5.100000,5.700000,2.900000,3.200000,https://fragilestatesindex.org/wp-content/uploads/2023/06/FSI-2023-DOWNLOAD.xlsx,publisher_workbook
Peru,2006,68.000000,79.200000,8.000000,7.100000,7.000000,5.400000,8.000000,7.600000,6.800000,6.400000,6.800000,6.500000,4.600000,5.000000,https://fragilestatesindex.org/excel/ (archived in MainCode/fsi-2006.xlsx),thesis_archived_workbook
Peru,2007,84.000000,76.400000,7.700000,7.000000,6.900000,5.600000,8.100000,7.500000,6.600000,6.200000,5.200000,6.600000,4.000000,5.000000,https://fragilestatesindex.org/excel/ (archived in MainCode/fsi-2007.xlsx),thesis_archived_workbook
Peru,2008,81.000000,77.500000,7.400000,7.000000,6.900000,5.700000,8.100000,7.500000,6.400000,6.400000,5.500000,6.900000,4.200000,5.500000,https://fragilestatesindex.org/excel/ (archived in MainCode/fsi-2008.xlsx),thesis_archived_workbook
Peru,2009,92.000000,77.100000,7.200000,6.900000,6.400000,5.600000,8.200000,7.300000,6.900000,6.300000,5.500000,6.600000,4.500000,5.700000,https://fragilestatesindex.org/excel/ (archived in MainCode/fsi-2009.xlsx),thesis_archived_workbook
Peru,2010,92.000000,76.900000,7.400000,6.900000,6.700000,5.600000,8.000000,7.000000,6.900000,6.500000,5.500000,6.400000,4.500000,5.500000,https://fragilestatesindex.org/excel/ (archived in MainCode/fsi-2010.xlsx),thesis_archived_workbook
Peru,2011,99.000000,73.600000,7.200000,6.600000,6.800000,5.100000,8.000000,6.700000,6.600000,6.100000,5.200000,6.100000,4.100000,5.100000,https://fragilestatesindex.org/excel/ (archived in MainCode/fsi-2011.xlsx),thesis_archived_workbook
Peru,2012,99.000000,73.500000,6.900000,6.600000,7.100000,4.600000,8.000000,6.400000,7.100000,6.600000,4.900000,6.100000,4.400000,4.800000,https://fragilestatesindex.org/excel/ (archived in MainCode/fsi-2012.xlsx),thesis_archived_workbook
Peru,2013,103.000000,72.300000,7.000000,6.700000,7.000000,4.100000,7.800000,6.100000,7.100000,6.400000,5.000000,5.900000,4.700000,4.500000,https://fragilestatesindex.org/excel/ (archived in MainCode/fsi-2013.xlsx),thesis_archived_workbook
Peru,2014,97.000000,72.900000,6.700000,6.700000,7.300000,4.200000,7.500000,6.400000,7.400000,6.700000,4.800000,5.800000,5.000000,4.400000,https://fragilestatesindex.org/excel/ (archived in MainCode/fsi-2014.xlsx),thesis_archived_workbook
Peru,2015,98.000000,72.000000,7.100000,6.700000,7.500000,3.700000,7.300000,6.700000,7.100000,7.100000,4.600000,5.300000,4.800000,4.000000,https://fragilestatesindex.org/excel/ (archived in MainCode/fsi-2015.xlsx),thesis_archived_workbook
Peru,2016,98.000000,72.000000,7.300000,6.900000,7.600000,3.400000,7.600000,7.000000,7.400000,6.900000,4.500000,5.200000,4.500000,3.700000,https://fragilestatesindex.org/excel/ (archived in MainCode/fsi-2016.xlsx),thesis_archived_workbook
Peru,2017,104.000000,70.300000,7.100000,6.900000,7.400000,3.200000,7.400000,7.300000,7.200000,6.700000,4.300000,5.000000,4.300000,3.500000,https://fragilestatesindex.org/excel/ (archived in MainCode/fsi-2017.xlsx),thesis_archived_workbook
Peru,2018,100.000000,70.072982,6.800000,6.900000,7.700000,3.500000,7.100000,7.072982,6.900000,6.400000,4.000000,6.500000,4.000000,3.200000,https://fragilestatesindex.org/excel/ (archived in MainCode/fsi-2018.xlsx),thesis_archived_workbook
Peru,2019,99.000000,68.200000,6.500000,6.900000,8.000000,3.600000,6.800000,6.800000,6.600000,6.100000,3.700000,6.200000,4.100000,2.900000,https://fragilestatesindex.org/excel/ (archived in MainCode/fsi-2019.xlsx),thesis_archived_workbook
Peru,2020,97.000000,67.628108,6.428108,7.400000,8.300000,3.300000,6.500000,6.500000,7.100000,6.400000,3.400000,5.900000,3.800000,2.600000,https://fragilestatesindex.org/excel/ (archived in MainCode/fsi-2020.xlsx),thesis_archived_workbook
Peru,2021,85.000000,71.400000,6.100000,7.400000,8.600000,4.800000,6.400000,6.200000,7.200000,7.400000,3.500000,7.400000,4.100000,2.300000,https://fragilestatesindex.org/wp-content/uploads/2021/05/fsi-2021.xlsx,publisher_workbook
Peru,2022,87.000000,69.800000,5.800000,7.400000,8.300000,4.300000,6.100000,5.900000,6.900000,7.100000,3.700000,7.900000,4.400000,2.000000,https://fragilestatesindex.org/wp-content/uploads/2022/07/fsi-2022-download.xlsx,publisher_workbook
Peru,2023,75.000000,73.100000,6.000000,8.400000,8.000000,4.600000,6.200000,5.800000,7.300000,7.200000,5.700000,7.600000,4.500000,1.800000,https://fragilestatesindex.org/wp-content/uploads/2023/06/FSI-2023-DOWNLOAD.xlsx,publisher_workbook
Philippines,2006,68.000000,79.200000,7.000000,7.200000,7.200000,5.300000,7.500000,5.700000,7.800000,6.000000,6.100000,7.000000,5.500000,6.900000,https://fragilestatesindex.org/excel/ (archived in MainCode/fsi-2006.xlsx),thesis_archived_workbook
Philippines,2007,56.000000,83.200000,7.600000,7.800000,7.200000,5.800000,7.600000,6.700000,8.200000,5.900000,6.800000,7.000000,5.700000,6.900000,https://fragilestatesindex.org/excel/ (archived in MainCode/fsi-2007.xlsx),thesis_archived_workbook
Philippines,2008,59.000000,83.400000,7.400000,7.800000,7.000000,5.900000,7.600000,7.200000,8.300000,5.900000,6.800000,6.900000,5.700000,6.900000,https://fragilestatesindex.org/excel/ (archived in MainCode/fsi-2008.xlsx),thesis_archived_workbook
Philippines,2009,53.000000,85.800000,7.700000,7.900000,7.500000,6.000000,7.600000,7.200000,8.500000,6.100000,7.000000,7.200000,6.300000,6.800000,https://fragilestatesindex.org/excel/ (archived in MainCode/fsi-2009.xlsx),thesis_archived_workbook
Philippines,2010,51.000000,87.100000,7.900000,8.000000,7.600000,5.800000,7.400000,7.000000,8.600000,6.300000,7.500000,7.700000,6.700000,6.600000,https://fragilestatesindex.org/excel/ (archived in MainCode/fsi-2010.xlsx),thesis_archived_workbook
Philippines,2011,50.000000,85.000000,8.300000,8.500000,7.200000,5.600000,7.100000,6.700000,8.300000,6.100000,7.300000,7.300000,6.500000,6.100000,https://fragilestatesindex.org/excel/ (archived in MainCode/fsi-2011.xlsx),thesis_archived_workbook
Philippines,2012,56.000000,83.200000,8.400000,8.000000,7.600000,5.300000,6.800000,6.500000,7.900000,6.300000,7.000000,7.300000,6.200000,5.800000,https://fragilestatesindex.org/excel/ (archived in MainCode/fsi-2012.xlsx),thesis_archived_workbook
Philippines,2013,59.000000,82.800000,8.700000,8.000000,7.900000,5.600000,6.500000,6.200000,7.600000,6.400000,6.700000,7.100000,6.500000,5.500000,https://fragilestatesindex.org/excel/ (archived in MainCode/fsi-2013.xlsx),thesis_archived_workbook
Philippines,2014,52.000000,85.300000,8.800000,8.000000,8.300000,5.700000,6.300000,5.900000,7.300000,6.900000,6.400000,7.800000,7.700000,6.200000,https://fragilestatesindex.org/excel/ (archived in MainCode/fsi-2014.xlsx),thesis_archived_workbook
Philippines,2015,48.000000,86.200000,9.100000,8.000000,8.300000,6.000000,6.200000,6.200000,7.500000,7.200000,5.900000,8.200000,7.400000,6.300000,https://fragilestatesindex.org/excel/ (archived in MainCode/fsi-2015.xlsx),thesis_archived_workbook
Philippines,2016,54.000000,84.700000,9.400000,8.000000,8.100000,5.700000,5.900000,6.500000,7.200000,6.900000,5.600000,7.700000,7.100000,6.600000,https://fragilestatesindex.org/excel/ (archived in MainCode/fsi-2016.xlsx),thesis_archived_workbook
Philippines,2017,54.000000,84.400000,9.700000,8.000000,7.900000,5.500000,5.700000,6.500000,7.000000,6.700000,6.600000,7.500000,6.900000,6.400000,https://fragilestatesindex.org/excel/ (archived in MainCode/fsi-2017.xlsx),thesis_archived_workbook
Philippines,2018,47.000000,85.499882,9.800000,8.000000,8.200000,5.200000,5.400000,6.299882,7.500000,6.400000,7.100000,7.500000,7.200000,6.900000,https://fragilestatesindex.org/excel/ (archived in MainCode/fsi-2018.xlsx),thesis_archived_workbook
Philippines,2019,50.000000,83.100000,9.500000,8.000000,7.900000,4.900000,5.100000,6.000000,7.200000,6.100000,7.400000,7.500000,6.900000,6.600000,https://fragilestatesindex.org/excel/ (archived in MainCode/fsi-2019.xlsx),thesis_archived_workbook
Philippines,2020,54.000000,81.000000,9.200000,8.000000,7.600000,4.600000,4.800000,5.700000,7.300000,5.800000,7.500000,7.600000,6.600000,6.300000,https://fragilestatesindex.org/excel/ (archived in MainCode/fsi-2020.xlsx),thesis_archived_workbook
Philippines,2021,49.000000,82.400000,9.300000,8.000000,7.300000,5.300000,5.200000,5.400000,7.400000,6.800000,7.800000,7.600000,6.300000,6.000000,https://fragilestatesindex.org/wp-content/uploads/2021/05/fsi-2021.xlsx,publisher_workbook
Philippines,2022,50.000000,80.500000,9.400000,8.000000,7.000000,4.900000,4.900000,5.100000,7.100000,6.500000,7.800000,8.100000,6.000000,5.700000,https://fragilestatesindex.org/wp-content/uploads/2022/07/fsi-2022-download.xlsx,publisher_workbook
Philippines,2023,61.000000,77.800000,9.100000,8.000000,6.800000,4.400000,4.700000,4.900000,6.800000,6.500000,7.500000,7.900000,5.800000,5.400000,https://fragilestatesindex.org/wp-content/uploads/2023/06/FSI-2023-DOWNLOAD.xlsx,publisher_workbook
Poland,2006,115.000000,47.900000,2.000000,3.000000,3.200000,4.300000,4.700000,6.500000,4.200000,4.300000,3.500000,5.000000,3.200000,4.000000,https://fragilestatesindex.org/excel/ (archived in MainCode/fsi-2006.xlsx),thesis_archived_workbook
Poland,2007,144.000000,47.600000,2.000000,3.000000,3.200000,4.300000,4.800000,6.500000,4.200000,4.200000,3.500000,4.900000,3.000000,4.000000,https://fragilestatesindex.org/excel/ (archived in MainCode/fsi-2007.xlsx),thesis_archived_workbook
Poland,2008,145.000000,47.600000,2.000000,3.300000,3.200000,4.300000,4.800000,6.400000,4.200000,3.800000,3.800000,4.800000,3.000000,4.000000,https://fragilestatesindex.org/excel/ (archived in MainCode/fsi-2008.xlsx),thesis_archived_workbook
Poland,2009,142.000000,49.600000,2.300000,3.700000,3.200000,4.800000,4.900000,6.100000,4.400000,3.900000,4.000000,4.900000,3.000000,4.400000,https://fragilestatesindex.org/excel/ (archived in MainCode/fsi-2009.xlsx),thesis_archived_workbook
Poland,2010,142.000000,49.000000,2.400000,3.700000,3.300000,5.000000,4.800000,5.900000,4.500000,3.700000,3.800000,4.700000,3.200000,4.000000,https://fragilestatesindex.org/excel/ (archived in MainCode/fsi-2010.xlsx),thesis_archived_workbook
Poland,2011,145.000000,46.800000,2.500000,3.600000,3.500000,4.300000,4.700000,5.600000,4.200000,3.300000,3.500000,4.300000,3.500000,3.900000,https://fragilestatesindex.org/excel/ (archived in MainCode/fsi-2011.xlsx),thesis_archived_workbook
Poland,2012,148.000000,44.300000,2.800000,3.600000,3.800000,4.000000,4.400000,5.300000,3.700000,3.100000,3.200000,3.800000,3.000000,3.600000,https://fragilestatesindex.org/excel/ (archived in MainCode/fsi-2012.xlsx),thesis_archived_workbook
Poland,2013,153.000000,40.900000,2.500000,3.600000,3.800000,3.500000,3.900000,5.000000,3.400000,2.800000,2.900000,3.500000,2.800000,3.300000,https://fragilestatesindex.org/excel/ (archived in MainCode/fsi-2013.xlsx),thesis_archived_workbook
Poland,2014,152.000000,42.100000,2.600000,3.800000,4.100000,4.000000,3.800000,4.700000,3.500000,3.100000,2.800000,3.600000,3.100000,3.000000,https://fragilestatesindex.org/excel/ (archived in MainCode/fsi-2014.xlsx),thesis_archived_workbook
Poland,2015,153.000000,39.800000,2.300000,3.800000,4.400000,4.100000,3.500000,4.400000,3.200000,2.800000,2.500000,3.300000,2.800000,2.700000,https://fragilestatesindex.org/excel/ (archived in MainCode/fsi-2015.xlsx),thesis_archived_workbook
Poland,2016,152.000000,40.700000,2.000000,3.800000,4.900000,3.800000,3.200000,4.200000,3.500000,2.500000,2.900000,3.000000,3.800000,3.100000,https://fragilestatesindex.org/excel/ (archived in MainCode/fsi-2016.xlsx),thesis_archived_workbook
Poland,2017,151.000000,40.800000,1.800000,4.200000,5.400000,3.600000,3.000000,4.500000,3.300000,2.300000,3.200000,3.000000,3.600000,2.900000,https://fragilestatesindex.org/excel/ (archived in MainCode/fsi-2017.xlsx),thesis_archived_workbook
Poland,2018,148.000000,41.461170,2.100000,4.200000,5.900000,3.900000,2.700000,4.461170,3.600000,2.000000,3.700000,2.700000,3.300000,2.900000,https://fragilestatesindex.org/excel/ (archived in MainCode/fsi-2018.xlsx),thesis_archived_workbook
Poland,2019,144.000000,42.800000,2.400000,4.200000,6.200000,3.800000,2.400000,4.700000,4.100000,2.100000,4.200000,2.400000,3.000000,3.400000,https://fragilestatesindex.org/excel/ (archived in MainCode/fsi-2019.xlsx),thesis_archived_workbook
Poland,2020,145.000000,41.028734,2.700000,4.200000,5.900000,3.500000,2.100000,4.624250,4.200000,2.004483,3.900000,2.100000,2.700000,3.100000,https://fragilestatesindex.org/excel/ (archived in MainCode/fsi-2020.xlsx),thesis_archived_workbook
Poland,2021,147.000000,43.100000,2.400000,4.200000,5.600000,3.800000,2.400000,4.600000,4.300000,3.000000,4.000000,3.600000,2.400000,2.800000,https://fragilestatesindex.org/wp-content/uploads/2021/05/fsi-2021.xlsx,publisher_workbook
Poland,2022,148.000000,42.200000,2.100000,4.200000,5.300000,3.300000,2.200000,4.600000,4.000000,3.300000,4.100000,4.100000,2.500000,2.500000,https://fragilestatesindex.org/wp-content/uploads/2022/07/fsi-2022-download.xlsx,publisher_workbook
Poland,2023,142.000000,45.200000,1.800000,4.200000,5.000000,3.600000,2.400000,4.600000,3.700000,3.000000,4.400000,3.800000,5.900000,2.800000,https://fragilestatesindex.org/wp-content/uploads/2023/06/FSI-2023-DOWNLOAD.xlsx,publisher_workbook
Portugal,2006,131.000000,32.700000,1.000000,1.400000,2.500000,3.700000,4.000000,2.000000,1.500000,3.800000,3.300000,5.000000,1.000000,3.500000,https://fragilestatesindex.org/excel/ (archived in MainCode/fsi-2006.xlsx),thesis_archived_workbook
Portugal,2007,161.000000,32.400000,1.000000,1.300000,2.500000,3.700000,3.900000,2.100000,1.500000,3.700000,3.300000,4.800000,1.100000,3.500000,https://fragilestatesindex.org/excel/ (archived in MainCode/fsi-2007.xlsx),thesis_archived_workbook
Portugal,2008,162.000000,31.800000,1.000000,1.300000,2.500000,3.800000,3.600000,2.100000,1.500000,4.000000,3.500000,4.300000,1.000000,3.200000,https://fragilestatesindex.org/excel/ (archived in MainCode/fsi-2008.xlsx),thesis_archived_workbook
Portugal,2009,163.000000,32.700000,1.100000,1.200000,2.600000,4.200000,3.900000,2.300000,1.600000,3.800000,3.700000,3.900000,1.400000,3.000000,https://fragilestatesindex.org/excel/ (archived in MainCode/fsi-2009.xlsx),thesis_archived_workbook
Portugal,2010,162.000000,33.100000,1.400000,1.200000,2.600000,4.700000,3.700000,2.200000,1.900000,3.600000,3.500000,3.700000,1.800000,2.800000,https://fragilestatesindex.org/excel/ (archived in MainCode/fsi-2010.xlsx),thesis_archived_workbook
Portugal,2011,163.000000,32.300000,1.600000,1.400000,2.500000,4.800000,3.600000,2.500000,1.600000,3.300000,3.300000,3.300000,2.000000,2.500000,https://fragilestatesindex.org/excel/ (archived in MainCode/fsi-2011.xlsx),thesis_archived_workbook
Portugal,2012,160.000000,34.200000,1.900000,1.400000,2.300000,5.300000,3.700000,2.900000,2.000000,3.800000,3.000000,3.100000,1.800000,3.000000,https://fragilestatesindex.org/excel/ (archived in MainCode/fsi-2012.xlsx),thesis_archived_workbook
Portugal,2013,161.000000,32.600000,1.600000,1.300000,2.300000,5.400000,3.400000,2.600000,2.100000,3.500000,2.700000,2.800000,1.600000,3.300000,https://fragilestatesindex.org/excel/ (archived in MainCode/fsi-2013.xlsx),thesis_archived_workbook
Portugal,2014,162.000000,33.100000,1.900000,1.800000,2.300000,5.200000,3.200000,2.500000,2.300000,3.300000,2.600000,3.100000,1.900000,3.000000,https://fragilestatesindex.org/excel/ (archived in MainCode/fsi-2014.xlsx),thesis_archived_workbook
Portugal,2015,164.000000,29.700000,1.600000,1.800000,2.600000,5.100000,2.900000,2.200000,1.800000,2.700000,2.300000,2.600000,1.600000,2.500000,https://fragilestatesindex.org/excel/ (archived in MainCode/fsi-2015.xlsx),thesis_archived_workbook
Portugal,2016,163.000000,29.200000,1.500000,2.500000,2.700000,5.000000,2.700000,1.900000,1.800000,2.400000,2.000000,2.300000,1.900000,2.500000,https://fragilestatesindex.org/excel/ (archived in MainCode/fsi-2016.xlsx),thesis_archived_workbook
Portugal,2017,164.000000,29.000000,1.300000,2.500000,2.500000,5.300000,2.500000,2.200000,1.600000,2.200000,1.800000,2.100000,2.200000,2.800000,https://fragilestatesindex.org/excel/ (archived in MainCode/fsi-2017.xlsx),thesis_archived_workbook
Portugal,2018,164.000000,27.273451,1.000000,2.500000,2.200000,4.800000,2.200000,1.900000,1.300000,2.500000,1.500000,2.600000,2.132127,2.641323,https://fragilestatesindex.org/excel/ (archived in MainCode/fsi-2018.xlsx),thesis_archived_workbook
Portugal,2019,164.000000,25.300000,1.000000,2.500000,1.900000,4.500000,1.900000,2.200000,1.000000,2.200000,1.200000,2.100000,1.800000,2.900000,https://fragilestatesindex.org/excel/ (archived in MainCode/fsi-2019.xlsx),thesis_archived_workbook
Portugal,2020,165.000000,23.514663,0.700000,2.500000,1.600000,4.000000,1.670242,2.500000,0.819792,1.900000,0.900000,1.800000,1.924629,3.200000,https://fragilestatesindex.org/excel/ (archived in MainCode/fsi-2020.xlsx),thesis_archived_workbook
Portugal,2021,164.000000,26.800000,0.500000,2.500000,1.300000,4.800000,2.000000,2.800000,0.800000,2.900000,1.100000,3.300000,1.800000,3.000000,https://fragilestatesindex.org/wp-content/uploads/2021/05/fsi-2021.xlsx,publisher_workbook
Portugal,2022,164.000000,27.500000,0.300000,2.500000,1.000000,4.400000,2.300000,3.000000,0.800000,3.200000,1.200000,4.300000,1.700000,2.800000,https://fragilestatesindex.org/wp-content/uploads/2022/07/fsi-2022-download.xlsx,publisher_workbook
Portugal,2023,164.000000,25.700000,0.300000,2.500000,0.700000,3.900000,2.400000,3.100000,0.800000,2.700000,1.400000,4.000000,1.400000,2.500000,https://fragilestatesindex.org/wp-content/uploads/2023/06/FSI-2023-DOWNLOAD.xlsx,publisher_workbook
Qatar,2007,136.000000,53.600000,2.500000,4.700000,5.600000,4.900000,4.800000,3.600000,7.000000,2.600000,4.700000,5.000000,3.600000,4.600000,https://fragilestatesindex.org/excel/ (archived in MainCode/fsi-2007.xlsx),thesis_archived_workbook
Qatar,2008,137.000000,52.700000,2.300000,4.900000,5.300000,4.600000,5.000000,3.300000,6.800000,2.600000,5.000000,4.700000,3.300000,4.900000,https://fragilestatesindex.org/excel/ (archived in MainCode/fsi-2008.xlsx),thesis_archived_workbook
Qatar,2009,138.000000,51.900000,2.500000,5.000000,5.200000,4.400000,5.300000,3.300000,6.500000,2.600000,4.500000,4.700000,3.200000,4.700000,https://fragilestatesindex.org/excel/ (archived in MainCode/fsi-2009.xlsx),thesis_archived_workbook
Qatar,2010,139.000000,51.800000,2.700000,5.000000,5.200000,4.100000,5.300000,3.400000,6.300000,2.600000,4.700000,4.500000,3.000000,5.000000,https://fragilestatesindex.org/excel/ (archived in MainCode/fsi-2010.xlsx),thesis_archived_workbook
Qatar,2011,139.000000,49.500000,3.000000,5.000000,4.900000,3.700000,5.000000,3.100000,6.000000,2.300000,5.000000,4.200000,2.700000,4.600000,https://fragilestatesindex.org/excel/ (archived in MainCode/fsi-2011.xlsx),thesis_archived_workbook
Qatar,2012,142.000000,48.000000,2.800000,5.000000,4.900000,3.200000,4.800000,2.800000,5.900000,2.300000,5.300000,4.200000,2.400000,4.300000,https://fragilestatesindex.org/excel/ (archived in MainCode/fsi-2012.xlsx),thesis_archived_workbook
Qatar,2013,143.000000,47.100000,2.500000,5.000000,4.900000,2.900000,4.800000,3.100000,5.900000,2.000000,5.600000,4.300000,2.100000,4.000000,https://fragilestatesindex.org/excel/ (archived in MainCode/fsi-2013.xlsx),thesis_archived_workbook
Qatar,2014,139.000000,48.900000,2.800000,5.000000,4.900000,2.900000,5.100000,3.400000,6.200000,2.300000,5.900000,4.600000,2.100000,3.700000,https://fragilestatesindex.org/excel/ (archived in MainCode/fsi-2014.xlsx),thesis_archived_workbook
Qatar,2015,143.000000,46.300000,2.500000,5.000000,4.600000,2.600000,5.200000,3.100000,6.000000,1.800000,6.200000,4.300000,1.800000,3.200000,https://fragilestatesindex.org/excel/ (archived in MainCode/fsi-2015.xlsx),thesis_archived_workbook
Qatar,2016,142.000000,45.100000,2.300000,5.000000,4.600000,2.300000,4.900000,2.800000,6.300000,1.500000,6.500000,4.000000,2.000000,2.900000,https://fragilestatesindex.org/excel/ (archived in MainCode/fsi-2016.xlsx),thesis_archived_workbook
Qatar,2017,146.000000,44.000000,2.600000,5.000000,4.600000,2.100000,4.700000,2.600000,6.300000,1.300000,6.300000,3.800000,2.000000,2.700000,https://fragilestatesindex.org/excel/ (archived in MainCode/fsi-2017.xlsx),thesis_archived_workbook
Qatar,2018,140.000000,48.064154,2.300000,5.000000,4.300000,1.800000,4.600000,2.379041,6.334261,1.330586,6.200000,3.500000,1.700000,8.620267,https://fragilestatesindex.org/excel/ (archived in MainCode/fsi-2018.xlsx),thesis_archived_workbook
Qatar,2019,141.000000,45.400000,2.000000,5.000000,4.000000,1.500000,4.600000,2.100000,6.400000,1.300000,6.400000,3.200000,1.400000,7.600000,https://fragilestatesindex.org/excel/ (archived in MainCode/fsi-2019.xlsx),thesis_archived_workbook
Qatar,2020,141.000000,43.739878,1.700000,5.000000,3.700000,1.200000,4.600000,1.800000,6.354600,1.385279,6.100000,2.900000,1.700000,7.300000,https://fragilestatesindex.org/excel/ (archived in MainCode/fsi-2020.xlsx),thesis_archived_workbook
Qatar,2021,144.000000,44.100000,1.400000,5.000000,3.400000,1.600000,4.700000,1.500000,6.400000,2.900000,6.100000,3.400000,1.400000,6.300000,https://fragilestatesindex.org/wp-content/uploads/2021/05/fsi-2021.xlsx,publisher_workbook
Qatar,2022,147.000000,42.300000,1.100000,5.000000,3.100000,1.500000,5.000000,1.200000,6.300000,2.600000,5.800000,3.100000,1.600000,6.000000,https://fragilestatesindex.org/wp-content/uploads/2022/07/fsi-2022-download.xlsx,publisher_workbook
Qatar,2023,149.000000,40.500000,1.000000,5.000000,2.800000,1.100000,5.300000,1.100000,6.400000,2.300000,5.500000,3.000000,1.300000,5.700000,https://fragilestatesindex.org/wp-content/uploads/2023/06/FSI-2023-DOWNLOAD.xlsx,publisher_workbook
Romania,2006,102.000000,62.600000,3.500000,4.100000,5.400000,5.900000,6.000000,5.500000,6.200000,5.300000,4.800000,6.500000,3.900000,5.500000,https://fragilestatesindex.org/excel/ (archived in MainCode/fsi-2006.xlsx),thesis_archived_workbook
Romania,2007,125.000000,60.900000,3.400000,4.500000,5.200000,5.700000,6.100000,5.200000,6.100000,5.200000,4.800000,5.500000,3.800000,5.400000,https://fragilestatesindex.org/excel/ (archived in MainCode/fsi-2007.xlsx),thesis_archived_workbook
Romania,2008,128.000000,59.900000,3.400000,4.700000,5.200000,5.200000,6.100000,5.200000,5.900000,5.200000,4.800000,5.300000,3.500000,5.400000,https://fragilestatesindex.org/excel/ (archived in MainCode/fsi-2008.xlsx),thesis_archived_workbook
Romania,2009,129.000000,61.300000,4.300000,5.100000,5.500000,5.300000,5.800000,5.100000,6.200000,5.000000,4.500000,5.600000,3.400000,5.500000,https://fragilestatesindex.org/excel/ (archived in MainCode/fsi-2009.xlsx),thesis_archived_workbook
Romania,2010,128.000000,60.200000,4.100000,5.200000,5.600000,5.600000,5.600000,4.900000,6.000000,4.800000,4.300000,5.400000,3.200000,5.500000,https://fragilestatesindex.org/excel/ (archived in MainCode/fsi-2010.xlsx),thesis_archived_workbook
Romania,2011,126.000000,59.800000,4.100000,5.200000,6.000000,5.800000,5.800000,5.000000,5.900000,4.500000,4.000000,5.100000,3.200000,5.200000,https://fragilestatesindex.org/excel/ (archived in MainCode/fsi-2011.xlsx),thesis_archived_workbook
Romania,2012,126.000000,59.500000,4.400000,5.200000,6.000000,6.000000,5.600000,5.000000,6.300000,4.400000,4.200000,4.600000,2.900000,4.900000,https://fragilestatesindex.org/excel/ (archived in MainCode/fsi-2012.xlsx),thesis_archived_workbook
Romania,2013,130.000000,57.400000,4.100000,5.200000,6.300000,5.700000,5.300000,4.700000,6.400000,4.300000,3.900000,4.300000,2.700000,4.600000,https://fragilestatesindex.org/excel/ (archived in MainCode/fsi-2013.xlsx),thesis_archived_workbook
Romania,2014,130.000000,56.900000,3.800000,5.200000,6.600000,5.700000,5.000000,4.400000,6.100000,4.600000,4.200000,4.000000,3.000000,4.300000,https://fragilestatesindex.org/excel/ (archived in MainCode/fsi-2014.xlsx),thesis_archived_workbook
Romania,2015,132.000000,54.200000,3.500000,5.200000,6.800000,5.200000,4.700000,4.500000,5.600000,4.300000,3.900000,3.700000,2.700000,4.100000,https://fragilestatesindex.org/excel/ (archived in MainCode/fsi-2015.xlsx),thesis_archived_workbook
Romania,2016,134.000000,52.900000,3.200000,5.400000,7.000000,4.900000,4.400000,4.200000,5.700000,4.000000,3.900000,3.400000,3.000000,3.800000,https://fragilestatesindex.org/excel/ (archived in MainCode/fsi-2016.xlsx),thesis_archived_workbook
Romania,2017,136.000000,50.900000,3.000000,5.400000,6.800000,4.700000,4.200000,4.500000,5.200000,3.800000,3.700000,3.200000,2.800000,3.600000,https://fragilestatesindex.org/excel/ (archived in MainCode/fsi-2017.xlsx),thesis_archived_workbook
Romania,2018,137.000000,49.361409,2.700000,5.700000,6.500000,4.620466,3.900000,4.200000,5.500000,3.710357,3.767890,2.900000,2.562695,3.300000,https://fragilestatesindex.org/excel/ (archived in MainCode/fsi-2018.xlsx),thesis_archived_workbook
Romania,2019,137.000000,47.800000,2.500000,5.700000,6.200000,4.400000,3.600000,4.500000,5.600000,3.400000,3.500000,2.600000,2.300000,3.600000,https://fragilestatesindex.org/excel/ (archived in MainCode/fsi-2019.xlsx),thesis_archived_workbook
Romania,2020,136.000000,46.654601,2.401910,5.700000,5.900000,4.100000,3.300000,4.909004,5.300000,3.269194,3.274493,2.300000,2.300000,3.900000,https://fragilestatesindex.org/excel/ (archived in MainCode/fsi-2020.xlsx),thesis_archived_workbook
Romania,2021,135.000000,51.000000,2.100000,5.700000,6.000000,4.500000,3.800000,5.400000,5.000000,4.800000,3.600000,4.300000,2.100000,3.700000,https://fragilestatesindex.org/wp-content/uploads/2021/05/fsi-2021.xlsx,publisher_workbook
Romania,2022,133.000000,50.800000,2.200000,5.700000,5.700000,4.000000,3.900000,5.300000,4.700000,5.300000,3.800000,4.800000,2.000000,3.400000,https://fragilestatesindex.org/wp-content/uploads/2022/07/fsi-2022-download.xlsx,publisher_workbook
Romania,2023,129.000000,53.000000,1.900000,5.700000,5.400000,4.000000,4.000000,5.600000,4.400000,5.000000,4.100000,4.500000,4.000000,4.400000,https://fragilestatesindex.org/wp-content/uploads/2023/06/FSI-2023-DOWNLOAD.xlsx,publisher_workbook
Russia,2006,43.000000,87.100000,7.500000,9.000000,8.000000,3.700000,8.000000,7.000000,8.200000,6.900000,9.100000,8.000000,7.200000,4.500000,https://fragilestatesindex.org/excel/ (archived in MainCode/fsi-2006.xlsx),thesis_archived_workbook
Russia,2007,62.000000,81.200000,6.800000,8.500000,7.700000,3.900000,8.200000,6.500000,7.600000,6.200000,8.500000,7.500000,5.900000,3.900000,https://fragilestatesindex.org/excel/ (archived in MainCode/fsi-2007.xlsx),thesis_archived_workbook
Russia,2008,73.000000,79.700000,7.000000,8.000000,7.500000,3.700000,7.900000,6.500000,7.900000,5.900000,8.700000,7.000000,5.400000,4.200000,https://fragilestatesindex.org/excel/ (archived in MainCode/fsi-2008.xlsx),thesis_archived_workbook
Russia,2009,71.000000,80.800000,6.900000,8.000000,7.500000,4.600000,8.100000,6.200000,8.000000,5.700000,8.300000,7.000000,5.900000,4.600000,https://fragilestatesindex.org/excel/ (archived in MainCode/fsi-2009.xlsx),thesis_archived_workbook
Russia,2010,80.000000,79.000000,6.800000,7.600000,7.100000,5.100000,7.900000,6.000000,8.100000,5.500000,8.000000,6.700000,5.400000,4.800000,https://fragilestatesindex.org/excel/ (archived in MainCode/fsi-2010.xlsx),thesis_archived_workbook
Russia,2011,82.000000,77.700000,7.200000,7.800000,7.600000,4.600000,7.600000,5.700000,7.800000,5.300000,8.100000,6.300000,5.100000,4.600000,https://fragilestatesindex.org/excel/ (archived in MainCode/fsi-2011.xlsx),thesis_archived_workbook
Russia,2012,83.000000,77.100000,8.200000,8.000000,7.900000,4.000000,7.300000,5.400000,7.900000,5.000000,8.100000,6.000000,5.000000,4.300000,https://fragilestatesindex.org/excel/ (archived in MainCode/fsi-2012.xlsx),thesis_archived_workbook
Russia,2013,80.000000,77.100000,8.500000,8.000000,8.200000,3.500000,7.000000,5.100000,8.100000,5.100000,8.600000,5.700000,5.300000,4.000000,https://fragilestatesindex.org/excel/ (archived in MainCode/fsi-2013.xlsx),thesis_archived_workbook
Russia,2014,85.000000,76.500000,8.600000,8.100000,8.500000,3.600000,6.700000,4.800000,7.600000,5.000000,8.700000,5.400000,5.200000,4.300000,https://fragilestatesindex.org/excel/ (archived in MainCode/fsi-2014.xlsx),thesis_archived_workbook
Russia,2015,65.000000,80.000000,9.100000,8.100000,9.300000,4.400000,6.400000,4.500000,7.900000,4.700000,8.900000,5.100000,5.700000,5.900000,https://fragilestatesindex.org/excel/ (archived in MainCode/fsi-2015.xlsx),thesis_archived_workbook
Russia,2016,65.000000,81.000000,9.200000,8.100000,9.000000,5.400000,6.400000,4.200000,8.200000,4.400000,9.400000,4.800000,6.000000,5.900000,https://fragilestatesindex.org/excel/ (archived in MainCode/fsi-2016.xlsx),thesis_archived_workbook
Russia,2017,67.000000,79.200000,8.900000,8.100000,8.800000,5.200000,6.200000,4.000000,8.500000,4.200000,9.200000,4.600000,5.800000,5.700000,https://fragilestatesindex.org/excel/ (archived in MainCode/fsi-2017.xlsx),thesis_archived_workbook
Russia,2018,69.000000,77.165457,8.600000,8.100000,8.500000,4.900000,5.900000,3.700000,8.465457,3.900000,9.200000,4.700000,5.500000,5.700000,https://fragilestatesindex.org/excel/ (archived in MainCode/fsi-2018.xlsx),thesis_archived_workbook
Russia,2019,73.000000,74.700000,8.300000,8.100000,8.600000,4.600000,5.600000,3.600000,8.200000,3.600000,9.100000,4.400000,5.200000,5.400000,https://fragilestatesindex.org/excel/ (archived in MainCode/fsi-2019.xlsx),thesis_archived_workbook
Russia,2020,76.000000,72.558583,8.000000,8.100000,8.300000,4.900000,5.300000,3.458583,8.300000,3.300000,8.800000,4.100000,4.900000,5.100000,https://fragilestatesindex.org/excel/ (archived in MainCode/fsi-2020.xlsx),thesis_archived_workbook
Russia,2021,74.000000,73.600000,7.700000,8.400000,8.000000,5.200000,5.200000,3.400000,8.500000,4.300000,8.900000,4.600000,4.600000,4.800000,https://fragilestatesindex.org/wp-content/uploads/2021/05/fsi-2021.xlsx,publisher_workbook
Russia,2022,75.000000,72.600000,7.800000,8.400000,8.100000,4.700000,4.700000,3.400000,8.600000,4.000000,9.000000,5.100000,4.300000,4.500000,https://fragilestatesindex.org/wp-content/uploads/2022/07/fsi-2022-download.xlsx,publisher_workbook
Russia,2023,53.000000,80.700000,8.300000,8.400000,7.800000,7.700000,5.200000,3.900000,9.100000,3.700000,9.300000,4.800000,4.800000,7.700000,https://fragilestatesindex.org/wp-content/uploads/2023/06/FSI-2023-DOWNLOAD.xlsx,publisher_workbook
Rwanda,2006,24.000000,92.900000,5.000000,8.900000,9.000000,8.000000,7.200000,8.200000,8.700000,6.900000,7.700000,9.500000,7.000000,6.800000,https://fragilestatesindex.org/excel/ (archived in MainCode/fsi-2006.xlsx),thesis_archived_workbook
Rwanda,2007,36.000000,89.200000,4.600000,8.200000,8.700000,7.500000,7.100000,7.600000,8.500000,6.900000,7.400000,9.100000,7.000000,6.600000,https://fragilestatesindex.org/excel/ (archived in MainCode/fsi-2007.xlsx),thesis_archived_workbook
Rwanda,2008,42.000000,88.000000,4.600000,7.800000,8.500000,7.300000,7.400000,7.500000,8.200000,6.800000,7.300000,9.100000,7.000000,6.500000,https://fragilestatesindex.org/excel/ (archived in MainCode/fsi-2008.xlsx),thesis_archived_workbook
Rwanda,2009,43.000000,89.000000,4.600000,8.000000,8.700000,7.500000,7.300000,7.200000,7.900000,7.300000,7.300000,9.300000,6.900000,7.000000,https://fragilestatesindex.org/excel/ (archived in MainCode/fsi-2009.xlsx),thesis_archived_workbook
Rwanda,2010,40.000000,88.700000,5.000000,8.000000,8.500000,7.000000,7.200000,7.000000,7.500000,7.400000,7.500000,9.100000,7.000000,7.500000,https://fragilestatesindex.org/excel/ (archived in MainCode/fsi-2010.xlsx),thesis_archived_workbook
Rwanda,2011,34.000000,91.000000,5.800000,8.400000,8.200000,7.000000,7.400000,6.800000,7.100000,7.800000,8.200000,8.900000,7.300000,8.000000,https://fragilestatesindex.org/excel/ (archived in MainCode/fsi-2011.xlsx),thesis_archived_workbook
Rwanda,2012,35.000000,89.300000,5.500000,7.900000,8.500000,6.800000,7.400000,7.000000,6.800000,7.500000,8.000000,8.600000,7.600000,7.700000,https://fragilestatesindex.org/excel/ (archived in MainCode/fsi-2012.xlsx),thesis_archived_workbook
Rwanda,2013,38.000000,89.300000,5.500000,8.200000,8.200000,6.700000,7.700000,6.900000,6.500000,7.600000,7.700000,8.400000,7.900000,8.000000,https://fragilestatesindex.org/excel/ (archived in MainCode/fsi-2013.xlsx),thesis_archived_workbook
Rwanda,2014,34.000000,90.500000,5.900000,8.200000,8.500000,6.700000,7.900000,7.200000,6.500000,7.500000,7.800000,8.000000,8.200000,8.100000,https://fragilestatesindex.org/excel/ (archived in MainCode/fsi-2014.xlsx),thesis_archived_workbook
Rwanda,2015,37.000000,90.200000,6.200000,8.000000,8.800000,6.300000,8.200000,7.500000,6.500000,7.300000,7.700000,8.000000,7.900000,7.800000,https://fragilestatesindex.org/excel/ (archived in MainCode/fsi-2015.xlsx),thesis_archived_workbook
Rwanda,2016,32.000000,91.300000,5.900000,8.300000,9.100000,6.200000,8.500000,7.600000,6.800000,7.600000,7.400000,8.200000,8.000000,7.700000,https://fragilestatesindex.org/excel/ (archived in MainCode/fsi-2016.xlsx),thesis_archived_workbook
Rwanda,2017,34.000000,90.800000,6.200000,8.000000,9.400000,6.000000,8.300000,7.400000,7.100000,7.400000,7.200000,8.000000,8.300000,7.500000,https://fragilestatesindex.org/excel/ (archived in MainCode/fsi-2017.xlsx),thesis_archived_workbook
Rwanda,2018,34.000000,89.287724,6.039640,8.000000,9.699947,6.300000,8.000000,7.388921,6.959217,7.100000,6.900000,7.700000,8.000000,7.200000,https://fragilestatesindex.org/excel/ (archived in MainCode/fsi-2018.xlsx),thesis_archived_workbook
Rwanda,2019,37.000000,87.500000,6.000000,8.000000,9.800000,6.200000,7.800000,7.100000,6.800000,6.800000,6.600000,7.400000,8.100000,6.900000,https://fragilestatesindex.org/excel/ (archived in MainCode/fsi-2019.xlsx),thesis_archived_workbook
Rwanda,2020,35.000000,86.029522,6.055204,8.000000,9.899952,5.908513,7.789592,6.800000,6.861576,6.500000,6.300000,7.514686,7.800000,6.600000,https://fragilestatesindex.org/excel/ (archived in MainCode/fsi-2020.xlsx),thesis_archived_workbook
Rwanda,2021,39.000000,85.000000,5.800000,8.000000,9.600000,5.800000,7.700000,6.500000,6.800000,7.500000,6.000000,7.500000,7.500000,6.300000,https://fragilestatesindex.org/wp-content/uploads/2021/05/fsi-2021.xlsx,publisher_workbook
Rwanda,2022,41.000000,83.700000,5.500000,8.000000,9.300000,6.100000,7.700000,6.400000,6.700000,7.000000,6.100000,7.300000,7.600000,6.000000,https://fragilestatesindex.org/wp-content/uploads/2022/07/fsi-2022-download.xlsx,publisher_workbook
Rwanda,2023,44.000000,82.300000,5.200000,8.000000,9.000000,6.400000,7.800000,6.100000,6.700000,6.700000,6.200000,7.200000,7.300000,5.700000,https://fragilestatesindex.org/wp-content/uploads/2023/06/FSI-2023-DOWNLOAD.xlsx,publisher_workbook
Samoa,2007,96.000000,73.800000,6.700000,5.400000,5.000000,6.300000,7.200000,7.900000,6.700000,4.700000,4.900000,6.800000,3.800000,8.400000,https://fragilestatesindex.org/excel/ (archived in MainCode/fsi-2007.xlsx),thesis_archived_workbook
Samoa,2008,101.000000,72.400000,6.300000,5.400000,5.000000,6.100000,6.900000,8.200000,6.700000,4.800000,4.600000,6.800000,3.200000,8.400000,https://fragilestatesindex.org/excel/ (archived in MainCode/fsi-2008.xlsx),thesis_archived_workbook
Samoa,2009,108.000000,71.400000,6.000000,5.500000,5.200000,5.800000,6.800000,8.200000,6.600000,5.000000,4.700000,6.500000,3.000000,8.100000,https://fragilestatesindex.org/excel/ (archived in MainCode/fsi-2009.xlsx),thesis_archived_workbook
Samoa,2010,107.000000,71.100000,5.800000,5.300000,5.100000,6.200000,6.600000,8.000000,6.400000,5.100000,4.500000,6.900000,3.100000,8.100000,https://fragilestatesindex.org/excel/ (archived in MainCode/fsi-2010.xlsx),thesis_archived_workbook
Samoa,2011,109.000000,69.500000,5.500000,5.100000,4.800000,5.900000,6.600000,8.300000,6.200000,4.700000,4.200000,7.000000,2.700000,8.600000,https://fragilestatesindex.org/excel/ (archived in MainCode/fsi-2011.xlsx),thesis_archived_workbook
Samoa,2012,110.000000,68.500000,5.500000,5.100000,4.800000,5.400000,6.300000,8.600000,6.000000,4.800000,4.400000,6.700000,2.600000,8.300000,https://fragilestatesindex.org/excel/ (archived in MainCode/fsi-2012.xlsx),thesis_archived_workbook
Samoa,2013,111.000000,68.700000,5.500000,5.100000,4.800000,5.900000,6.000000,8.800000,6.000000,4.800000,4.500000,6.800000,2.500000,8.000000,https://fragilestatesindex.org/excel/ (archived in MainCode/fsi-2013.xlsx),thesis_archived_workbook
Samoa,2014,110.000000,69.300000,5.500000,5.100000,4.800000,6.200000,5.700000,8.900000,6.000000,5.100000,4.800000,6.500000,2.400000,8.300000,https://fragilestatesindex.org/excel/ (archived in MainCode/fsi-2014.xlsx),thesis_archived_workbook
Samoa,2015,111.000000,68.200000,5.200000,5.100000,4.500000,6.500000,5.400000,8.900000,6.200000,5.000000,4.500000,6.200000,2.100000,8.600000,https://fragilestatesindex.org/excel/ (archived in MainCode/fsi-2015.xlsx),thesis_archived_workbook
Samoa,2016,110.000000,67.600000,4.900000,5.100000,4.500000,6.500000,5.100000,9.200000,5.700000,5.100000,4.300000,5.900000,2.400000,8.900000,https://fragilestatesindex.org/excel/ (archived in MainCode/fsi-2016.xlsx),thesis_archived_workbook
Samoa,2017,111.000000,67.100000,4.700000,5.100000,4.500000,6.300000,4.900000,9.500000,5.500000,4.900000,4.100000,5.700000,2.700000,9.200000,https://fragilestatesindex.org/excel/ (archived in MainCode/fsi-2017.xlsx),thesis_archived_workbook
Samoa,2018,111.000000,65.530870,4.400000,5.100000,4.200000,6.564841,4.600000,9.372202,5.200000,4.600000,4.021385,5.400000,2.572442,9.500000,https://fragilestatesindex.org/excel/ (archived in MainCode/fsi-2018.xlsx),thesis_archived_workbook
Samoa,2019,112.000000,64.200000,4.100000,5.100000,4.200000,6.200000,4.300000,9.500000,4.900000,4.300000,3.900000,5.100000,2.900000,9.700000,https://fragilestatesindex.org/excel/ (archived in MainCode/fsi-2019.xlsx),thesis_archived_workbook
Samoa,2020,112.000000,63.296649,4.100000,5.100000,4.200000,6.038756,4.000000,9.750000,4.600000,4.241956,3.615940,5.200000,2.600000,9.849997,https://fragilestatesindex.org/excel/ (archived in MainCode/fsi-2020.xlsx),thesis_archived_workbook
Samoa,2021,110.000000,64.200000,3.800000,5.100000,4.500000,6.500000,3.700000,9.900000,4.300000,4.800000,3.600000,5.200000,2.900000,9.900000,https://fragilestatesindex.org/wp-content/uploads/2021/05/fsi-2021.xlsx,publisher_workbook
Samoa,2022,104.000000,64.800000,3.900000,5.100000,4.800000,7.000000,3.600000,10.000000,4.400000,4.900000,3.500000,4.900000,3.200000,9.500000,https://fragilestatesindex.org/wp-content/uploads/2022/07/fsi-2022-download.xlsx,publisher_workbook
Samoa,2023,103.000000,65.100000,3.600000,5.100000,5.100000,6.900000,3.700000,10.000000,4.100000,4.900000,3.800000,4.700000,3.500000,9.700000,https://fragilestatesindex.org/wp-content/uploads/2023/06/FSI-2023-DOWNLOAD.xlsx,publisher_workbook
Sao Tome and Principe,2007,76.000000,78.600000,5.800000,5.900000,5.100000,8.500000,6.100000,7.400000,7.300000,8.100000,5.300000,7.900000,4.800000,6.400000,https://fragilestatesindex.org/excel/ (archived in MainCode/fsi-2007.xlsx),thesis_archived_workbook
Sao Tome and Principe,2008,78.000000,78.300000,5.800000,6.200000,5.100000,8.300000,6.100000,7.400000,7.400000,7.900000,5.300000,7.900000,4.500000,6.400000,https://fragilestatesindex.org/excel/ (archived in MainCode/fsi-2008.xlsx),thesis_archived_workbook
Sao Tome and Principe,2009,95.000000,76.700000,5.600000,6.300000,5.000000,7.900000,6.100000,7.300000,7.300000,7.500000,5.300000,8.000000,4.000000,6.400000,https://fragilestatesindex.org/excel/ (archived in MainCode/fsi-2009.xlsx),thesis_archived_workbook
Sao Tome and Principe,2010,97.000000,75.800000,6.000000,6.700000,5.100000,7.300000,5.900000,7.000000,7.300000,7.300000,5.100000,7.500000,4.100000,6.500000,https://fragilestatesindex.org/excel/ (archived in MainCode/fsi-2010.xlsx),thesis_archived_workbook
Sao Tome and Principe,2011,96.000000,74.500000,5.800000,6.300000,4.800000,6.900000,6.200000,7.300000,6.900000,7.000000,4.900000,7.100000,4.300000,6.900000,https://fragilestatesindex.org/excel/ (archived in MainCode/fsi-2011.xlsx),thesis_archived_workbook
Sao Tome and Principe,2012,97.000000,73.900000,5.800000,6.300000,4.800000,7.400000,6.100000,7.600000,6.700000,6.700000,4.600000,6.800000,4.000000,7.000000,https://fragilestatesindex.org/excel/ (archived in MainCode/fsi-2012.xlsx),thesis_archived_workbook
Sao Tome and Principe,2013,91.000000,74.600000,5.800000,6.300000,4.800000,7.900000,6.300000,7.900000,6.600000,6.400000,4.300000,6.600000,4.300000,7.300000,https://fragilestatesindex.org/excel/ (archived in MainCode/fsi-2013.xlsx),thesis_archived_workbook
Sao Tome and Principe,2014,87.000000,75.800000,5.800000,6.300000,4.800000,8.100000,6.600000,8.200000,6.600000,6.200000,4.100000,6.900000,4.600000,7.600000,https://fragilestatesindex.org/excel/ (archived in MainCode/fsi-2014.xlsx),thesis_archived_workbook
Sao Tome and Principe,2015,93.000000,73.700000,5.500000,6.300000,4.500000,8.400000,6.500000,7.900000,6.100000,5.800000,3.800000,6.700000,4.300000,7.900000,https://fragilestatesindex.org/excel/ (archived in MainCode/fsi-2015.xlsx),thesis_archived_workbook
Sao Tome and Principe,2016,94.000000,72.900000,5.200000,6.300000,4.500000,8.700000,6.200000,8.200000,5.800000,6.100000,3.500000,6.400000,4.400000,7.600000,https://fragilestatesindex.org/excel/ (archived in MainCode/fsi-2016.xlsx),thesis_archived_workbook
Sao Tome and Principe,2017,97.000000,72.100000,5.000000,6.300000,4.500000,8.500000,6.000000,8.500000,5.600000,5.900000,3.300000,6.200000,4.400000,7.900000,https://fragilestatesindex.org/excel/ (archived in MainCode/fsi-2017.xlsx),thesis_archived_workbook
Sao Tome and Principe,2018,92.000000,72.130782,5.000000,6.300000,4.200000,8.490279,6.300000,8.787186,5.300000,5.600000,3.000000,6.253317,4.700000,8.200000,https://fragilestatesindex.org/excel/ (archived in MainCode/fsi-2018.xlsx),thesis_archived_workbook
Sao Tome and Principe,2019,88.000000,71.100000,5.000000,6.300000,4.200000,8.200000,6.000000,8.500000,5.000000,5.300000,2.900000,6.400000,4.800000,8.500000,https://fragilestatesindex.org/excel/ (archived in MainCode/fsi-2019.xlsx),thesis_archived_workbook
Sao Tome and Principe,2020,83.000000,70.281900,5.000000,6.300000,4.200000,7.900000,5.703500,8.200000,4.700000,5.600000,2.956628,6.393654,5.100000,8.228119,https://fragilestatesindex.org/excel/ (archived in MainCode/fsi-2020.xlsx),thesis_archived_workbook
Sao Tome and Principe,2021,83.000000,71.500000,4.700000,6.300000,4.200000,8.900000,6.200000,7.900000,4.400000,6.400000,3.000000,6.700000,4.900000,7.900000,https://fragilestatesindex.org/wp-content/uploads/2021/05/fsi-2021.xlsx,publisher_workbook
Sao Tome and Principe,2022,83.000000,70.400000,4.400000,6.300000,4.200000,8.600000,6.500000,7.600000,4.100000,6.500000,2.700000,7.000000,4.900000,7.600000,https://fragilestatesindex.org/wp-content/uploads/2022/07/fsi-2022-download.xlsx,publisher_workbook
Sao Tome and Principe,2023,86.000000,69.700000,4.100000,6.300000,4.200000,8.900000,6.700000,7.300000,3.800000,6.600000,2.400000,6.900000,5.200000,7.300000,https://fragilestatesindex.org/wp-content/uploads/2023/06/FSI-2023-DOWNLOAD.xlsx,publisher_workbook
Saudi Arabia,2006,73.000000,77.200000,7.800000,7.500000,7.900000,2.000000,7.000000,3.500000,8.500000,4.100000,8.500000,6.000000,6.900000,7.500000,https://fragilestatesindex.org/excel/ (archived in MainCode/fsi-2006.xlsx),thesis_archived_workbook
Saudi Arabia,2007,82.000000,76.500000,7.300000,7.600000,7.700000,2.300000,6.500000,3.600000,8.800000,4.300000,8.800000,5.900000,7.200000,6.500000,https://fragilestatesindex.org/excel/ (archived in MainCode/fsi-2007.xlsx),thesis_archived_workbook
Saudi Arabia,2008,83.000000,76.900000,7.300000,7.700000,7.700000,2.300000,7.000000,3.400000,8.800000,4.300000,9.100000,6.300000,6.200000,6.800000,https://fragilestatesindex.org/excel/ (archived in MainCode/fsi-2008.xlsx),thesis_archived_workbook
Saudi Arabia,2009,89.000000,77.500000,8.000000,7.800000,8.000000,2.700000,7.000000,3.400000,8.400000,4.300000,8.900000,6.500000,6.000000,6.500000,https://fragilestatesindex.org/excel/ (archived in MainCode/fsi-2009.xlsx),thesis_archived_workbook
Saudi Arabia,2010,87.000000,77.500000,7.800000,7.800000,7.800000,3.100000,7.300000,3.500000,8.200000,4.100000,9.100000,6.300000,6.200000,6.300000,https://fragilestatesindex.org/excel/ (archived in MainCode/fsi-2010.xlsx),thesis_archived_workbook
Saudi Arabia,2011,93.000000,75.200000,7.500000,7.900000,7.500000,3.400000,7.000000,3.200000,7.900000,4.200000,8.900000,6.000000,5.800000,5.900000,https://fragilestatesindex.org/excel/ (archived in MainCode/fsi-2011.xlsx),thesis_archived_workbook
Saudi Arabia,2012,100.000000,73.400000,7.200000,7.900000,7.700000,3.400000,6.700000,2.900000,7.600000,4.300000,8.600000,5.800000,5.500000,5.900000,https://fragilestatesindex.org/excel/ (archived in MainCode/fsi-2012.xlsx),thesis_archived_workbook
Saudi Arabia,2013,102.000000,72.700000,7.200000,8.000000,7.400000,3.600000,6.400000,3.100000,7.800000,4.000000,8.900000,5.500000,5.200000,5.600000,https://fragilestatesindex.org/excel/ (archived in MainCode/fsi-2013.xlsx),thesis_archived_workbook
Saudi Arabia,2014,96.000000,73.100000,6.900000,8.000000,7.700000,3.900000,6.100000,3.400000,8.100000,4.000000,8.800000,6.000000,4.900000,5.300000,https://fragilestatesindex.org/excel/ (archived in MainCode/fsi-2014.xlsx),thesis_archived_workbook
Saudi Arabia,2015,101.000000,71.600000,6.400000,8.000000,7.400000,4.400000,5.800000,3.700000,7.800000,3.700000,9.200000,5.800000,4.600000,4.800000,https://fragilestatesindex.org/excel/ (archived in MainCode/fsi-2015.xlsx),thesis_archived_workbook
Saudi Arabia,2016,97.000000,72.200000,6.500000,8.200000,7.500000,4.700000,5.500000,3.500000,8.100000,4.000000,8.900000,5.500000,4.900000,4.900000,https://fragilestatesindex.org/excel/ (archived in MainCode/fsi-2016.xlsx),thesis_archived_workbook
Saudi Arabia,2017,101.000000,71.200000,6.300000,8.200000,7.800000,4.500000,5.000000,3.800000,8.000000,3.800000,9.100000,5.300000,4.700000,4.700000,https://fragilestatesindex.org/excel/ (archived in MainCode/fsi-2017.xlsx),thesis_archived_workbook
Saudi Arabia,2018,99.000000,70.234987,6.000000,8.500000,8.100000,4.424191,4.700000,3.910797,8.300000,3.500000,9.000000,5.000000,4.400000,4.400000,https://fragilestatesindex.org/excel/ (archived in MainCode/fsi-2018.xlsx),thesis_archived_workbook
Saudi Arabia,2019,93.000000,70.400000,6.000000,8.500000,8.400000,4.200000,4.700000,3.900000,8.400000,3.200000,9.300000,4.700000,4.400000,4.700000,https://fragilestatesindex.org/excel/ (archived in MainCode/fsi-2019.xlsx),thesis_archived_workbook
Saudi Arabia,2020,94.000000,68.800000,6.000000,8.500000,8.700000,3.900000,4.700000,3.600000,8.100000,2.900000,8.900000,4.400000,4.100000,5.000000,https://fragilestatesindex.org/excel/ (archived in MainCode/fsi-2020.xlsx),thesis_archived_workbook
Saudi Arabia,2021,93.000000,69.700000,5.700000,8.500000,9.000000,4.300000,4.700000,3.300000,7.800000,4.400000,8.600000,4.900000,3.800000,4.700000,https://fragilestatesindex.org/wp-content/uploads/2021/05/fsi-2021.xlsx,publisher_workbook
Saudi Arabia,2022,95.000000,67.500000,5.400000,8.500000,9.300000,4.000000,4.500000,3.000000,7.800000,4.100000,8.400000,4.600000,3.500000,4.400000,https://fragilestatesindex.org/wp-content/uploads/2022/07/fsi-2022-download.xlsx,publisher_workbook
Saudi Arabia,2023,100.000000,65.300000,5.100000,8.500000,9.500000,3.600000,4.800000,2.700000,7.600000,3.800000,8.100000,4.300000,3.200000,4.100000,https://fragilestatesindex.org/wp-content/uploads/2023/06/FSI-2023-DOWNLOAD.xlsx,publisher_workbook
Senegal,2006,98.000000,66.100000,5.500000,3.500000,5.200000,5.200000,6.800000,5.000000,5.800000,6.500000,6.000000,6.800000,4.300000,5.500000,https://fragilestatesindex.org/excel/ (archived in MainCode/fsi-2006.xlsx),thesis_archived_workbook
Senegal,2007,116.000000,66.900000,5.200000,3.800000,5.200000,5.700000,6.900000,5.100000,5.700000,6.700000,5.600000,7.000000,4.500000,5.500000,https://fragilestatesindex.org/excel/ (archived in MainCode/fsi-2007.xlsx),thesis_archived_workbook
Senegal,2008,107.000000,70.900000,6.000000,4.000000,6.000000,6.000000,7.100000,5.100000,5.700000,7.000000,6.000000,7.000000,5.500000,5.500000,https://fragilestatesindex.org/excel/ (archived in MainCode/fsi-2008.xlsx),thesis_archived_workbook
Senegal,2009,102.000000,74.200000,5.900000,4.000000,6.300000,6.500000,7.500000,5.600000,6.000000,7.300000,6.000000,7.400000,6.000000,5.700000,https://fragilestatesindex.org/excel/ (archived in MainCode/fsi-2009.xlsx),thesis_archived_workbook
Senegal,2010,99.000000,74.600000,6.300000,4.200000,6.100000,6.200000,7.000000,5.800000,5.900000,7.400000,6.000000,7.600000,6.200000,5.900000,https://fragilestatesindex.org/excel/ (archived in MainCode/fsi-2010.xlsx),thesis_archived_workbook
Senegal,2011,85.000000,76.800000,6.300000,4.500000,6.300000,6.500000,7.200000,6.000000,5.900000,7.800000,6.200000,7.600000,6.400000,6.100000,https://fragilestatesindex.org/excel/ (archived in MainCode/fsi-2011.xlsx),thesis_archived_workbook
Senegal,2012,71.000000,79.300000,6.300000,6.300000,6.000000,6.900000,6.900000,6.300000,6.000000,7.500000,6.500000,7.800000,6.700000,6.000000,https://fragilestatesindex.org/excel/ (archived in MainCode/fsi-2012.xlsx),thesis_archived_workbook
Senegal,2013,64.000000,81.400000,6.200000,6.600000,6.300000,7.200000,6.800000,6.800000,5.900000,7.800000,6.200000,8.300000,7.000000,6.300000,https://fragilestatesindex.org/excel/ (archived in MainCode/fsi-2013.xlsx),thesis_archived_workbook
Senegal,2014,62.000000,82.800000,6.500000,6.600000,6.600000,7.000000,7.000000,7.100000,6.000000,7.900000,6.500000,8.100000,7.300000,6.200000,https://fragilestatesindex.org/excel/ (archived in MainCode/fsi-2014.xlsx),thesis_archived_workbook
Senegal,2015,60.000000,82.900000,6.200000,6.600000,6.300000,7.300000,7.300000,7.400000,5.500000,7.900000,6.200000,8.000000,7.800000,6.500000,https://fragilestatesindex.org/excel/ (archived in MainCode/fsi-2015.xlsx),thesis_archived_workbook
Senegal,2016,59.000000,83.600000,5.900000,6.600000,6.600000,7.600000,7.600000,7.700000,5.200000,7.600000,6.200000,8.300000,7.500000,6.800000,https://fragilestatesindex.org/excel/ (archived in MainCode/fsi-2016.xlsx),thesis_archived_workbook
Senegal,2017,60.000000,82.300000,6.200000,6.600000,6.400000,7.400000,7.400000,8.000000,4.700000,7.500000,6.000000,8.100000,7.300000,6.700000,https://fragilestatesindex.org/excel/ (archived in MainCode/fsi-2017.xlsx),thesis_archived_workbook
Senegal,2018,62.000000,79.628288,5.900000,6.900000,6.100000,7.209201,7.100000,7.963640,4.400000,7.292785,5.700000,7.662662,7.000000,6.400000,https://fragilestatesindex.org/excel/ (archived in MainCode/fsi-2018.xlsx),thesis_archived_workbook
Senegal,2019,66.000000,77.200000,5.600000,7.000000,5.800000,7.100000,7.000000,7.700000,4.100000,7.400000,5.400000,7.400000,6.700000,6.100000,https://fragilestatesindex.org/excel/ (archived in MainCode/fsi-2019.xlsx),thesis_archived_workbook
Senegal,2020,71.000000,74.564648,5.382238,7.000000,5.500000,6.906553,6.979253,7.400000,3.800000,7.196604,5.100000,7.100000,6.400000,5.800000,https://fragilestatesindex.org/excel/ (archived in MainCode/fsi-2020.xlsx),thesis_archived_workbook
Senegal,2021,76.000000,73.400000,5.100000,7.000000,5.200000,7.300000,6.700000,7.500000,3.600000,7.500000,4.800000,7.100000,6.100000,5.500000,https://fragilestatesindex.org/wp-content/uploads/2021/05/fsi-2021.xlsx,publisher_workbook
Senegal,2022,78.000000,72.100000,4.800000,7.000000,5.300000,7.200000,6.600000,7.000000,3.700000,7.600000,4.500000,7.400000,5.800000,5.200000,https://fragilestatesindex.org/wp-content/uploads/2022/07/fsi-2022-download.xlsx,publisher_workbook
Senegal,2023,80.000000,71.500000,4.500000,7.000000,5.000000,7.500000,6.300000,6.900000,3.700000,7.900000,4.600000,7.400000,5.800000,4.900000,https://fragilestatesindex.org/wp-content/uploads/2023/06/FSI-2023-DOWNLOAD.xlsx,publisher_workbook
Serbia,2006,55.000000,83.800000,6.500000,8.600000,8.600000,6.500000,8.000000,5.500000,7.800000,5.000000,5.600000,5.700000,8.500000,7.500000,https://fragilestatesindex.org/excel/ (archived in MainCode/fsi-2006.xlsx),thesis_archived_workbook
Serbia,2007,66.000000,81.100000,6.300000,8.000000,7.700000,6.500000,7.700000,5.500000,7.500000,5.000000,6.100000,6.000000,8.000000,6.800000,https://fragilestatesindex.org/excel/ (archived in MainCode/fsi-2007.xlsx),thesis_archived_workbook
Serbia,2008,70.000000,80.100000,6.300000,8.000000,7.900000,6.500000,7.500000,5.500000,7.400000,5.000000,6.100000,6.000000,7.300000,6.600000,https://fragilestatesindex.org/excel/ (archived in MainCode/fsi-2008.xlsx),thesis_archived_workbook
Serbia,2009,78.000000,79.200000,6.300000,7.900000,7.900000,5.900000,7.400000,5.500000,7.300000,5.200000,5.800000,5.800000,7.300000,6.900000,https://fragilestatesindex.org/excel/ (archived in MainCode/fsi-2009.xlsx),thesis_archived_workbook
Serbia,2010,86.000000,77.800000,6.500000,8.000000,7.800000,6.200000,6.900000,5.300000,6.800000,5.200000,5.600000,5.600000,6.900000,7.000000,https://fragilestatesindex.org/excel/ (archived in MainCode/fsi-2010.xlsx),thesis_archived_workbook
Serbia,2011,98.000000,74.400000,6.500000,8.000000,7.500000,5.700000,6.500000,5.000000,6.500000,4.900000,5.300000,5.300000,6.400000,6.800000,https://fragilestatesindex.org/excel/ (archived in MainCode/fsi-2011.xlsx),thesis_archived_workbook
Serbia,2012,89.000000,75.000000,6.400000,8.000000,7.900000,6.200000,6.200000,4.700000,6.600000,4.600000,5.800000,5.000000,6.300000,7.300000,https://fragilestatesindex.org/excel/ (archived in MainCode/fsi-2012.xlsx),thesis_archived_workbook
Serbia,2013,92.000000,74.400000,6.500000,8.000000,8.000000,6.500000,5.900000,4.700000,6.300000,4.700000,5.500000,4.700000,6.600000,7.000000,https://fragilestatesindex.org/excel/ (archived in MainCode/fsi-2013.xlsx),thesis_archived_workbook
Serbia,2014,100.000000,72.000000,6.200000,8.000000,8.000000,6.400000,5.600000,5.000000,5.800000,4.400000,5.200000,4.200000,6.500000,6.700000,https://fragilestatesindex.org/excel/ (archived in MainCode/fsi-2014.xlsx),thesis_archived_workbook
Serbia,2015,92.000000,73.800000,6.000000,8.000000,8.100000,6.700000,5.300000,5.300000,5.700000,4.700000,4.900000,5.500000,7.000000,6.600000,https://fragilestatesindex.org/excel/ (archived in MainCode/fsi-2015.xlsx),thesis_archived_workbook
Serbia,2016,98.000000,72.000000,5.700000,8.000000,7.800000,6.600000,5.000000,5.000000,5.400000,4.400000,4.600000,4.500000,8.600000,6.400000,https://fragilestatesindex.org/excel/ (archived in MainCode/fsi-2016.xlsx),thesis_archived_workbook
Serbia,2017,107.000000,70.000000,5.500000,8.000000,7.300000,6.400000,4.800000,5.300000,5.200000,4.200000,4.400000,4.300000,8.400000,6.200000,https://fragilestatesindex.org/excel/ (archived in MainCode/fsi-2017.xlsx),thesis_archived_workbook
Serbia,2018,108.000000,68.060062,5.200000,8.300000,7.300000,6.353714,4.500000,5.000000,5.200000,3.900000,4.100000,4.000000,7.900000,6.306348,https://fragilestatesindex.org/excel/ (archived in MainCode/fsi-2018.xlsx),thesis_archived_workbook
Serbia,2019,102.000000,68.000000,5.100000,8.000000,7.700000,6.200000,4.200000,5.300000,5.500000,3.600000,4.100000,3.700000,8.000000,6.600000,https://fragilestatesindex.org/excel/ (archived in MainCode/fsi-2019.xlsx),thesis_archived_workbook
Serbia,2020,100.000000,66.116261,4.800000,8.000000,7.400000,5.900000,3.972793,5.600000,5.200000,3.443469,3.800000,3.400000,7.700000,6.900000,https://fragilestatesindex.org/excel/ (archived in MainCode/fsi-2020.xlsx),thesis_archived_workbook
Serbia,2021,101.000000,67.400000,4.500000,8.300000,7.100000,6.100000,4.300000,5.900000,5.500000,3.900000,3.500000,3.900000,7.400000,7.000000,https://fragilestatesindex.org/wp-content/uploads/2021/05/fsi-2021.xlsx,publisher_workbook
Serbia,2022,94.000000,67.800000,4.200000,8.600000,6.800000,5.800000,4.200000,6.000000,5.800000,4.200000,3.600000,4.400000,7.100000,7.100000,https://fragilestatesindex.org/wp-content/uploads/2022/07/fsi-2022-download.xlsx,publisher_workbook
Serbia,2023,92.000000,67.900000,3.900000,8.600000,7.800000,6.100000,4.300000,6.000000,5.600000,3.900000,3.700000,4.100000,6.800000,7.100000,https://fragilestatesindex.org/wp-content/uploads/2023/06/FSI-2023-DOWNLOAD.xlsx,publisher_workbook
Seychelles,2007,106.000000,71.300000,6.200000,6.700000,5.500000,4.000000,6.900000,4.700000,7.900000,4.100000,6.700000,6.900000,5.000000,6.700000,https://fragilestatesindex.org/excel/ (archived in MainCode/fsi-2007.xlsx),thesis_archived_workbook
Seychelles,2008,114.000000,69.500000,6.000000,6.500000,5.400000,3.900000,6.800000,4.700000,7.600000,4.100000,6.300000,6.700000,4.800000,6.700000,https://fragilestatesindex.org/excel/ (archived in MainCode/fsi-2008.xlsx),thesis_archived_workbook
Seychelles,2009,120.000000,67.700000,5.600000,6.000000,5.000000,4.800000,6.800000,4.700000,7.100000,4.600000,5.900000,6.300000,4.400000,6.500000,https://fragilestatesindex.org/excel/ (archived in MainCode/fsi-2009.xlsx),thesis_archived_workbook
Seychelles,2010,115.000000,67.900000,5.600000,6.000000,5.000000,5.800000,6.900000,4.500000,7.000000,4.500000,5.900000,6.100000,4.300000,6.300000,https://fragilestatesindex.org/excel/ (archived in MainCode/fsi-2010.xlsx),thesis_archived_workbook
Seychelles,2011,119.000000,67.000000,6.100000,5.700000,4.800000,5.400000,6.600000,4.900000,6.800000,4.100000,5.800000,5.800000,3.900000,7.100000,https://fragilestatesindex.org/excel/ (archived in MainCode/fsi-2011.xlsx),thesis_archived_workbook
Seychelles,2012,120.000000,65.100000,6.100000,5.700000,4.800000,4.900000,6.900000,5.200000,6.300000,3.800000,5.500000,5.500000,3.600000,6.800000,https://fragilestatesindex.org/excel/ (archived in MainCode/fsi-2012.xlsx),thesis_archived_workbook
Seychelles,2013,121.000000,64.000000,6.400000,5.700000,4.800000,5.200000,6.600000,4.900000,6.300000,3.500000,5.200000,5.200000,3.300000,6.900000,https://fragilestatesindex.org/excel/ (archived in MainCode/fsi-2013.xlsx),thesis_archived_workbook
Seychelles,2014,122.000000,63.700000,6.400000,5.700000,4.800000,4.900000,6.300000,5.200000,6.000000,3.500000,4.900000,5.400000,3.400000,7.200000,https://fragilestatesindex.org/excel/ (archived in MainCode/fsi-2014.xlsx),thesis_archived_workbook
Seychelles,2015,124.000000,62.100000,6.600000,5.700000,4.500000,4.600000,6.000000,5.500000,5.700000,3.200000,4.600000,5.100000,3.100000,7.500000,https://fragilestatesindex.org/excel/ (archived in MainCode/fsi-2015.xlsx),thesis_archived_workbook
Seychelles,2016,125.000000,60.200000,6.300000,6.000000,4.500000,4.300000,5.700000,5.600000,5.700000,2.900000,4.300000,4.800000,2.900000,7.200000,https://fragilestatesindex.org/excel/ (archived in MainCode/fsi-2016.xlsx),thesis_archived_workbook
Seychelles,2017,125.000000,59.400000,6.100000,6.000000,4.500000,4.100000,5.500000,5.900000,5.500000,2.700000,3.800000,5.100000,3.200000,7.000000,https://fragilestatesindex.org/excel/ (archived in MainCode/fsi-2017.xlsx),thesis_archived_workbook
Seychelles,2018,125.000000,56.754156,6.100000,6.000000,4.200000,3.800000,5.200000,5.954156,5.200000,2.400000,3.500000,4.800000,2.900000,6.700000,https://fragilestatesindex.org/excel/ (archived in MainCode/fsi-2018.xlsx),thesis_archived_workbook
Seychelles,2019,126.000000,55.200000,5.800000,6.000000,4.200000,3.900000,5.300000,5.700000,4.900000,2.100000,3.800000,4.500000,2.600000,6.400000,https://fragilestatesindex.org/excel/ (archived in MainCode/fsi-2019.xlsx),thesis_archived_workbook
Seychelles,2020,126.000000,54.675498,5.747338,6.000000,4.200000,3.600000,5.600000,5.622563,4.600000,2.249411,3.856186,4.200000,2.300000,6.700000,https://fragilestatesindex.org/excel/ (archived in MainCode/fsi-2020.xlsx),thesis_archived_workbook
Seychelles,2021,124.000000,56.300000,5.400000,6.000000,4.100000,5.100000,6.100000,5.300000,4.300000,2.800000,4.200000,4.200000,2.100000,6.700000,https://fragilestatesindex.org/wp-content/uploads/2021/05/fsi-2021.xlsx,publisher_workbook
Seychelles,2022,127.000000,54.200000,5.100000,6.000000,4.000000,4.100000,5.600000,5.000000,4.000000,2.600000,4.300000,4.500000,2.200000,6.800000,https://fragilestatesindex.org/wp-content/uploads/2022/07/fsi-2022-download.xlsx,publisher_workbook
Seychelles,2023,128.000000,53.300000,5.200000,6.000000,3.900000,3.800000,5.300000,5.300000,3.500000,2.400000,4.600000,4.200000,2.300000,6.800000,https://fragilestatesindex.org/wp-content/uploads/2023/06/FSI-2023-DOWNLOAD.xlsx,publisher_workbook
Sierra Leone,2006,16.000000,96.600000,7.000000,7.700000,7.100000,9.000000,8.700000,8.900000,8.000000,8.000000,7.000000,8.500000,7.900000,8.800000,https://fragilestatesindex.org/excel/ (archived in MainCode/fsi-2006.xlsx),thesis_archived_workbook
Sierra Leone,2007,23.000000,93.400000,6.500000,7.700000,7.100000,8.700000,8.700000,8.700000,8.000000,8.000000,7.000000,8.600000,7.400000,7.000000,https://fragilestatesindex.org/excel/ (archived in MainCode/fsi-2007.xlsx),thesis_archived_workbook
Sierra Leone,2008,31.000000,92.300000,6.400000,7.500000,6.900000,8.700000,8.200000,8.400000,7.700000,8.200000,7.000000,8.600000,7.400000,7.300000,https://fragilestatesindex.org/excel/ (archived in MainCode/fsi-2008.xlsx),thesis_archived_workbook
Sierra Leone,2009,32.000000,92.100000,6.100000,7.700000,6.600000,8.600000,8.400000,8.500000,7.400000,8.700000,7.000000,8.900000,6.900000,7.300000,https://fragilestatesindex.org/excel/ (archived in MainCode/fsi-2009.xlsx),thesis_archived_workbook
Sierra Leone,2010,28.000000,93.600000,5.900000,7.800000,6.700000,8.600000,8.800000,8.300000,7.700000,9.100000,6.800000,9.100000,7.100000,7.700000,https://fragilestatesindex.org/excel/ (archived in MainCode/fsi-2010.xlsx),thesis_archived_workbook
Sierra Leone,2011,30.000000,92.100000,6.000000,7.900000,6.500000,8.000000,8.500000,8.000000,7.700000,8.800000,6.700000,8.900000,7.500000,7.600000,https://fragilestatesindex.org/excel/ (archived in MainCode/fsi-2011.xlsx),thesis_archived_workbook
Sierra Leone,2012,31.000000,90.400000,5.700000,7.900000,6.200000,8.300000,8.200000,7.700000,7.600000,8.700000,6.400000,8.900000,7.800000,7.100000,https://fragilestatesindex.org/excel/ (archived in MainCode/fsi-2012.xlsx),thesis_archived_workbook
Sierra Leone,2013,33.000000,91.200000,5.400000,7.900000,5.900000,8.600000,8.500000,8.000000,7.300000,9.000000,6.100000,9.000000,8.100000,7.400000,https://fragilestatesindex.org/excel/ (archived in MainCode/fsi-2013.xlsx),thesis_archived_workbook
Sierra Leone,2014,35.000000,89.900000,5.100000,7.700000,5.900000,8.300000,8.500000,8.300000,7.200000,9.100000,5.900000,8.700000,7.800000,7.400000,https://fragilestatesindex.org/excel/ (archived in MainCode/fsi-2014.xlsx),thesis_archived_workbook
Sierra Leone,2015,31.000000,91.900000,4.800000,7.700000,6.200000,8.700000,8.800000,8.400000,6.900000,9.300000,5.600000,9.500000,8.200000,7.800000,https://fragilestatesindex.org/excel/ (archived in MainCode/fsi-2015.xlsx),thesis_archived_workbook
Sierra Leone,2016,34.000000,91.000000,4.500000,7.800000,5.900000,8.800000,8.500000,8.700000,7.100000,9.000000,5.500000,9.200000,7.900000,8.100000,https://fragilestatesindex.org/excel/ (archived in MainCode/fsi-2016.xlsx),thesis_archived_workbook
Sierra Leone,2017,38.000000,89.300000,4.300000,7.800000,6.200000,8.600000,8.300000,8.500000,6.900000,8.800000,5.300000,9.000000,7.700000,7.900000,https://fragilestatesindex.org/excel/ (archived in MainCode/fsi-2017.xlsx),thesis_archived_workbook
Sierra Leone,2018,35.000000,89.086996,4.335691,7.800000,6.500000,8.367028,8.600000,8.323768,6.600000,9.100000,5.060509,9.100000,7.700000,7.600000,https://fragilestatesindex.org/excel/ (archived in MainCode/fsi-2018.xlsx),thesis_archived_workbook
Sierra Leone,2019,39.000000,86.800000,4.400000,7.800000,6.200000,8.600000,8.300000,8.000000,6.300000,8.800000,5.200000,8.500000,7.400000,7.300000,https://fragilestatesindex.org/excel/ (archived in MainCode/fsi-2019.xlsx),thesis_archived_workbook
Sierra Leone,2020,42.000000,84.355803,4.100000,7.800000,5.900000,8.300000,8.000000,7.700000,6.000000,8.500000,5.155803,8.800000,7.100000,7.000000,https://fragilestatesindex.org/excel/ (archived in MainCode/fsi-2020.xlsx),thesis_archived_workbook
Sierra Leone,2021,45.000000,83.400000,3.800000,7.800000,5.600000,8.500000,7.900000,7.400000,5.700000,8.800000,5.000000,8.800000,7.400000,6.700000,https://fragilestatesindex.org/wp-content/uploads/2021/05/fsi-2021.xlsx,publisher_workbook
Sierra Leone,2022,46.000000,82.400000,3.500000,7.800000,5.300000,8.200000,7.800000,7.300000,5.400000,8.900000,5.300000,8.800000,7.700000,6.400000,https://fragilestatesindex.org/wp-content/uploads/2022/07/fsi-2022-download.xlsx,publisher_workbook
Sierra Leone,2023,51.000000,81.400000,3.600000,7.800000,5.400000,8.500000,7.500000,7.000000,5.500000,8.600000,5.600000,8.400000,7.400000,6.100000,https://fragilestatesindex.org/wp-content/uploads/2023/06/FSI-2023-DOWNLOAD.xlsx,publisher_workbook
Singapore,2006,133.000000,30.800000,1.000000,4.000000,3.000000,3.300000,2.500000,3.000000,3.500000,1.000000,3.500000,2.000000,1.000000,3.000000,https://fragilestatesindex.org/excel/ (archived in MainCode/fsi-2006.xlsx),thesis_archived_workbook
Singapore,2007,160.000000,33.000000,1.000000,4.000000,3.000000,3.400000,2.500000,3.000000,3.600000,1.500000,4.000000,2.900000,1.100000,3.000000,https://fragilestatesindex.org/excel/ (archived in MainCode/fsi-2007.xlsx),thesis_archived_workbook
Singapore,2008,159.000000,33.300000,1.000000,4.000000,3.000000,3.100000,2.900000,2.700000,4.000000,1.500000,4.300000,2.900000,1.100000,2.800000,https://fragilestatesindex.org/excel/ (archived in MainCode/fsi-2008.xlsx),thesis_archived_workbook
Singapore,2009,160.000000,33.800000,1.000000,4.100000,3.100000,3.200000,3.000000,2.700000,4.000000,1.500000,4.300000,3.000000,1.100000,2.800000,https://fragilestatesindex.org/excel/ (archived in MainCode/fsi-2009.xlsx),thesis_archived_workbook
Singapore,2010,160.000000,34.800000,1.500000,4.100000,2.900000,3.700000,3.100000,2.500000,4.200000,1.700000,4.400000,2.800000,0.900000,3.000000,https://fragilestatesindex.org/excel/ (archived in MainCode/fsi-2010.xlsx),thesis_archived_workbook
Singapore,2011,157.000000,35.100000,1.500000,4.000000,3.000000,3.600000,3.400000,2.800000,3.900000,2.000000,4.700000,2.500000,0.900000,2.800000,https://fragilestatesindex.org/excel/ (archived in MainCode/fsi-2011.xlsx),thesis_archived_workbook
Singapore,2012,157.000000,35.600000,1.800000,4.000000,3.000000,3.300000,3.700000,3.100000,3.500000,2.200000,5.000000,2.600000,0.900000,2.500000,https://fragilestatesindex.org/excel/ (archived in MainCode/fsi-2012.xlsx),thesis_archived_workbook
Singapore,2013,158.000000,34.000000,1.500000,4.000000,2.700000,3.000000,3.700000,3.300000,3.200000,1.900000,4.900000,2.500000,1.100000,2.200000,https://fragilestatesindex.org/excel/ (archived in MainCode/fsi-2013.xlsx),thesis_archived_workbook
Singapore,2014,158.000000,35.900000,2.000000,4.000000,2.800000,2.800000,4.000000,3.600000,3.500000,2.100000,4.900000,2.800000,1.400000,2.000000,https://fragilestatesindex.org/excel/ (archived in MainCode/fsi-2014.xlsx),thesis_archived_workbook
Singapore,2015,159.000000,34.400000,1.600000,4.000000,3.100000,2.500000,4.000000,3.300000,3.800000,1.800000,4.600000,2.900000,1.100000,1.700000,https://fragilestatesindex.org/excel/ (archived in MainCode/fsi-2015.xlsx),thesis_archived_workbook
Singapore,2016,161.000000,32.900000,1.700000,4.000000,2.800000,2.200000,4.000000,3.000000,3.900000,1.500000,4.300000,2.700000,1.400000,1.400000,https://fragilestatesindex.org/excel/ (archived in MainCode/fsi-2016.xlsx),thesis_archived_workbook
Singapore,2017,161.000000,32.500000,1.600000,4.000000,2.600000,2.000000,3.800000,3.300000,3.900000,1.300000,4.600000,2.500000,1.700000,1.200000,https://fragilestatesindex.org/excel/ (archived in MainCode/fsi-2017.xlsx),thesis_archived_workbook
Singapore,2018,161.000000,30.421203,1.300000,4.000000,2.300000,1.700000,3.500000,3.000000,3.921203,1.000000,4.900000,2.200000,1.400000,1.200000,https://fragilestatesindex.org/excel/ (archived in MainCode/fsi-2018.xlsx),thesis_archived_workbook
Singapore,2019,162.000000,28.100000,1.000000,4.000000,2.000000,1.400000,3.200000,2.700000,3.900000,1.000000,4.600000,2.200000,1.100000,1.000000,https://fragilestatesindex.org/excel/ (archived in MainCode/fsi-2019.xlsx),thesis_archived_workbook
Singapore,2020,162.000000,26.326195,1.000000,4.000000,1.700000,1.100000,2.900000,2.400000,3.844749,1.000000,4.335345,2.046101,1.000000,1.000000,https://fragilestatesindex.org/excel/ (archived in MainCode/fsi-2020.xlsx),thesis_archived_workbook
Singapore,2021,165.000000,26.600000,0.700000,4.000000,2.200000,1.600000,3.000000,1.900000,3.700000,1.500000,4.500000,2.100000,0.700000,0.700000,https://fragilestatesindex.org/wp-content/uploads/2021/05/fsi-2021.xlsx,publisher_workbook
Singapore,2022,165.000000,25.800000,0.400000,4.000000,2.500000,1.100000,3.100000,1.600000,3.700000,1.200000,4.800000,2.600000,0.400000,0.400000,https://fragilestatesindex.org/wp-content/uploads/2022/07/fsi-2022-download.xlsx,publisher_workbook
Singapore,2023,165.000000,25.500000,0.400000,4.000000,2.800000,1.000000,3.400000,1.300000,3.700000,1.000000,4.500000,2.500000,0.500000,0.400000,https://fragilestatesindex.org/wp-content/uploads/2023/06/FSI-2023-DOWNLOAD.xlsx,publisher_workbook
Slovak Republic,2006,112.000000,49.900000,2.000000,4.000000,4.400000,4.500000,6.500000,5.500000,3.800000,4.300000,4.600000,4.500000,1.800000,4.000000,https://fragilestatesindex.org/excel/ (archived in MainCode/fsi-2006.xlsx),thesis_archived_workbook
Slovak Republic,2007,141.000000,49.300000,2.000000,4.200000,4.400000,4.500000,6.500000,5.500000,4.200000,4.100000,3.900000,4.300000,1.800000,3.900000,https://fragilestatesindex.org/excel/ (archived in MainCode/fsi-2007.xlsx),thesis_archived_workbook
Slovak Republic,2008,142.000000,48.800000,2.000000,4.200000,4.200000,4.200000,6.200000,5.300000,4.000000,4.100000,4.300000,4.300000,1.800000,4.200000,https://fragilestatesindex.org/excel/ (archived in MainCode/fsi-2008.xlsx),thesis_archived_workbook
Slovak Republic,2009,144.000000,48.600000,2.000000,3.900000,4.300000,4.600000,5.800000,5.400000,3.900000,4.000000,4.000000,4.300000,2.000000,4.400000,https://fragilestatesindex.org/excel/ (archived in MainCode/fsi-2009.xlsx),thesis_archived_workbook
Slovak Republic,2010,143.000000,48.800000,2.100000,3.900000,4.800000,5.000000,5.600000,5.200000,4.100000,3.800000,3.800000,4.100000,2.200000,4.200000,https://fragilestatesindex.org/excel/ (archived in MainCode/fsi-2010.xlsx),thesis_archived_workbook
Slovak Republic,2011,144.000000,47.100000,2.300000,3.700000,5.000000,4.600000,5.200000,5.100000,3.900000,3.600000,3.600000,3.800000,2.300000,3.900000,https://fragilestatesindex.org/excel/ (archived in MainCode/fsi-2011.xlsx),thesis_archived_workbook
Slovak Republic,2012,144.000000,47.400000,2.600000,3.700000,5.300000,5.100000,4.900000,4.800000,4.200000,3.800000,3.300000,3.500000,2.000000,4.200000,https://fragilestatesindex.org/excel/ (archived in MainCode/fsi-2012.xlsx),thesis_archived_workbook
Slovak Republic,2013,145.000000,45.300000,2.300000,3.700000,5.000000,5.200000,4.600000,4.500000,4.300000,3.500000,3.000000,3.200000,2.000000,3.900000,https://fragilestatesindex.org/excel/ (archived in MainCode/fsi-2013.xlsx),thesis_archived_workbook
Slovak Republic,2014,146.000000,45.300000,2.600000,3.700000,5.600000,5.400000,4.300000,4.500000,4.000000,3.200000,3.000000,3.100000,2.300000,3.600000,https://fragilestatesindex.org/excel/ (archived in MainCode/fsi-2014.xlsx),thesis_archived_workbook
Slovak Republic,2015,149.000000,42.600000,2.300000,3.700000,5.900000,5.100000,4.000000,4.200000,3.700000,2.900000,2.700000,2.800000,2.000000,3.300000,https://fragilestatesindex.org/excel/ (archived in MainCode/fsi-2015.xlsx),thesis_archived_workbook
Slovak Republic,2016,144.000000,44.900000,2.000000,4.200000,6.500000,4.800000,3.700000,3.900000,4.500000,2.600000,2.700000,2.500000,4.000000,3.500000,https://fragilestatesindex.org/excel/ (archived in MainCode/fsi-2016.xlsx),thesis_archived_workbook
Slovak Republic,2017,144.000000,44.300000,1.800000,4.700000,6.900000,4.600000,3.500000,4.200000,4.300000,2.400000,2.500000,2.300000,3.800000,3.300000,https://fragilestatesindex.org/excel/ (archived in MainCode/fsi-2017.xlsx),thesis_archived_workbook
Slovak Republic,2018,147.000000,42.474889,2.100000,5.000000,6.600000,4.323670,3.200000,3.900000,4.300000,2.100000,2.451219,2.000000,3.500000,3.000000,https://fragilestatesindex.org/excel/ (archived in MainCode/fsi-2018.xlsx),thesis_archived_workbook
Slovak Republic,2019,148.000000,40.500000,1.800000,5.000000,6.300000,4.000000,2.900000,4.000000,4.400000,2.000000,2.400000,1.700000,3.200000,2.700000,https://fragilestatesindex.org/excel/ (archived in MainCode/fsi-2019.xlsx),thesis_archived_workbook
Slovak Republic,2020,151.000000,38.221815,1.532661,5.000000,6.000000,3.700000,2.600000,4.026438,4.100000,2.136761,2.425955,1.400000,2.900000,2.400000,https://fragilestatesindex.org/excel/ (archived in MainCode/fsi-2020.xlsx),thesis_archived_workbook
Slovak Republic,2023,155.000000,37.800000,1.200000,4.700000,5.500000,4.100000,2.200000,4.000000,3.200000,2.600000,2.300000,2.600000,3.300000,2.100000,https://fragilestatesindex.org/wp-content/uploads/2023/06/FSI-2023-DOWNLOAD.xlsx,publisher_workbook
Slovakia,2021,154.000000,39.000000,1.200000,4.700000,5.700000,4.300000,2.600000,4.100000,3.800000,3.200000,2.300000,2.400000,2.600000,2.100000,https://fragilestatesindex.org/wp-content/uploads/2021/05/fsi-2021.xlsx,publisher_workbook
Slovakia,2022,156.000000,37.100000,0.900000,4.700000,5.400000,4.000000,2.300000,4.100000,3.500000,2.900000,2.300000,2.900000,2.300000,1.800000,https://fragilestatesindex.org/wp-content/uploads/2022/07/fsi-2022-download.xlsx,publisher_workbook
Slovenia,2006,126.000000,36.800000,3.000000,1.200000,3.500000,3.200000,5.500000,3.500000,3.200000,3.500000,3.700000,4.000000,1.500000,1.000000,https://fragilestatesindex.org/excel/ (archived in MainCode/fsi-2006.xlsx),thesis_archived_workbook
Slovenia,2007,154.000000,37.500000,3.000000,1.100000,3.400000,3.200000,5.400000,3.500000,3.200000,3.500000,3.500000,4.000000,1.700000,2.000000,https://fragilestatesindex.org/excel/ (archived in MainCode/fsi-2007.xlsx),thesis_archived_workbook
Slovenia,2008,156.000000,37.100000,3.000000,1.100000,3.400000,3.000000,5.200000,3.500000,3.200000,3.500000,3.500000,4.000000,1.700000,2.000000,https://fragilestatesindex.org/excel/ (archived in MainCode/fsi-2008.xlsx),thesis_archived_workbook
Slovenia,2009,156.000000,36.300000,2.700000,1.300000,3.400000,3.600000,5.200000,3.500000,3.000000,3.200000,3.200000,3.600000,1.300000,2.300000,https://fragilestatesindex.org/excel/ (archived in MainCode/fsi-2009.xlsx),thesis_archived_workbook
Slovenia,2010,156.000000,36.000000,2.800000,1.300000,3.400000,4.000000,5.000000,3.300000,2.800000,3.000000,3.000000,3.400000,1.400000,2.600000,https://fragilestatesindex.org/excel/ (archived in MainCode/fsi-2010.xlsx),thesis_archived_workbook
Slovenia,2011,156.000000,35.500000,3.000000,1.100000,3.100000,3.700000,4.700000,3.600000,3.000000,2.800000,2.800000,3.100000,1.700000,2.900000,https://fragilestatesindex.org/excel/ (archived in MainCode/fsi-2011.xlsx),thesis_archived_workbook
Slovenia,2012,161.000000,34.000000,2.800000,1.600000,3.300000,3.500000,4.400000,3.500000,2.700000,2.400000,2.800000,2.800000,1.500000,2.600000,https://fragilestatesindex.org/excel/ (archived in MainCode/fsi-2012.xlsx),thesis_archived_workbook
Slovenia,2013,163.000000,32.300000,2.500000,1.600000,3.300000,3.600000,4.500000,3.200000,2.800000,2.100000,2.500000,2.500000,1.400000,2.300000,https://fragilestatesindex.org/excel/ (archived in MainCode/fsi-2013.xlsx),thesis_archived_workbook
Slovenia,2014,163.000000,32.600000,2.400000,1.600000,3.600000,3.900000,4.200000,2.900000,2.900000,2.300000,2.300000,2.400000,1.600000,2.500000,https://fragilestatesindex.org/excel/ (archived in MainCode/fsi-2014.xlsx),thesis_archived_workbook
Slovenia,2015,162.000000,31.500000,2.100000,1.600000,3.900000,4.200000,3.900000,2.800000,2.600000,2.000000,2.000000,2.800000,1.400000,2.300000,https://fragilestatesindex.org/excel/ (archived in MainCode/fsi-2015.xlsx),thesis_archived_workbook
Slovenia,2016,160.000000,33.900000,1.800000,1.700000,4.200000,4.000000,3.600000,2.800000,2.900000,1.700000,1.700000,2.500000,4.500000,2.500000,https://fragilestatesindex.org/excel/ (archived in MainCode/fsi-2016.xlsx),thesis_archived_workbook
Slovenia,2017,162.000000,32.400000,1.600000,1.700000,4.500000,3.800000,3.400000,3.100000,2.700000,1.500000,1.500000,2.300000,4.000000,2.300000,https://fragilestatesindex.org/excel/ (archived in MainCode/fsi-2017.xlsx),thesis_archived_workbook
Slovenia,2018,162.000000,30.333502,1.300000,2.000000,4.500000,3.504515,3.100000,3.282194,2.400000,1.346792,1.200000,2.000000,3.700000,2.000000,https://fragilestatesindex.org/excel/ (archived in MainCode/fsi-2018.xlsx),thesis_archived_workbook
Slovenia,2019,163.000000,28.000000,1.000000,2.000000,4.200000,3.200000,2.800000,3.600000,2.100000,1.300000,1.000000,1.700000,3.400000,1.700000,https://fragilestatesindex.org/excel/ (archived in MainCode/fsi-2019.xlsx),thesis_archived_workbook
Slovenia,2020,163.000000,25.846480,0.710573,2.000000,3.900000,2.900000,2.500000,3.591276,1.800000,1.377541,1.167091,1.400000,3.100000,1.400000,https://fragilestatesindex.org/excel/ (archived in MainCode/fsi-2020.xlsx),thesis_archived_workbook
Slovenia,2021,163.000000,28.200000,0.500000,2.000000,3.600000,3.400000,2.400000,3.600000,1.900000,2.400000,1.100000,3.400000,2.800000,1.100000,https://fragilestatesindex.org/wp-content/uploads/2021/05/fsi-2021.xlsx,publisher_workbook
Slovenia,2022,163.000000,27.700000,0.300000,2.000000,3.300000,2.900000,2.600000,3.700000,1.700000,2.700000,1.300000,3.900000,2.500000,0.800000,https://fragilestatesindex.org/wp-content/uploads/2022/07/fsi-2022-download.xlsx,publisher_workbook
Slovenia,2023,163.000000,27.300000,0.300000,2.000000,3.000000,3.200000,2.700000,3.600000,1.400000,2.400000,1.400000,3.600000,2.600000,1.100000,https://fragilestatesindex.org/wp-content/uploads/2023/06/FSI-2023-DOWNLOAD.xlsx,publisher_workbook
Solomon Islands,2007,30.000000,92.000000,7.700000,8.800000,8.000000,8.000000,8.000000,5.100000,8.500000,8.500000,7.100000,8.500000,4.800000,9.000000,https://fragilestatesindex.org/excel/ (archived in MainCode/fsi-2007.xlsx),thesis_archived_workbook
Solomon Islands,2008,30.000000,92.400000,7.700000,8.800000,8.000000,8.000000,8.000000,5.100000,8.700000,8.500000,7.100000,8.700000,4.800000,9.000000,https://fragilestatesindex.org/excel/ (archived in MainCode/fsi-2008.xlsx),thesis_archived_workbook
Solomon Islands,2009,40.000000,89.600000,7.200000,8.000000,7.500000,8.300000,8.000000,5.000000,8.300000,8.400000,7.000000,8.000000,5.000000,8.900000,https://fragilestatesindex.org/excel/ (archived in MainCode/fsi-2009.xlsx),thesis_archived_workbook
Solomon Islands,2010,43.000000,88.600000,7.000000,8.000000,7.000000,8.000000,7.900000,5.400000,8.100000,8.200000,6.800000,8.300000,4.800000,9.100000,https://fragilestatesindex.org/excel/ (archived in MainCode/fsi-2010.xlsx),thesis_archived_workbook
Solomon Islands,2011,48.000000,85.900000,6.700000,8.000000,6.800000,7.600000,8.000000,5.100000,7.900000,8.100000,6.500000,7.900000,4.500000,8.800000,https://fragilestatesindex.org/excel/ (archived in MainCode/fsi-2011.xlsx),thesis_archived_workbook
Solomon Islands,2012,47.000000,85.600000,6.700000,8.000000,6.800000,7.900000,8.300000,5.400000,7.600000,7.800000,6.200000,7.600000,4.800000,8.500000,https://fragilestatesindex.org/excel/ (archived in MainCode/fsi-2012.xlsx),thesis_archived_workbook
Solomon Islands,2013,51.000000,85.200000,6.700000,8.000000,6.800000,7.800000,8.300000,5.700000,7.300000,8.000000,5.900000,7.700000,4.900000,8.200000,https://fragilestatesindex.org/excel/ (archived in MainCode/fsi-2013.xlsx),thesis_archived_workbook
Solomon Islands,2014,47.000000,86.400000,6.700000,8.000000,6.800000,7.500000,8.600000,6.000000,7.000000,7.900000,6.000000,8.200000,5.200000,8.500000,https://fragilestatesindex.org/excel/ (archived in MainCode/fsi-2014.xlsx),thesis_archived_workbook
Solomon Islands,2015,50.000000,85.900000,6.400000,8.200000,6.500000,7.600000,8.900000,6.300000,7.300000,7.600000,5.700000,8.500000,4.900000,8.000000,https://fragilestatesindex.org/excel/ (archived in MainCode/fsi-2015.xlsx),thesis_archived_workbook
Solomon Islands,2016,52.000000,85.300000,6.100000,8.200000,6.500000,7.300000,9.200000,6.600000,7.000000,7.900000,5.400000,8.200000,4.600000,8.300000,https://fragilestatesindex.org/excel/ (archived in MainCode/fsi-2016.xlsx),thesis_archived_workbook
Solomon Islands,2017,52.000000,84.800000,5.900000,8.200000,6.500000,7.100000,9.000000,6.900000,6.800000,7.700000,5.200000,8.500000,4.400000,8.600000,https://fragilestatesindex.org/excel/ (archived in MainCode/fsi-2017.xlsx),thesis_archived_workbook
Solomon Islands,2018,56.000000,83.104918,5.900000,8.200000,6.200000,7.400000,8.700000,7.200000,6.500000,7.504918,4.900000,8.000000,4.100000,8.500000,https://fragilestatesindex.org/excel/ (archived in MainCode/fsi-2018.xlsx),thesis_archived_workbook
Solomon Islands,2019,55.000000,81.900000,5.900000,8.200000,5.900000,7.100000,8.400000,6.900000,6.200000,7.800000,4.600000,7.700000,4.400000,8.800000,https://fragilestatesindex.org/excel/ (archived in MainCode/fsi-2019.xlsx),thesis_archived_workbook
Solomon Islands,2020,56.000000,79.745246,5.900000,8.200000,5.600000,6.800000,8.100000,6.600000,5.900000,7.745246,4.300000,7.400000,4.100000,9.100000,https://fragilestatesindex.org/excel/ (archived in MainCode/fsi-2020.xlsx),thesis_archived_workbook
Solomon Islands,2021,61.000000,79.300000,5.600000,8.200000,5.300000,7.200000,8.000000,6.300000,5.600000,7.900000,4.000000,7.400000,4.400000,9.400000,https://fragilestatesindex.org/wp-content/uploads/2021/05/fsi-2021.xlsx,publisher_workbook
Solomon Islands,2022,52.000000,80.400000,5.300000,8.700000,5.800000,6.700000,7.900000,6.200000,6.100000,8.100000,3.900000,7.400000,4.700000,9.600000,https://fragilestatesindex.org/wp-content/uploads/2022/07/fsi-2022-download.xlsx,publisher_workbook
Solomon Islands,2023,56.000000,79.600000,5.000000,8.700000,5.500000,6.400000,7.800000,5.900000,6.200000,8.000000,4.000000,7.100000,5.000000,10.000000,https://fragilestatesindex.org/wp-content/uploads/2023/06/FSI-2023-DOWNLOAD.xlsx,publisher_workbook
Somalia,2006,6.000000,105.900000,10.000000,9.800000,8.000000,8.500000,7.500000,7.000000,10.000000,10.000000,9.500000,9.000000,8.100000,8.500000,https://fragilestatesindex.org/excel/ (archived in MainCode/fsi-2006.xlsx),thesis_archived_workbook
Somalia,2007,3.000000,111.100000,10.000000,10.000000,8.500000,9.200000,7.500000,8.000000,10.000000,10.000000,9.700000,9.200000,9.000000,10.000000,https://fragilestatesindex.org/excel/ (archived in MainCode/fsi-2007.xlsx),thesis_archived_workbook
Somalia,2008,1.000000,114.200000,10.000000,10.000000,9.500000,9.400000,7.500000,8.300000,10.000000,10.000000,9.900000,9.800000,9.800000,10.000000,https://fragilestatesindex.org/excel/ (archived in MainCode/fsi-2008.xlsx),thesis_archived_workbook
Somalia,2009,1.000000,114.700000,10.000000,10.000000,9.700000,9.500000,7.700000,8.500000,10.000000,9.900000,9.900000,9.800000,9.900000,9.800000,https://fragilestatesindex.org/excel/ (archived in MainCode/fsi-2009.xlsx),thesis_archived_workbook
Somalia,2010,1.000000,114.300000,10.000000,10.000000,9.700000,9.600000,8.000000,8.300000,10.000000,9.600000,9.900000,9.600000,10.000000,9.600000,https://fragilestatesindex.org/excel/ (archived in MainCode/fsi-2010.xlsx),thesis_archived_workbook
Somalia,2011,1.000000,113.400000,10.000000,9.800000,9.500000,9.300000,8.400000,8.200000,9.800000,9.400000,9.700000,9.700000,10.000000,9.700000,https://fragilestatesindex.org/excel/ (archived in MainCode/fsi-2011.xlsx),thesis_archived_workbook
Somalia,2012,1.000000,114.900000,10.000000,9.800000,9.600000,9.700000,8.100000,8.600000,9.900000,9.800000,9.900000,9.800000,10.000000,9.800000,https://fragilestatesindex.org/excel/ (archived in MainCode/fsi-2012.xlsx),thesis_archived_workbook
Somalia,2013,1.000000,113.900000,9.700000,10.000000,9.300000,9.400000,8.400000,8.900000,9.500000,9.800000,10.000000,9.500000,10.000000,9.400000,https://fragilestatesindex.org/excel/ (archived in MainCode/fsi-2013.xlsx),thesis_archived_workbook
Somalia,2014,2.000000,112.600000,9.400000,10.000000,9.300000,9.100000,8.700000,8.900000,9.100000,9.600000,9.800000,9.500000,10.000000,9.200000,https://fragilestatesindex.org/excel/ (archived in MainCode/fsi-2014.xlsx),thesis_archived_workbook
Somalia,2015,2.000000,114.000000,9.700000,10.000000,9.500000,9.100000,9.000000,9.200000,9.300000,9.300000,10.000000,9.600000,9.800000,9.500000,https://fragilestatesindex.org/excel/ (archived in MainCode/fsi-2015.xlsx),thesis_archived_workbook
Somalia,2016,1.000000,114.000000,9.700000,10.000000,9.400000,9.000000,9.300000,9.500000,9.500000,9.000000,9.700000,9.700000,9.700000,9.500000,https://fragilestatesindex.org/excel/ (archived in MainCode/fsi-2016.xlsx),thesis_archived_workbook
Somalia,2017,2.000000,113.400000,9.400000,10.000000,8.900000,8.900000,9.300000,9.800000,9.300000,9.000000,9.500000,10.000000,10.000000,9.300000,https://fragilestatesindex.org/excel/ (archived in MainCode/fsi-2017.xlsx),thesis_archived_workbook
Somalia,2018,2.000000,113.200796,9.700000,10.000000,9.000000,8.900000,9.300000,9.500000,9.119045,9.300000,9.600000,10.000000,9.700000,9.081752,https://fragilestatesindex.org/excel/ (archived in MainCode/fsi-2018.xlsx),thesis_archived_workbook
Somalia,2019,2.000000,112.300000,9.600000,10.000000,8.900000,8.800000,9.400000,9.200000,9.000000,9.400000,9.300000,10.000000,9.400000,9.200000,https://fragilestatesindex.org/excel/ (archived in MainCode/fsi-2019.xlsx),thesis_archived_workbook
Somalia,2020,2.000000,110.888959,9.811328,10.000000,8.600000,9.100000,9.367151,8.900000,8.888107,9.100000,9.000000,9.981087,9.100000,9.041286,https://fragilestatesindex.org/excel/ (archived in MainCode/fsi-2020.xlsx),thesis_archived_workbook
Somalia,2021,2.000000,110.900000,9.300000,10.000000,8.300000,9.200000,9.500000,8.800000,9.200000,9.800000,8.700000,10.000000,9.200000,8.900000,https://fragilestatesindex.org/wp-content/uploads/2021/05/fsi-2021.xlsx,publisher_workbook
Somalia,2022,2.000000,110.500000,9.400000,10.000000,8.400000,9.100000,9.000000,8.700000,9.500000,9.900000,8.800000,10.000000,8.700000,9.000000,https://fragilestatesindex.org/wp-content/uploads/2022/07/fsi-2022-download.xlsx,publisher_workbook
Somalia,2023,1.000000,111.900000,9.500000,10.000000,8.700000,9.500000,9.100000,8.600000,9.600000,9.800000,9.000000,10.000000,9.000000,9.100000,https://fragilestatesindex.org/wp-content/uploads/2023/06/FSI-2023-DOWNLOAD.xlsx,publisher_workbook
South Africa,2006,110.000000,55.700000,3.400000,4.000000,4.500000,2.200000,8.000000,4.000000,4.100000,6.000000,4.000000,7.700000,5.800000,2.000000,https://fragilestatesindex.org/excel/ (archived in MainCode/fsi-2006.xlsx),thesis_archived_workbook
South Africa,2007,132.000000,57.400000,3.200000,3.900000,4.700000,2.800000,8.500000,4.000000,4.300000,5.700000,4.100000,8.200000,6.000000,2.000000,https://fragilestatesindex.org/excel/ (archived in MainCode/fsi-2007.xlsx),thesis_archived_workbook
South Africa,2008,125.000000,62.700000,3.900000,4.400000,4.900000,4.200000,8.500000,4.000000,5.000000,5.700000,4.200000,8.400000,7.000000,2.500000,https://fragilestatesindex.org/excel/ (archived in MainCode/fsi-2008.xlsx),thesis_archived_workbook
South Africa,2009,122.000000,67.400000,4.300000,5.900000,5.300000,4.600000,8.500000,4.300000,5.500000,5.700000,4.500000,8.400000,7.400000,3.000000,https://fragilestatesindex.org/excel/ (archived in MainCode/fsi-2009.xlsx),thesis_archived_workbook
South Africa,2010,115.000000,67.900000,4.100000,5.900000,5.600000,5.000000,8.500000,4.400000,5.800000,5.500000,4.700000,8.400000,7.000000,3.000000,https://fragilestatesindex.org/excel/ (archived in MainCode/fsi-2010.xlsx),thesis_archived_workbook
South Africa,2011,116.000000,67.600000,4.500000,5.900000,5.900000,5.300000,8.200000,4.100000,5.500000,5.500000,4.600000,8.400000,6.700000,3.000000,https://fragilestatesindex.org/excel/ (archived in MainCode/fsi-2011.xlsx),thesis_archived_workbook
South Africa,2012,115.000000,66.800000,4.800000,5.900000,5.600000,5.600000,8.200000,4.000000,5.200000,5.800000,4.500000,8.100000,6.400000,2.800000,https://fragilestatesindex.org/excel/ (archived in MainCode/fsi-2012.xlsx),thesis_archived_workbook
South Africa,2013,113.000000,67.600000,5.100000,5.600000,5.700000,5.900000,8.000000,4.300000,5.300000,6.300000,4.200000,7.800000,6.500000,2.900000,https://fragilestatesindex.org/excel/ (archived in MainCode/fsi-2013.xlsx),thesis_archived_workbook
South Africa,2014,115.000000,66.600000,4.900000,5.600000,5.800000,5.800000,7.700000,4.600000,5.000000,6.100000,4.300000,7.400000,6.200000,3.200000,https://fragilestatesindex.org/excel/ (archived in MainCode/fsi-2014.xlsx),thesis_archived_workbook
South Africa,2015,113.000000,67.000000,5.300000,5.600000,5.500000,6.300000,7.400000,4.900000,5.300000,6.400000,4.300000,7.000000,5.900000,3.100000,https://fragilestatesindex.org/excel/ (archived in MainCode/fsi-2015.xlsx),thesis_archived_workbook
South Africa,2016,108.000000,69.900000,5.800000,5.600000,6.300000,6.600000,7.700000,5.200000,5.000000,7.200000,4.400000,7.300000,5.600000,3.200000,https://fragilestatesindex.org/excel/ (archived in MainCode/fsi-2016.xlsx),thesis_archived_workbook
South Africa,2017,96.000000,72.300000,6.100000,6.100000,6.700000,7.100000,7.500000,5.500000,6.500000,7.000000,4.200000,7.200000,5.400000,3.000000,https://fragilestatesindex.org/excel/ (archived in MainCode/fsi-2017.xlsx),thesis_archived_workbook
South Africa,2018,85.000000,72.900000,6.400000,6.600000,6.400000,7.100000,7.200000,5.800000,6.800000,7.000000,4.300000,6.900000,5.100000,3.300000,https://fragilestatesindex.org/excel/ (archived in MainCode/fsi-2018.xlsx),thesis_archived_workbook
South Africa,2019,88.000000,71.100000,6.500000,6.600000,6.100000,7.300000,6.900000,5.500000,6.500000,6.700000,4.200000,6.600000,4.800000,3.400000,https://fragilestatesindex.org/excel/ (archived in MainCode/fsi-2019.xlsx),thesis_archived_workbook
South Africa,2020,85.000000,70.107243,6.720000,6.600000,6.200000,7.507130,6.800000,5.200000,6.200000,6.400000,3.900000,6.572575,4.500000,3.507538,https://fragilestatesindex.org/excel/ (archived in MainCode/fsi-2020.xlsx),thesis_archived_workbook
South Africa,2021,89.000000,70.000000,6.400000,6.300000,5.900000,8.300000,6.700000,4.900000,5.900000,6.900000,4.200000,7.100000,4.200000,3.200000,https://fragilestatesindex.org/wp-content/uploads/2021/05/fsi-2021.xlsx,publisher_workbook
South Africa,2022,79.000000,72.000000,6.900000,6.800000,5.900000,8.000000,7.000000,4.800000,6.400000,6.900000,4.500000,7.900000,3.900000,3.000000,https://fragilestatesindex.org/wp-content/uploads/2022/07/fsi-2022-download.xlsx,publisher_workbook
South Africa,2023,78.000000,72.000000,6.600000,6.800000,6.000000,8.100000,6.900000,4.500000,6.100000,7.100000,4.800000,8.000000,4.000000,3.100000,https://fragilestatesindex.org/wp-content/uploads/2023/06/FSI-2023-DOWNLOAD.xlsx,publisher_workbook
South Korea,2006,123.000000,39.900000,1.000000,3.000000,3.500000,1.000000,2.500000,5.500000,3.900000,1.500000,2.800000,4.000000,4.200000,7.000000,https://fragilestatesindex.org/excel/ (archived in MainCode/fsi-2006.xlsx),thesis_archived_workbook
South Korea,2007,151.000000,39.700000,1.000000,2.900000,3.500000,1.400000,2.400000,5.500000,3.900000,2.000000,2.700000,4.000000,3.900000,6.500000,https://fragilestatesindex.org/excel/ (archived in MainCode/fsi-2007.xlsx),thesis_archived_workbook
South Korea,2008,153.000000,40.600000,1.000000,3.300000,4.000000,1.600000,2.400000,5.300000,3.900000,2.000000,2.700000,4.000000,3.900000,6.500000,https://fragilestatesindex.org/excel/ (archived in MainCode/fsi-2008.xlsx),thesis_archived_workbook
South Korea,2009,153.000000,41.600000,1.400000,3.600000,4.100000,2.100000,2.400000,5.000000,4.100000,2.200000,2.700000,4.000000,3.500000,6.500000,https://fragilestatesindex.org/excel/ (archived in MainCode/fsi-2009.xlsx),thesis_archived_workbook
South Korea,2010,153.000000,41.300000,1.500000,3.600000,3.900000,2.800000,2.500000,4.800000,3.900000,2.300000,2.800000,3.600000,3.300000,6.300000,https://fragilestatesindex.org/excel/ (archived in MainCode/fsi-2010.xlsx),thesis_archived_workbook
South Korea,2011,155.000000,38.800000,1.700000,3.600000,3.700000,2.200000,2.300000,4.500000,3.700000,2.200000,2.600000,3.300000,3.000000,6.000000,https://fragilestatesindex.org/excel/ (archived in MainCode/fsi-2011.xlsx),thesis_archived_workbook
South Korea,2012,156.000000,37.600000,2.000000,3.600000,3.400000,2.300000,2.600000,4.200000,3.200000,2.200000,2.800000,3.000000,2.500000,5.700000,https://fragilestatesindex.org/excel/ (archived in MainCode/fsi-2012.xlsx),thesis_archived_workbook
South Korea,2013,157.000000,35.400000,2.100000,3.600000,3.100000,2.000000,2.900000,3.900000,2.900000,1.900000,2.600000,3.000000,2.000000,5.400000,https://fragilestatesindex.org/excel/ (archived in MainCode/fsi-2013.xlsx),thesis_archived_workbook
South Korea,2014,156.000000,36.400000,2.400000,3.600000,3.100000,2.300000,3.200000,3.600000,2.800000,2.100000,2.900000,2.900000,1.800000,5.700000,https://fragilestatesindex.org/excel/ (archived in MainCode/fsi-2014.xlsx),thesis_archived_workbook
South Korea,2015,156.000000,36.300000,2.100000,3.800000,3.400000,2.000000,3.500000,3.500000,3.300000,2.400000,2.600000,2.800000,1.500000,5.400000,https://fragilestatesindex.org/excel/ (archived in MainCode/fsi-2015.xlsx),thesis_archived_workbook
South Korea,2016,156.000000,36.100000,1.800000,3.800000,3.100000,2.100000,3.200000,3.600000,3.400000,2.100000,2.900000,3.300000,1.700000,5.100000,https://fragilestatesindex.org/excel/ (archived in MainCode/fsi-2016.xlsx),thesis_archived_workbook
South Korea,2017,154.000000,38.100000,2.100000,4.300000,2.900000,2.000000,3.000000,3.900000,4.400000,1.900000,2.900000,3.100000,2.000000,5.600000,https://fragilestatesindex.org/excel/ (archived in MainCode/fsi-2017.xlsx),thesis_archived_workbook
South Korea,2018,156.000000,35.733915,2.400000,3.900000,2.600000,1.969176,2.700000,3.726028,3.900000,1.600000,3.158398,2.600000,1.880312,5.300000,https://fragilestatesindex.org/excel/ (archived in MainCode/fsi-2018.xlsx),thesis_archived_workbook
South Korea,2019,159.000000,33.700000,2.100000,3.900000,2.700000,1.900000,2.400000,3.700000,3.600000,1.300000,3.200000,2.300000,1.600000,5.000000,https://fragilestatesindex.org/excel/ (archived in MainCode/fsi-2019.xlsx),thesis_archived_workbook
South Korea,2020,159.000000,32.015273,2.400000,3.900000,2.400000,1.708075,2.100000,3.595061,3.300000,1.243076,3.069061,2.000000,1.600000,4.700000,https://fragilestatesindex.org/excel/ (archived in MainCode/fsi-2020.xlsx),thesis_archived_workbook
South Korea,2021,159.000000,32.500000,2.100000,3.900000,2.300000,1.900000,2.200000,3.500000,3.000000,2.200000,3.100000,2.300000,1.600000,4.400000,https://fragilestatesindex.org/wp-content/uploads/2021/05/fsi-2021.xlsx,publisher_workbook
South Korea,2022,159.000000,32.700000,1.800000,3.900000,2.600000,1.700000,2.500000,3.400000,2.700000,2.700000,3.100000,2.800000,1.400000,4.100000,https://fragilestatesindex.org/wp-content/uploads/2022/07/fsi-2022-download.xlsx,publisher_workbook
South Korea,2023,159.000000,31.500000,1.500000,3.900000,2.800000,1.600000,2.800000,3.400000,2.400000,2.400000,3.300000,2.500000,1.100000,3.800000,https://fragilestatesindex.org/wp-content/uploads/2023/06/FSI-2023-DOWNLOAD.xlsx,publisher_workbook
South Sudan,2012,,108.400000,9.700000,10.000000,10.000000,7.300000,8.800000,6.400000,9.100000,9.500000,9.200000,8.400000,9.900000,10.000000,https://fragilestatesindex.org/excel/ (archived in MainCode/fsi-2012.xlsx),thesis_archived_workbook
South Sudan,2013,4.000000,110.600000,9.600000,9.800000,10.000000,8.600000,8.900000,6.500000,9.100000,9.800000,9.300000,8.900000,10.000000,10.000000,https://fragilestatesindex.org/excel/ (archived in MainCode/fsi-2013.xlsx),thesis_archived_workbook
South Sudan,2014,1.000000,112.900000,9.900000,10.000000,10.000000,8.800000,8.900000,6.800000,9.700000,9.900000,9.900000,9.100000,10.000000,9.900000,https://fragilestatesindex.org/excel/ (archived in MainCode/fsi-2014.xlsx),thesis_archived_workbook
South Sudan,2015,1.000000,114.500000,10.000000,10.000000,10.000000,9.000000,8.800000,6.900000,10.000000,10.000000,10.000000,9.800000,10.000000,10.000000,https://fragilestatesindex.org/excel/ (archived in MainCode/fsi-2015.xlsx),thesis_archived_workbook
South Sudan,2016,2.000000,113.800000,10.000000,9.700000,9.900000,9.300000,9.000000,6.600000,9.700000,10.000000,9.700000,9.900000,10.000000,10.000000,https://fragilestatesindex.org/excel/ (archived in MainCode/fsi-2016.xlsx),thesis_archived_workbook
South Sudan,2017,1.000000,113.900000,10.000000,9.700000,9.700000,10.000000,8.900000,6.400000,10.000000,10.000000,9.500000,9.900000,10.000000,9.800000,https://fragilestatesindex.org/excel/ (archived in MainCode/fsi-2017.xlsx),thesis_archived_workbook
South Sudan,2018,1.000000,113.357315,10.000000,9.700000,9.700000,10.000000,8.890018,6.300000,10.000000,9.942346,9.200000,10.000000,10.000000,9.624950,https://fragilestatesindex.org/excel/ (archived in MainCode/fsi-2018.xlsx),thesis_archived_workbook
South Sudan,2019,3.000000,112.200000,9.700000,9.700000,9.400000,9.800000,8.900000,6.500000,10.000000,9.800000,9.300000,9.700000,10.000000,9.400000,https://fragilestatesindex.org/excel/ (archived in MainCode/fsi-2019.xlsx),thesis_archived_workbook
South Sudan,2020,3.000000,110.752190,9.400000,9.700000,9.100000,9.500000,9.200000,6.800000,9.944415,9.500000,9.000000,9.450357,9.700000,9.457419,https://fragilestatesindex.org/excel/ (archived in MainCode/fsi-2020.xlsx),thesis_archived_workbook
South Sudan,2021,4.000000,109.400000,9.700000,9.200000,8.800000,9.200000,8.900000,6.700000,9.500000,10.000000,8.700000,9.500000,9.900000,9.300000,https://fragilestatesindex.org/wp-content/uploads/2021/05/fsi-2021.xlsx,publisher_workbook
South Sudan,2022,3.000000,108.400000,9.800000,9.200000,8.500000,8.900000,8.700000,6.600000,9.600000,9.800000,8.600000,9.600000,10.000000,9.100000,https://fragilestatesindex.org/wp-content/uploads/2022/07/fsi-2022-download.xlsx,publisher_workbook
South Sudan,2023,3.000000,108.500000,9.900000,9.200000,8.600000,8.600000,8.600000,6.500000,9.800000,9.700000,8.700000,9.700000,10.000000,9.200000,https://fragilestatesindex.org/wp-content/uploads/2023/06/FSI-2023-DOWNLOAD.xlsx,publisher_workbook
Spain,2006,125.000000,37.400000,3.200000,5.700000,5.800000,3.300000,5.000000,1.500000,1.500000,1.500000,2.900000,3.200000,1.800000,2.000000,https://fragilestatesindex.org/excel/ (archived in MainCode/fsi-2006.xlsx),thesis_archived_workbook
Spain,2007,152.000000,39.200000,4.300000,5.600000,5.700000,3.400000,5.000000,1.600000,1.400000,1.900000,2.800000,3.700000,1.800000,2.000000,https://fragilestatesindex.org/excel/ (archived in MainCode/fsi-2007.xlsx),thesis_archived_workbook
Spain,2008,150.000000,41.600000,5.200000,5.600000,6.200000,3.400000,5.000000,1.600000,1.400000,2.400000,2.800000,3.900000,2.100000,2.000000,https://fragilestatesindex.org/excel/ (archived in MainCode/fsi-2008.xlsx),thesis_archived_workbook
Spain,2009,151.000000,43.300000,5.200000,5.700000,6.200000,4.000000,5.200000,1.700000,1.300000,2.600000,2.700000,3.900000,2.600000,2.200000,https://fragilestatesindex.org/excel/ (archived in MainCode/fsi-2009.xlsx),thesis_archived_workbook
Spain,2010,151.000000,43.500000,5.300000,5.700000,6.300000,4.400000,5.000000,1.800000,1.600000,2.400000,2.500000,3.700000,2.800000,2.000000,https://fragilestatesindex.org/excel/ (archived in MainCode/fsi-2010.xlsx),thesis_archived_workbook
Spain,2011,151.000000,43.100000,4.900000,5.600000,6.000000,4.500000,4.700000,1.900000,2.100000,2.400000,2.600000,3.300000,2.900000,2.200000,https://fragilestatesindex.org/excel/ (archived in MainCode/fsi-2011.xlsx),thesis_archived_workbook
Spain,2012,153.000000,42.800000,4.400000,5.600000,5.700000,5.000000,4.400000,2.300000,2.600000,2.900000,2.500000,3.100000,2.600000,1.700000,https://fragilestatesindex.org/excel/ (archived in MainCode/fsi-2012.xlsx),thesis_archived_workbook
Spain,2013,149.000000,44.400000,4.100000,6.000000,5.800000,5.500000,4.100000,3.000000,3.300000,3.300000,2.200000,2.800000,2.300000,2.000000,https://fragilestatesindex.org/excel/ (archived in MainCode/fsi-2013.xlsx),thesis_archived_workbook
Spain,2014,150.000000,43.100000,3.600000,6.100000,6.100000,5.300000,3.800000,2.700000,3.400000,3.000000,2.200000,3.000000,2.000000,1.900000,https://fragilestatesindex.org/excel/ (archived in MainCode/fsi-2014.xlsx),thesis_archived_workbook
Spain,2015,151.000000,40.900000,3.300000,6.100000,5.800000,5.000000,4.000000,2.400000,3.300000,2.700000,1.900000,2.500000,1.700000,2.200000,https://fragilestatesindex.org/excel/ (archived in MainCode/fsi-2015.xlsx),thesis_archived_workbook
Spain,2016,153.000000,39.800000,3.000000,6.300000,5.900000,5.200000,3.700000,2.100000,3.000000,2.400000,2.000000,2.200000,2.000000,2.000000,https://fragilestatesindex.org/excel/ (archived in MainCode/fsi-2016.xlsx),thesis_archived_workbook
Spain,2017,155.000000,37.900000,2.800000,6.300000,5.700000,5.200000,3.500000,1.900000,2.800000,2.200000,1.800000,2.000000,1.900000,1.800000,https://fragilestatesindex.org/excel/ (archived in MainCode/fsi-2017.xlsx),thesis_archived_workbook
Spain,2018,149.000000,41.382981,3.100000,7.182000,5.800000,4.900000,3.200000,1.600000,6.800000,1.943696,1.500000,1.700000,1.927489,1.729796,https://fragilestatesindex.org/excel/ (archived in MainCode/fsi-2018.xlsx),thesis_archived_workbook
Spain,2019,147.000000,40.700000,3.400000,6.900000,6.100000,4.600000,2.900000,1.300000,6.900000,1.900000,1.200000,1.400000,2.000000,2.000000,https://fragilestatesindex.org/excel/ (archived in MainCode/fsi-2019.xlsx),thesis_archived_workbook
Spain,2020,146.000000,40.351633,3.700000,6.900000,6.400000,4.300000,2.600000,1.059195,7.200000,1.915029,0.912719,1.500000,1.900000,1.964690,https://fragilestatesindex.org/excel/ (archived in MainCode/fsi-2020.xlsx),thesis_archived_workbook
Spain,2021,142.000000,44.800000,3.400000,6.900000,6.700000,5.300000,2.900000,1.200000,6.900000,2.900000,1.200000,3.500000,2.200000,1.700000,https://fragilestatesindex.org/wp-content/uploads/2021/05/fsi-2021.xlsx,publisher_workbook
Spain,2022,142.000000,44.400000,3.100000,6.900000,7.000000,4.800000,3.000000,1.100000,6.600000,3.200000,1.500000,3.600000,2.200000,1.400000,https://fragilestatesindex.org/wp-content/uploads/2022/07/fsi-2022-download.xlsx,publisher_workbook
Spain,2023,144.000000,43.500000,2.800000,6.900000,7.300000,4.500000,3.500000,1.000000,6.300000,2.900000,1.800000,3.300000,1.900000,1.300000,https://fragilestatesindex.org/wp-content/uploads/2023/06/FSI-2023-DOWNLOAD.xlsx,publisher_workbook
Sri Lanka,2006,25.000000,92.400000,8.500000,8.900000,9.100000,5.700000,8.000000,6.700000,8.600000,7.000000,7.200000,8.000000,8.200000,6.500000,https://fragilestatesindex.org/excel/ (archived in MainCode/fsi-2006.xlsx),thesis_archived_workbook
Sri Lanka,2007,25.000000,93.100000,8.700000,9.200000,9.500000,6.000000,8.200000,6.900000,8.900000,6.500000,7.500000,7.000000,8.600000,6.100000,https://fragilestatesindex.org/excel/ (archived in MainCode/fsi-2007.xlsx),thesis_archived_workbook
Sri Lanka,2008,20.000000,95.600000,9.300000,9.500000,9.800000,6.000000,8.200000,6.900000,9.200000,6.600000,8.000000,7.000000,9.000000,6.100000,https://fragilestatesindex.org/excel/ (archived in MainCode/fsi-2008.xlsx),thesis_archived_workbook
Sri Lanka,2009,22.000000,96.700000,9.200000,9.200000,9.800000,6.100000,8.500000,6.900000,9.000000,6.600000,8.500000,7.500000,9.300000,6.100000,https://fragilestatesindex.org/excel/ (archived in MainCode/fsi-2009.xlsx),thesis_archived_workbook
Sri Lanka,2010,25.000000,95.700000,8.500000,9.400000,9.600000,5.900000,8.700000,6.700000,8.600000,6.400000,8.800000,7.300000,9.400000,6.400000,https://fragilestatesindex.org/excel/ (archived in MainCode/fsi-2010.xlsx),thesis_archived_workbook
Sri Lanka,2011,29.000000,93.100000,8.000000,9.500000,9.400000,5.300000,8.400000,6.900000,8.500000,6.100000,8.600000,7.000000,8.600000,6.800000,https://fragilestatesindex.org/excel/ (archived in MainCode/fsi-2011.xlsx),thesis_archived_workbook
Sri Lanka,2012,29.000000,92.200000,8.200000,9.200000,9.100000,5.600000,8.100000,7.100000,8.100000,5.800000,8.700000,7.100000,8.700000,6.500000,https://fragilestatesindex.org/excel/ (archived in MainCode/fsi-2012.xlsx),thesis_archived_workbook
Sri Lanka,2013,28.000000,92.900000,8.500000,9.300000,9.500000,5.900000,7.800000,7.300000,8.200000,5.500000,9.000000,6.800000,8.400000,6.800000,https://fragilestatesindex.org/excel/ (archived in MainCode/fsi-2013.xlsx),thesis_archived_workbook
Sri Lanka,2014,30.000000,92.600000,8.200000,9.400000,9.300000,6.200000,7.500000,7.600000,8.300000,5.300000,9.100000,6.500000,8.500000,6.700000,https://fragilestatesindex.org/excel/ (archived in MainCode/fsi-2014.xlsx),thesis_archived_workbook
Sri Lanka,2015,34.000000,90.700000,7.900000,9.100000,9.300000,5.900000,7.600000,7.800000,8.000000,5.600000,8.800000,6.000000,8.200000,6.400000,https://fragilestatesindex.org/excel/ (archived in MainCode/fsi-2015.xlsx),thesis_archived_workbook
Sri Lanka,2016,43.000000,87.700000,7.600000,8.800000,9.200000,5.600000,7.300000,7.900000,7.400000,5.300000,8.500000,5.700000,7.900000,6.500000,https://fragilestatesindex.org/excel/ (archived in MainCode/fsi-2016.xlsx),thesis_archived_workbook
Sri Lanka,2017,47.000000,86.600000,7.400000,8.800000,9.000000,5.400000,7.100000,7.700000,6.900000,5.100000,8.300000,6.200000,8.400000,6.300000,https://fragilestatesindex.org/excel/ (archived in MainCode/fsi-2017.xlsx),thesis_archived_workbook
Sri Lanka,2018,50.000000,84.896688,7.100000,8.800000,8.700000,5.487433,6.800000,7.409255,6.600000,4.800000,8.400000,6.700000,8.100000,6.000000,https://fragilestatesindex.org/excel/ (archived in MainCode/fsi-2018.xlsx),thesis_archived_workbook
Sri Lanka,2019,46.000000,84.000000,6.800000,9.100000,9.000000,5.500000,6.500000,7.100000,6.900000,4.500000,8.400000,6.000000,7.800000,6.300000,https://fragilestatesindex.org/excel/ (archived in MainCode/fsi-2019.xlsx),thesis_archived_workbook
Sri Lanka,2020,52.000000,81.800000,7.100000,9.100000,9.100000,5.200000,6.200000,7.000000,6.600000,4.200000,8.100000,5.700000,7.500000,6.000000,https://fragilestatesindex.org/excel/ (archived in MainCode/fsi-2020.xlsx),thesis_archived_workbook
Sri Lanka,2021,55.000000,80.500000,6.800000,9.100000,8.600000,5.600000,5.900000,6.700000,6.300000,4.700000,8.200000,5.700000,7.200000,5.700000,https://fragilestatesindex.org/wp-content/uploads/2021/05/fsi-2021.xlsx,publisher_workbook
Sri Lanka,2022,56.000000,79.300000,6.500000,9.100000,8.100000,5.500000,5.600000,6.600000,6.000000,5.000000,7.900000,6.700000,6.900000,5.400000,https://fragilestatesindex.org/wp-content/uploads/2022/07/fsi-2022-download.xlsx,publisher_workbook
Sri Lanka,2023,30.000000,90.300000,6.800000,9.100000,8.400000,8.300000,6.000000,7.600000,8.000000,6.000000,8.400000,7.200000,6.600000,7.900000,https://fragilestatesindex.org/wp-content/uploads/2023/06/FSI-2023-DOWNLOAD.xlsx,publisher_workbook
Sudan,2006,1.000000,112.300000,9.800000,9.100000,9.700000,7.500000,9.200000,9.100000,9.500000,9.500000,9.800000,9.600000,9.700000,9.800000,https://fragilestatesindex.org/excel/ (archived in MainCode/fsi-2006.xlsx),thesis_archived_workbook
Sudan,2007,1.000000,113.700000,9.900000,9.700000,10.000000,7.700000,9.100000,9.000000,10.000000,9.500000,10.000000,9.200000,9.800000,9.800000,https://fragilestatesindex.org/excel/ (archived in MainCode/fsi-2007.xlsx),thesis_archived_workbook
Sudan,2008,2.000000,113.000000,9.800000,9.900000,10.000000,7.300000,9.300000,8.800000,10.000000,9.500000,9.900000,9.000000,9.600000,9.900000,https://fragilestatesindex.org/excel/ (archived in MainCode/fsi-2008.xlsx),thesis_archived_workbook
Sudan,2009,3.000000,112.400000,9.700000,9.500000,9.900000,7.000000,9.600000,9.000000,9.800000,9.500000,9.800000,9.000000,9.800000,9.800000,https://fragilestatesindex.org/excel/ (archived in MainCode/fsi-2009.xlsx),thesis_archived_workbook
Sudan,2010,3.000000,111.800000,9.800000,9.900000,9.900000,6.700000,9.500000,8.700000,9.900000,9.300000,9.900000,8.800000,9.800000,9.600000,https://fragilestatesindex.org/excel/ (archived in MainCode/fsi-2010.xlsx),thesis_archived_workbook
Sudan,2011,3.000000,108.700000,9.600000,9.900000,9.900000,6.400000,9.100000,8.200000,9.400000,9.000000,9.700000,8.500000,9.600000,9.500000,https://fragilestatesindex.org/excel/ (archived in MainCode/fsi-2011.xlsx),thesis_archived_workbook
Sudan,2012,3.000000,109.400000,9.700000,9.900000,10.000000,7.300000,8.800000,8.300000,9.500000,8.500000,9.400000,8.400000,9.900000,9.500000,https://fragilestatesindex.org/excel/ (archived in MainCode/fsi-2012.xlsx),thesis_archived_workbook
Sudan,2013,3.000000,111.000000,9.800000,10.000000,10.000000,7.800000,8.500000,8.400000,9.600000,8.800000,9.300000,8.800000,10.000000,10.000000,https://fragilestatesindex.org/excel/ (archived in MainCode/fsi-2013.xlsx),thesis_archived_workbook
Sudan,2014,5.000000,110.100000,9.600000,10.000000,9.900000,8.100000,8.200000,8.700000,9.300000,9.100000,9.300000,8.600000,9.700000,9.600000,https://fragilestatesindex.org/excel/ (archived in MainCode/fsi-2014.xlsx),thesis_archived_workbook
Sudan,2015,4.000000,110.800000,9.500000,9.800000,9.700000,8.600000,7.900000,8.800000,9.600000,8.800000,9.600000,8.700000,10.000000,9.800000,https://fragilestatesindex.org/excel/ (archived in MainCode/fsi-2015.xlsx),thesis_archived_workbook
Sudan,2016,4.000000,111.500000,9.200000,10.000000,9.800000,8.700000,7.600000,9.100000,9.800000,9.100000,9.300000,9.000000,10.000000,9.900000,https://fragilestatesindex.org/excel/ (archived in MainCode/fsi-2016.xlsx),thesis_archived_workbook
Sudan,2017,5.000000,110.600000,9.000000,9.700000,10.000000,8.500000,7.400000,8.900000,9.800000,8.900000,9.600000,9.300000,9.800000,9.700000,https://fragilestatesindex.org/excel/ (archived in MainCode/fsi-2017.xlsx),thesis_archived_workbook
Sudan,2018,7.000000,108.663194,8.700000,9.700000,9.999098,8.000000,7.700000,8.600000,9.749240,8.918298,9.300000,9.296559,9.500000,9.200000,https://fragilestatesindex.org/excel/ (archived in MainCode/fsi-2018.xlsx),thesis_archived_workbook
Sudan,2019,8.000000,108.000000,8.400000,9.700000,10.000000,8.100000,7.700000,8.300000,9.800000,8.600000,9.400000,9.400000,9.600000,8.900000,https://fragilestatesindex.org/excel/ (archived in MainCode/fsi-2019.xlsx),thesis_archived_workbook
Sudan,2020,8.000000,104.765885,8.377030,9.400000,9.399115,8.075022,8.000000,8.000000,9.300000,8.314718,8.900000,9.100000,9.300000,8.600000,https://fragilestatesindex.org/excel/ (archived in MainCode/fsi-2020.xlsx),thesis_archived_workbook
Sudan,2021,8.000000,105.200000,8.100000,9.100000,9.500000,9.100000,8.300000,7.700000,8.800000,8.800000,8.600000,9.100000,9.400000,8.700000,https://fragilestatesindex.org/wp-content/uploads/2021/05/fsi-2021.xlsx,publisher_workbook
Sudan,2022,7.000000,107.100000,8.200000,9.600000,9.600000,9.200000,8.400000,7.800000,9.300000,8.900000,9.100000,9.100000,9.500000,8.400000,https://fragilestatesindex.org/wp-content/uploads/2022/07/fsi-2022-download.xlsx,publisher_workbook
Sudan,2023,7.000000,106.200000,8.300000,9.600000,9.300000,9.300000,8.500000,7.500000,9.400000,8.600000,9.200000,8.800000,9.600000,8.100000,https://fragilestatesindex.org/wp-content/uploads/2023/06/FSI-2023-DOWNLOAD.xlsx,publisher_workbook
Suriname,2007,95.000000,73.900000,6.200000,5.100000,6.100000,6.900000,8.300000,6.700000,6.400000,4.900000,5.700000,7.100000,4.200000,6.300000,https://fragilestatesindex.org/excel/ (archived in MainCode/fsi-2007.xlsx),thesis_archived_workbook
Suriname,2008,101.000000,72.400000,6.000000,5.400000,6.100000,6.200000,8.300000,6.700000,6.400000,4.900000,6.000000,6.500000,3.900000,6.000000,https://fragilestatesindex.org/excel/ (archived in MainCode/fsi-2008.xlsx),thesis_archived_workbook
Suriname,2009,103.000000,73.200000,6.200000,5.800000,6.200000,6.300000,7.900000,6.900000,6.700000,5.000000,6.000000,6.200000,3.900000,6.100000,https://fragilestatesindex.org/excel/ (archived in MainCode/fsi-2009.xlsx),thesis_archived_workbook
Suriname,2010,105.000000,72.500000,6.000000,5.800000,6.400000,6.600000,7.700000,6.700000,6.500000,5.100000,5.800000,6.000000,3.700000,6.200000,https://fragilestatesindex.org/excel/ (archived in MainCode/fsi-2010.xlsx),thesis_archived_workbook
Suriname,2011,105.000000,71.100000,5.800000,5.800000,6.100000,6.100000,7.500000,7.000000,6.100000,4.900000,5.600000,6.000000,3.500000,6.700000,https://fragilestatesindex.org/excel/ (archived in MainCode/fsi-2011.xlsx),thesis_archived_workbook
Suriname,2012,105.000000,71.200000,5.800000,5.800000,6.100000,6.600000,7.500000,7.300000,6.400000,5.000000,5.300000,5.800000,3.200000,6.400000,https://fragilestatesindex.org/excel/ (archived in MainCode/fsi-2012.xlsx),thesis_archived_workbook
Suriname,2013,106.000000,71.200000,5.800000,5.800000,6.100000,7.100000,7.000000,7.600000,6.100000,5.300000,5.400000,5.700000,3.000000,6.300000,https://fragilestatesindex.org/excel/ (archived in MainCode/fsi-2013.xlsx),thesis_archived_workbook
Suriname,2014,109.000000,70.600000,5.700000,5.800000,6.100000,7.100000,6.900000,7.400000,5.800000,5.500000,5.200000,5.600000,3.300000,6.200000,https://fragilestatesindex.org/excel/ (archived in MainCode/fsi-2014.xlsx),thesis_archived_workbook
Suriname,2015,109.000000,68.400000,5.400000,5.800000,5.800000,6.800000,6.600000,7.300000,5.500000,5.800000,4.900000,5.300000,3.000000,6.200000,https://fragilestatesindex.org/excel/ (archived in MainCode/fsi-2015.xlsx),thesis_archived_workbook
Suriname,2016,112.000000,66.700000,5.100000,5.800000,5.800000,6.800000,6.300000,7.000000,5.200000,5.800000,4.800000,5.000000,3.000000,6.100000,https://fragilestatesindex.org/excel/ (archived in MainCode/fsi-2016.xlsx),thesis_archived_workbook
Suriname,2017,113.000000,65.900000,4.900000,5.800000,5.800000,7.100000,6.100000,6.800000,5.000000,5.600000,4.600000,5.300000,3.000000,5.900000,https://fragilestatesindex.org/excel/ (archived in MainCode/fsi-2017.xlsx),thesis_archived_workbook
Suriname,2018,114.000000,64.012360,4.630399,5.800000,5.500000,7.200000,6.100000,6.500000,4.700000,5.300000,4.581960,5.400000,2.700000,5.600000,https://fragilestatesindex.org/excel/ (archived in MainCode/fsi-2018.xlsx),thesis_archived_workbook
Suriname,2019,115.000000,61.900000,4.600000,5.800000,5.800000,7.000000,5.900000,6.200000,4.400000,5.000000,4.300000,5.100000,2.500000,5.300000,https://fragilestatesindex.org/excel/ (archived in MainCode/fsi-2019.xlsx),thesis_archived_workbook
Suriname,2020,115.000000,60.122307,4.300000,5.800000,6.100000,6.700000,5.600000,5.900000,4.100000,4.700000,4.000000,4.800000,2.800000,5.322307,https://fragilestatesindex.org/excel/ (archived in MainCode/fsi-2020.xlsx),thesis_archived_workbook
Suriname,2021,115.000000,61.500000,4.000000,5.800000,6.400000,7.800000,5.300000,5.600000,3.800000,5.200000,4.200000,5.300000,3.100000,5.000000,https://fragilestatesindex.org/wp-content/uploads/2021/05/fsi-2021.xlsx,publisher_workbook
Suriname,2022,116.000000,60.800000,3.700000,5.800000,6.700000,7.700000,5.000000,5.600000,3.500000,4.900000,4.300000,5.800000,3.100000,4.700000,https://fragilestatesindex.org/wp-content/uploads/2022/07/fsi-2022-download.xlsx,publisher_workbook
Suriname,2023,116.000000,59.700000,3.400000,5.800000,7.000000,7.700000,4.700000,5.700000,4.000000,4.700000,4.000000,5.500000,2.800000,4.400000,https://fragilestatesindex.org/wp-content/uploads/2023/06/FSI-2023-DOWNLOAD.xlsx,publisher_workbook
Swaziland,2007,61.000000,81.300000,7.100000,7.100000,4.000000,7.700000,6.000000,5.300000,8.800000,8.100000,7.500000,8.700000,4.000000,7.000000,https://fragilestatesindex.org/excel/ (archived in MainCode/fsi-2007.xlsx),thesis_archived_workbook
Swaziland,2008,71.000000,80.000000,6.500000,6.900000,4.000000,7.800000,6.100000,5.500000,8.500000,7.500000,7.500000,8.800000,4.000000,6.900000,https://fragilestatesindex.org/excel/ (archived in MainCode/fsi-2008.xlsx),thesis_archived_workbook
Swaziland,2009,65.000000,82.400000,6.800000,6.900000,4.000000,8.000000,6.000000,6.000000,8.800000,7.800000,7.500000,9.200000,4.000000,7.400000,https://fragilestatesindex.org/excel/ (archived in MainCode/fsi-2009.xlsx),thesis_archived_workbook
Swaziland,2010,63.000000,82.800000,6.600000,6.900000,4.200000,8.200000,6.200000,6.200000,8.600000,7.600000,7.700000,9.100000,4.200000,7.300000,https://fragilestatesindex.org/excel/ (archived in MainCode/fsi-2010.xlsx),thesis_archived_workbook
Swaziland,2011,61.000000,82.500000,6.600000,7.000000,3.900000,7.800000,6.500000,5.900000,8.500000,7.500000,8.200000,9.200000,4.600000,6.900000,https://fragilestatesindex.org/excel/ (archived in MainCode/fsi-2011.xlsx),thesis_archived_workbook
Swaziland,2012,55.000000,83.500000,6.300000,7.000000,3.600000,8.300000,7.000000,5.800000,8.600000,7.700000,8.300000,8.900000,4.600000,7.400000,https://fragilestatesindex.org/excel/ (archived in MainCode/fsi-2012.xlsx),thesis_archived_workbook
Swaziland,2013,49.000000,85.600000,6.000000,7.000000,3.600000,8.900000,7.500000,6.300000,8.700000,7.800000,8.300000,9.000000,4.900000,7.500000,https://fragilestatesindex.org/excel/ (archived in MainCode/fsi-2013.xlsx),thesis_archived_workbook
Swaziland,2014,51.000000,85.800000,5.700000,7.000000,3.600000,8.900000,7.800000,6.600000,8.800000,7.700000,8.000000,8.700000,5.200000,7.800000,https://fragilestatesindex.org/excel/ (archived in MainCode/fsi-2014.xlsx),thesis_archived_workbook
Swaziland,2015,48.000000,86.200000,6.000000,6.800000,3.700000,9.300000,8.100000,6.900000,8.500000,7.500000,8.500000,8.500000,4.900000,7.600000,https://fragilestatesindex.org/excel/ (archived in MainCode/fsi-2015.xlsx),thesis_archived_workbook
Swaziland,2016,44.000000,87.600000,6.000000,6.800000,3.400000,9.400000,8.400000,7.200000,8.800000,7.800000,8.800000,8.900000,4.800000,7.300000,https://fragilestatesindex.org/excel/ (archived in MainCode/fsi-2016.xlsx),thesis_archived_workbook
Swaziland,2017,42.000000,88.800000,6.300000,6.800000,3.400000,9.700000,8.200000,7.200000,8.800000,8.100000,9.100000,9.400000,4.700000,7.100000,https://fragilestatesindex.org/excel/ (archived in MainCode/fsi-2017.xlsx),thesis_archived_workbook
Swaziland,2018,40.000000,87.540650,6.000000,6.800000,3.100000,9.800000,8.100000,7.279106,8.567996,7.800000,8.800000,9.100000,4.593548,7.600000,https://fragilestatesindex.org/excel/ (archived in MainCode/fsi-2018.xlsx),thesis_archived_workbook
Swaziland,2020,45.000000,83.000000,5.400000,6.800000,2.500000,9.500000,7.900000,6.700000,8.609708,7.200000,8.500000,8.600000,4.300000,7.000000,https://fragilestatesindex.org/excel/ (archived in MainCode/fsi-2020.xlsx),thesis_archived_workbook
Swaziland,2022,52.000000,80.400000,4.800000,6.800000,1.900000,9.300000,7.900000,6.300000,8.700000,7.400000,7.900000,9.000000,4.000000,6.400000,https://fragilestatesindex.org/wp-content/uploads/2022/07/fsi-2022-download.xlsx,publisher_workbook
Swaziland,2023,58.000000,79.100000,4.500000,6.800000,2.000000,9.400000,7.800000,6.000000,8.800000,7.100000,8.200000,8.700000,3.700000,6.100000,https://fragilestatesindex.org/wp-content/uploads/2023/06/FSI-2023-DOWNLOAD.xlsx,publisher_workbook
Sweden,2006,144.000000,18.200000,1.000000,1.000000,1.000000,1.200000,2.000000,2.000000,1.000000,1.000000,1.500000,3.000000,2.500000,1.000000,https://fragilestatesindex.org/excel/ (archived in MainCode/fsi-2006.xlsx),thesis_archived_workbook
Sweden,2007,174.000000,19.300000,0.900000,1.000000,1.000000,1.300000,2.000000,2.000000,1.000000,1.200000,1.400000,3.200000,2.800000,1.500000,https://fragilestatesindex.org/excel/ (archived in MainCode/fsi-2007.xlsx),thesis_archived_workbook
Sweden,2008,175.000000,19.800000,0.900000,1.000000,1.300000,1.200000,2.100000,2.000000,1.000000,1.200000,1.400000,3.200000,3.000000,1.500000,https://fragilestatesindex.org/excel/ (archived in MainCode/fsi-2008.xlsx),thesis_archived_workbook
Sweden,2009,175.000000,20.600000,1.100000,1.300000,1.300000,1.600000,2.300000,2.000000,1.000000,1.200000,1.600000,2.800000,2.600000,1.800000,https://fragilestatesindex.org/excel/ (archived in MainCode/fsi-2009.xlsx),thesis_archived_workbook
Sweden,2010,175.000000,20.900000,1.300000,1.300000,1.300000,2.200000,2.100000,1.800000,0.800000,1.300000,1.800000,2.700000,2.700000,1.600000,https://fragilestatesindex.org/excel/ (archived in MainCode/fsi-2010.xlsx),thesis_archived_workbook
Sweden,2011,175.000000,22.800000,2.300000,1.800000,1.300000,1.900000,2.200000,2.000000,0.900000,1.500000,1.600000,2.800000,2.900000,1.600000,https://fragilestatesindex.org/excel/ (archived in MainCode/fsi-2011.xlsx),thesis_archived_workbook
Sweden,2012,176.000000,21.300000,2.500000,1.800000,1.000000,1.600000,1.900000,1.800000,0.800000,1.800000,1.600000,2.600000,2.600000,1.300000,https://fragilestatesindex.org/excel/ (archived in MainCode/fsi-2012.xlsx),thesis_archived_workbook
Sweden,2013,177.000000,19.700000,2.200000,1.800000,1.000000,1.700000,1.700000,1.700000,0.500000,1.900000,1.300000,2.500000,2.400000,1.000000,https://fragilestatesindex.org/excel/ (archived in MainCode/fsi-2013.xlsx),thesis_archived_workbook
Sweden,2014,177.000000,21.400000,2.400000,1.800000,1.000000,2.000000,1.800000,1.800000,0.800000,1.800000,1.300000,2.800000,2.600000,1.300000,https://fragilestatesindex.org/excel/ (archived in MainCode/fsi-2014.xlsx),thesis_archived_workbook
Sweden,2015,177.000000,20.200000,2.100000,1.800000,1.300000,2.300000,1.800000,1.500000,1.000000,1.600000,1.000000,2.500000,2.300000,1.000000,https://fragilestatesindex.org/excel/ (archived in MainCode/fsi-2015.xlsx),thesis_archived_workbook
Sweden,2016,171.000000,22.600000,1.800000,1.800000,1.700000,2.000000,1.500000,1.200000,1.000000,1.300000,1.300000,2.200000,5.500000,1.300000,https://fragilestatesindex.org/excel/ (archived in MainCode/fsi-2016.xlsx),thesis_archived_workbook
Sweden,2017,174.000000,22.100000,2.100000,1.800000,1.500000,1.800000,1.800000,1.500000,1.000000,1.100000,1.100000,2.000000,5.300000,1.100000,https://fragilestatesindex.org/excel/ (archived in MainCode/fsi-2017.xlsx),thesis_archived_workbook
Sweden,2018,170.000000,20.818812,2.400000,1.800000,1.800000,1.600000,1.600000,1.200000,0.800000,0.900000,0.900000,1.700000,5.218812,0.900000,https://fragilestatesindex.org/excel/ (archived in MainCode/fsi-2018.xlsx),thesis_archived_workbook
Sweden,2019,170.000000,20.300000,2.700000,1.800000,1.700000,1.500000,1.500000,1.100000,0.800000,0.900000,0.900000,1.600000,4.900000,0.900000,https://fragilestatesindex.org/excel/ (archived in MainCode/fsi-2019.xlsx),thesis_archived_workbook
Sweden,2020,172.000000,18.209202,3.000000,1.800000,1.400000,1.506904,1.200000,0.840992,0.500000,0.861307,0.600000,1.300000,4.600000,0.600000,https://fragilestatesindex.org/excel/ (archived in MainCode/fsi-2020.xlsx),thesis_archived_workbook
Sweden,2021,172.000000,21.400000,2.700000,1.800000,1.700000,1.900000,1.700000,0.700000,0.500000,1.400000,0.900000,3.300000,4.300000,0.500000,https://fragilestatesindex.org/wp-content/uploads/2021/05/fsi-2021.xlsx,publisher_workbook
Sweden,2022,170.000000,20.900000,2.400000,1.800000,2.000000,1.600000,2.000000,0.600000,0.600000,1.100000,1.200000,3.300000,4.000000,0.300000,https://fragilestatesindex.org/wp-content/uploads/2022/07/fsi-2022-download.xlsx,publisher_workbook
Sweden,2023,170.000000,20.600000,2.100000,1.800000,2.300000,1.300000,2.300000,0.600000,0.500000,1.000000,1.500000,3.000000,3.700000,0.500000,https://fragilestatesindex.org/wp-content/uploads/2023/06/FSI-2023-DOWNLOAD.xlsx,publisher_workbook
Switzerland,2006,142.000000,18.700000,1.000000,1.000000,2.000000,1.200000,2.500000,2.000000,1.000000,1.000000,1.500000,3.000000,1.500000,1.000000,https://fragilestatesindex.org/excel/ (archived in MainCode/fsi-2006.xlsx),thesis_archived_workbook
Switzerland,2007,172.000000,20.200000,1.000000,1.000000,2.100000,1.500000,2.600000,2.000000,1.000000,1.400000,1.700000,3.300000,1.700000,0.900000,https://fragilestatesindex.org/excel/ (archived in MainCode/fsi-2007.xlsx),thesis_archived_workbook
Switzerland,2008,173.000000,20.300000,1.000000,1.000000,2.600000,1.500000,2.600000,2.000000,1.000000,1.400000,1.700000,2.900000,1.700000,0.900000,https://fragilestatesindex.org/excel/ (archived in MainCode/fsi-2008.xlsx),thesis_archived_workbook
Switzerland,2009,174.000000,21.200000,1.000000,1.000000,2.900000,2.100000,2.600000,2.000000,1.200000,1.600000,1.700000,2.600000,1.300000,1.200000,https://fragilestatesindex.org/excel/ (archived in MainCode/fsi-2009.xlsx),thesis_archived_workbook
Switzerland,2010,174.000000,21.800000,1.200000,1.000000,3.300000,2.400000,2.600000,1.800000,1.000000,1.400000,2.200000,2.400000,1.500000,1.000000,https://fragilestatesindex.org/excel/ (archived in MainCode/fsi-2010.xlsx),thesis_archived_workbook
Switzerland,2011,174.000000,23.200000,1.400000,1.000000,3.500000,2.400000,2.800000,2.100000,1.000000,1.600000,2.000000,2.100000,1.900000,1.400000,https://fragilestatesindex.org/excel/ (archived in MainCode/fsi-2011.xlsx),thesis_archived_workbook
Switzerland,2012,174.000000,23.300000,1.700000,1.000000,3.200000,2.200000,2.600000,2.200000,0.900000,1.700000,2.000000,2.400000,1.800000,1.700000,https://fragilestatesindex.org/excel/ (archived in MainCode/fsi-2012.xlsx),thesis_archived_workbook
Switzerland,2013,175.000000,21.500000,1.400000,1.000000,3.500000,2.300000,2.300000,2.100000,0.800000,1.400000,1.700000,2.100000,1.500000,1.400000,https://fragilestatesindex.org/excel/ (archived in MainCode/fsi-2013.xlsx),thesis_archived_workbook
Switzerland,2014,174.000000,23.300000,1.700000,1.000000,3.500000,2.200000,2.400000,2.400000,0.900000,1.700000,1.700000,2.400000,1.800000,1.600000,https://fragilestatesindex.org/excel/ (archived in MainCode/fsi-2014.xlsx),thesis_archived_workbook
Switzerland,2015,173.000000,22.300000,1.400000,1.000000,3.600000,2.000000,2.700000,2.100000,1.000000,1.400000,1.800000,1.900000,2.100000,1.300000,https://fragilestatesindex.org/excel/ (archived in MainCode/fsi-2015.xlsx),thesis_archived_workbook
Switzerland,2016,174.000000,21.800000,1.300000,1.000000,3.800000,2.500000,2.400000,1.800000,1.000000,1.100000,2.000000,1.700000,2.200000,1.000000,https://fragilestatesindex.org/excel/ (archived in MainCode/fsi-2016.xlsx),thesis_archived_workbook
Switzerland,2017,176.000000,21.100000,1.100000,1.000000,3.600000,2.300000,2.200000,2.100000,1.000000,1.000000,1.800000,1.500000,2.500000,1.000000,https://fragilestatesindex.org/excel/ (archived in MainCode/fsi-2017.xlsx),thesis_archived_workbook
Switzerland,2018,176.000000,19.209526,1.400000,1.000000,3.600000,2.000000,1.900000,1.800000,0.700000,0.932973,1.500000,1.200000,2.476554,0.700000,https://fragilestatesindex.org/excel/ (archived in MainCode/fsi-2018.xlsx),thesis_archived_workbook
Switzerland,2019,176.000000,18.700000,1.100000,1.000000,3.300000,1.900000,1.800000,1.700000,0.700000,1.000000,1.400000,1.400000,2.700000,0.700000,https://fragilestatesindex.org/excel/ (archived in MainCode/fsi-2019.xlsx),thesis_archived_workbook
Switzerland,2020,176.000000,17.094086,1.400000,1.000000,3.000000,1.600000,1.500000,1.400000,0.500000,1.052499,1.100000,1.241587,2.800000,0.500000,https://fragilestatesindex.org/excel/ (archived in MainCode/fsi-2020.xlsx),thesis_archived_workbook
Switzerland,2021,174.000000,19.900000,1.600000,1.000000,2.700000,2.000000,1.800000,1.100000,0.500000,1.600000,0.800000,3.200000,3.100000,0.500000,https://fragilestatesindex.org/wp-content/uploads/2021/05/fsi-2021.xlsx,publisher_workbook
Switzerland,2022,174.000000,18.900000,1.700000,1.000000,2.400000,1.900000,2.100000,1.000000,0.300000,1.900000,0.500000,2.700000,3.100000,0.300000,https://fragilestatesindex.org/wp-content/uploads/2022/07/fsi-2022-download.xlsx,publisher_workbook
Switzerland,2023,175.000000,17.800000,1.400000,1.000000,2.100000,1.600000,2.400000,1.000000,0.300000,1.600000,0.400000,2.400000,3.200000,0.400000,https://fragilestatesindex.org/wp-content/uploads/2023/06/FSI-2023-DOWNLOAD.xlsx,publisher_workbook
Syria,2006,33.000000,88.600000,7.500000,7.100000,8.000000,6.500000,8.900000,6.800000,9.000000,5.500000,9.000000,7.000000,7.100000,6.200000,https://fragilestatesindex.org/excel/ (archived in MainCode/fsi-2006.xlsx),thesis_archived_workbook
Syria,2007,40.000000,88.600000,7.400000,7.500000,8.000000,6.800000,8.100000,6.800000,8.500000,5.300000,8.500000,6.500000,8.900000,6.300000,https://fragilestatesindex.org/excel/ (archived in MainCode/fsi-2007.xlsx),thesis_archived_workbook
Syria,2008,35.000000,90.100000,7.600000,7.700000,8.000000,6.800000,8.100000,6.800000,8.800000,5.700000,8.800000,6.500000,9.000000,6.300000,https://fragilestatesindex.org/excel/ (archived in MainCode/fsi-2008.xlsx),thesis_archived_workbook
Syria,2009,39.000000,89.800000,7.800000,7.800000,8.200000,6.800000,8.000000,6.800000,8.800000,5.700000,8.600000,6.100000,9.200000,6.000000,https://fragilestatesindex.org/excel/ (archived in MainCode/fsi-2009.xlsx),thesis_archived_workbook
Syria,2010,48.000000,87.900000,7.600000,7.800000,8.300000,6.300000,7.800000,6.600000,8.600000,5.500000,8.800000,5.900000,8.900000,5.800000,https://fragilestatesindex.org/excel/ (archived in MainCode/fsi-2010.xlsx),thesis_archived_workbook
Syria,2011,48.000000,85.900000,7.500000,7.900000,8.700000,5.800000,7.400000,6.300000,8.300000,5.800000,8.600000,5.600000,8.500000,5.500000,https://fragilestatesindex.org/excel/ (archived in MainCode/fsi-2011.xlsx),thesis_archived_workbook
Syria,2012,23.000000,94.500000,8.500000,8.700000,9.200000,6.300000,7.500000,6.000000,9.500000,7.000000,9.400000,5.500000,9.000000,7.900000,https://fragilestatesindex.org/excel/ (archived in MainCode/fsi-2012.xlsx),thesis_archived_workbook
Syria,2013,21.000000,97.400000,9.800000,9.200000,9.300000,6.400000,7.200000,6.200000,9.600000,7.000000,9.500000,5.600000,9.500000,8.100000,https://fragilestatesindex.org/excel/ (archived in MainCode/fsi-2013.xlsx),thesis_archived_workbook
Syria,2014,15.000000,101.600000,10.000000,9.600000,10.000000,6.700000,6.900000,6.900000,9.800000,7.200000,9.900000,6.000000,10.000000,8.600000,https://fragilestatesindex.org/excel/ (archived in MainCode/fsi-2014.xlsx),thesis_archived_workbook
Syria,2015,9.000000,107.800000,10.000000,9.900000,10.000000,7.500000,7.000000,7.400000,9.900000,8.200000,10.000000,8.100000,10.000000,9.900000,https://fragilestatesindex.org/excel/ (archived in MainCode/fsi-2015.xlsx),thesis_archived_workbook
Syria,2016,6.000000,110.800000,10.000000,9.900000,10.000000,7.800000,7.400000,8.600000,10.000000,8.900000,9.800000,8.400000,10.000000,10.000000,https://fragilestatesindex.org/excel/ (archived in MainCode/fsi-2016.xlsx),thesis_archived_workbook
Syria,2017,5.000000,110.600000,9.800000,9.900000,9.800000,8.100000,7.700000,8.400000,9.900000,9.200000,9.800000,8.200000,9.800000,10.000000,https://fragilestatesindex.org/excel/ (archived in MainCode/fsi-2017.xlsx),thesis_archived_workbook
Syria,2018,4.000000,111.393031,9.900000,9.900000,9.900000,8.500000,7.800000,8.100000,9.893031,9.300000,9.900000,8.200000,10.000000,10.000000,https://fragilestatesindex.org/excel/ (archived in MainCode/fsi-2018.xlsx),thesis_archived_workbook
Syria,2019,4.000000,111.500000,9.800000,9.900000,10.000000,8.800000,7.500000,8.400000,9.900000,9.400000,10.000000,7.900000,10.000000,10.000000,https://fragilestatesindex.org/excel/ (archived in MainCode/fsi-2019.xlsx),thesis_archived_workbook
Syria,2020,4.000000,110.749697,9.900000,9.900000,10.000000,8.686367,7.200000,8.413343,9.950000,9.100000,10.000000,7.600000,10.000000,9.999986,https://fragilestatesindex.org/excel/ (archived in MainCode/fsi-2020.xlsx),thesis_archived_workbook
Syria,2021,3.000000,110.700000,9.600000,9.900000,9.700000,9.600000,7.100000,8.200000,10.000000,9.600000,9.700000,7.600000,9.700000,10.000000,https://fragilestatesindex.org/wp-content/uploads/2021/05/fsi-2021.xlsx,publisher_workbook
Syria,2022,3.000000,108.400000,9.500000,9.900000,9.400000,9.300000,6.800000,8.100000,10.000000,9.300000,9.400000,7.300000,9.400000,10.000000,https://fragilestatesindex.org/wp-content/uploads/2022/07/fsi-2022-download.xlsx,publisher_workbook
Syria,2023,5.000000,107.100000,9.400000,9.900000,9.100000,9.600000,6.500000,8.000000,10.000000,9.000000,9.100000,7.400000,9.100000,10.000000,https://fragilestatesindex.org/wp-content/uploads/2023/06/FSI-2023-DOWNLOAD.xlsx,publisher_workbook
Tajikistan,2006,42.000000,87.700000,7.500000,8.700000,6.200000,6.800000,7.400000,6.500000,8.900000,7.500000,8.600000,7.000000,6.600000,6.000000,https://fragilestatesindex.org/excel/ (archived in MainCode/fsi-2006.xlsx),thesis_archived_workbook
Tajikistan,2007,39.000000,88.700000,7.800000,8.800000,6.300000,7.300000,7.300000,6.400000,9.000000,7.300000,8.600000,7.700000,6.100000,6.100000,https://fragilestatesindex.org/excel/ (archived in MainCode/fsi-2007.xlsx),thesis_archived_workbook
Tajikistan,2008,38.000000,88.900000,7.800000,8.600000,6.500000,7.000000,7.300000,6.400000,9.200000,7.100000,8.800000,7.900000,6.100000,6.200000,https://fragilestatesindex.org/excel/ (archived in MainCode/fsi-2008.xlsx),thesis_archived_workbook
Tajikistan,2009,36.000000,90.300000,7.500000,8.400000,6.900000,7.500000,7.300000,6.500000,8.900000,7.600000,8.600000,8.200000,6.400000,6.500000,https://fragilestatesindex.org/excel/ (archived in MainCode/fsi-2009.xlsx),thesis_archived_workbook
Tajikistan,2010,38.000000,89.200000,7.300000,8.400000,6.900000,7.500000,7.100000,6.300000,8.900000,7.300000,8.700000,8.000000,6.200000,6.600000,https://fragilestatesindex.org/excel/ (archived in MainCode/fsi-2010.xlsx),thesis_archived_workbook
Tajikistan,2011,39.000000,88.300000,7.400000,8.600000,7.200000,7.400000,6.800000,6.000000,8.900000,6.900000,8.500000,7.700000,5.900000,7.000000,https://fragilestatesindex.org/excel/ (archived in MainCode/fsi-2011.xlsx),thesis_archived_workbook
Tajikistan,2012,46.000000,85.700000,7.100000,8.300000,6.900000,7.700000,6.500000,5.700000,8.800000,6.600000,8.500000,7.300000,5.600000,6.700000,https://fragilestatesindex.org/excel/ (archived in MainCode/fsi-2012.xlsx),thesis_archived_workbook
Tajikistan,2013,51.000000,85.200000,7.400000,8.300000,6.700000,8.000000,6.200000,5.900000,9.100000,6.300000,8.200000,7.400000,5.300000,6.400000,https://fragilestatesindex.org/excel/ (archived in MainCode/fsi-2013.xlsx),thesis_archived_workbook
Tajikistan,2014,55.000000,84.600000,7.100000,8.400000,7.000000,7.700000,5.900000,6.100000,9.000000,6.200000,7.900000,7.500000,5.100000,6.700000,https://fragilestatesindex.org/excel/ (archived in MainCode/fsi-2014.xlsx),thesis_archived_workbook
Tajikistan,2015,57.000000,83.400000,6.800000,8.400000,7.300000,7.400000,5.600000,6.300000,9.100000,5.900000,7.600000,7.800000,4.800000,6.400000,https://fragilestatesindex.org/excel/ (archived in MainCode/fsi-2015.xlsx),thesis_archived_workbook
Tajikistan,2016,57.000000,83.800000,6.900000,8.400000,7.600000,7.500000,5.300000,6.400000,9.300000,5.800000,7.900000,8.100000,4.500000,6.100000,https://fragilestatesindex.org/excel/ (archived in MainCode/fsi-2016.xlsx),thesis_archived_workbook
Tajikistan,2017,61.000000,81.800000,6.700000,8.400000,7.400000,7.300000,4.800000,6.200000,9.100000,5.600000,8.200000,7.900000,4.300000,5.900000,https://fragilestatesindex.org/excel/ (archived in MainCode/fsi-2017.xlsx),thesis_archived_workbook
Tajikistan,2018,63.000000,79.502038,6.400000,8.400000,7.100000,7.000000,4.500000,6.100000,9.090538,5.300000,8.300000,7.600000,4.111468,5.600031,https://fragilestatesindex.org/excel/ (archived in MainCode/fsi-2018.xlsx),thesis_archived_workbook
Tajikistan,2019,65.000000,77.700000,6.100000,8.400000,6.800000,6.700000,4.500000,6.000000,9.000000,5.200000,8.600000,7.300000,3.800000,5.300000,https://fragilestatesindex.org/excel/ (archived in MainCode/fsi-2019.xlsx),thesis_archived_workbook
Tajikistan,2020,66.000000,75.505154,6.031020,8.400000,6.500000,6.400000,4.200000,5.700000,9.018296,4.949442,8.324226,7.000000,3.800000,5.182169,https://fragilestatesindex.org/excel/ (archived in MainCode/fsi-2020.xlsx),thesis_archived_workbook
Tajikistan,2021,71.000000,75.100000,5.700000,8.400000,6.700000,6.300000,4.300000,5.600000,9.200000,4.900000,8.500000,7.000000,3.600000,4.900000,https://fragilestatesindex.org/wp-content/uploads/2021/05/fsi-2021.xlsx,publisher_workbook
Tajikistan,2022,70.000000,75.000000,5.400000,8.400000,6.700000,6.000000,4.200000,5.500000,9.300000,5.000000,8.500000,7.300000,3.700000,5.000000,https://fragilestatesindex.org/wp-content/uploads/2022/07/fsi-2022-download.xlsx,publisher_workbook
Tajikistan,2023,72.000000,74.200000,5.500000,8.400000,6.700000,5.700000,4.300000,5.400000,9.400000,4.700000,8.600000,7.000000,3.800000,4.700000,https://fragilestatesindex.org/wp-content/uploads/2023/06/FSI-2023-DOWNLOAD.xlsx,publisher_workbook
Tanzania,2006,71.000000,78.300000,6.000000,5.200000,6.000000,7.000000,7.000000,6.000000,6.500000,7.800000,6.000000,7.000000,6.800000,7.000000,https://fragilestatesindex.org/excel/ (archived in MainCode/fsi-2006.xlsx),thesis_archived_workbook
Tanzania,2007,75.000000,79.300000,5.700000,5.500000,6.200000,7.400000,6.900000,6.000000,6.300000,7.800000,6.000000,7.400000,7.100000,7.000000,https://fragilestatesindex.org/excel/ (archived in MainCode/fsi-2007.xlsx),thesis_archived_workbook
Tanzania,2008,75.000000,79.100000,5.700000,5.800000,6.400000,7.200000,6.900000,6.000000,6.300000,7.600000,5.800000,7.400000,7.000000,7.000000,https://fragilestatesindex.org/excel/ (archived in MainCode/fsi-2008.xlsx),thesis_archived_workbook
Tanzania,2009,70.000000,81.100000,5.400000,6.300000,6.600000,7.500000,6.900000,6.000000,6.700000,8.000000,5.800000,8.000000,7.100000,6.800000,https://fragilestatesindex.org/excel/ (archived in MainCode/fsi-2009.xlsx),thesis_archived_workbook
Tanzania,2010,72.000000,81.200000,5.600000,6.000000,6.400000,7.200000,6.700000,6.100000,6.500000,8.300000,5.900000,8.200000,7.300000,7.000000,https://fragilestatesindex.org/excel/ (archived in MainCode/fsi-2010.xlsx),thesis_archived_workbook
Tanzania,2011,65.000000,81.300000,5.500000,6.000000,6.100000,7.400000,6.300000,5.800000,6.500000,8.600000,6.200000,8.100000,7.400000,7.400000,https://fragilestatesindex.org/excel/ (archived in MainCode/fsi-2011.xlsx),thesis_archived_workbook
Tanzania,2012,66.000000,80.400000,5.800000,5.700000,5.800000,6.900000,5.900000,6.100000,6.500000,8.500000,6.500000,8.200000,7.100000,7.400000,https://fragilestatesindex.org/excel/ (archived in MainCode/fsi-2012.xlsx),thesis_archived_workbook
Tanzania,2013,65.000000,81.100000,5.500000,5.700000,6.000000,6.800000,6.400000,6.400000,6.200000,8.800000,6.200000,8.600000,6.800000,7.700000,https://fragilestatesindex.org/excel/ (archived in MainCode/fsi-2013.xlsx),thesis_archived_workbook
Tanzania,2014,65.000000,80.800000,5.200000,5.700000,5.900000,6.700000,6.700000,6.700000,6.000000,8.700000,6.300000,8.600000,6.700000,7.600000,https://fragilestatesindex.org/excel/ (archived in MainCode/fsi-2014.xlsx),thesis_archived_workbook
Tanzania,2015,63.000000,80.800000,5.500000,5.700000,5.700000,6.700000,7.000000,7.000000,6.000000,8.700000,6.000000,8.800000,6.400000,7.300000,https://fragilestatesindex.org/excel/ (archived in MainCode/fsi-2015.xlsx),thesis_archived_workbook
Tanzania,2016,62.000000,81.800000,5.200000,6.000000,5.400000,6.400000,7.300000,7.300000,6.100000,8.800000,6.100000,8.900000,6.900000,7.400000,https://fragilestatesindex.org/excel/ (archived in MainCode/fsi-2016.xlsx),thesis_archived_workbook
Tanzania,2017,65.000000,80.300000,5.500000,5.700000,5.200000,6.200000,7.100000,7.600000,5.900000,8.600000,5.900000,8.700000,6.700000,7.200000,https://fragilestatesindex.org/excel/ (archived in MainCode/fsi-2017.xlsx),thesis_archived_workbook
Tanzania,2018,64.000000,79.385691,5.407509,5.700000,4.900000,6.260576,7.400000,7.614698,5.811596,8.700000,6.000000,8.291313,6.400000,6.900000,https://fragilestatesindex.org/excel/ (archived in MainCode/fsi-2018.xlsx),thesis_archived_workbook
Tanzania,2019,60.000000,80.100000,5.400000,5.700000,5.000000,6.200000,7.100000,7.600000,6.300000,8.800000,6.400000,8.300000,6.100000,7.200000,https://fragilestatesindex.org/excel/ (archived in MainCode/fsi-2019.xlsx),thesis_archived_workbook
Tanzania,2020,61.000000,78.144137,5.475616,5.700000,4.700000,5.916976,6.800000,7.300000,6.400000,8.500000,6.100000,8.551545,5.800000,6.900000,https://fragilestatesindex.org/excel/ (archived in MainCode/fsi-2020.xlsx),thesis_archived_workbook
Tanzania,2021,61.000000,79.300000,5.200000,6.200000,4.900000,5.800000,7.000000,7.000000,7.500000,8.800000,6.200000,8.600000,5.500000,6.600000,https://fragilestatesindex.org/wp-content/uploads/2021/05/fsi-2021.xlsx,publisher_workbook
Tanzania,2022,61.000000,78.200000,4.900000,6.500000,5.100000,5.900000,7.000000,6.700000,7.400000,8.400000,5.900000,8.900000,5.200000,6.300000,https://fragilestatesindex.org/wp-content/uploads/2022/07/fsi-2022-download.xlsx,publisher_workbook
Tanzania,2023,65.000000,76.600000,4.600000,6.500000,5.200000,6.200000,7.300000,6.400000,6.900000,8.400000,5.600000,8.600000,4.900000,6.000000,https://fragilestatesindex.org/wp-content/uploads/2023/06/FSI-2023-DOWNLOAD.xlsx,publisher_workbook
Thailand,2006,79.000000,74.900000,6.800000,7.200000,8.100000,2.000000,7.500000,4.300000,6.800000,6.000000,6.500000,7.500000,5.700000,6.500000,https://fragilestatesindex.org/excel/ (archived in MainCode/fsi-2006.xlsx),thesis_archived_workbook
Thailand,2007,85.000000,76.000000,7.200000,8.000000,7.800000,3.000000,7.500000,4.400000,8.000000,5.500000,6.300000,7.000000,5.800000,5.500000,https://fragilestatesindex.org/excel/ (archived in MainCode/fsi-2007.xlsx),thesis_archived_workbook
Thailand,2008,89.000000,75.600000,7.000000,7.700000,7.700000,3.600000,7.500000,4.400000,7.700000,5.500000,6.200000,6.800000,6.000000,5.500000,https://fragilestatesindex.org/excel/ (archived in MainCode/fsi-2008.xlsx),thesis_archived_workbook
Thailand,2009,78.000000,79.200000,7.500000,8.000000,8.000000,3.800000,7.700000,4.500000,8.200000,5.400000,6.900000,6.900000,6.500000,5.800000,https://fragilestatesindex.org/excel/ (archived in MainCode/fsi-2009.xlsx),thesis_archived_workbook
Thailand,2010,81.000000,78.800000,7.400000,8.000000,7.800000,4.300000,7.500000,4.700000,8.000000,5.400000,7.000000,6.700000,6.700000,5.300000,https://fragilestatesindex.org/excel/ (archived in MainCode/fsi-2010.xlsx),thesis_archived_workbook
Thailand,2011,78.000000,78.300000,7.600000,8.500000,8.000000,4.000000,7.200000,4.400000,8.400000,5.000000,7.300000,6.400000,6.600000,4.900000,https://fragilestatesindex.org/excel/ (archived in MainCode/fsi-2011.xlsx),thesis_archived_workbook
Thailand,2012,84.000000,77.000000,7.300000,8.800000,7.800000,4.000000,6.900000,4.000000,6.500000,4.700000,7.200000,8.200000,6.700000,4.900000,https://fragilestatesindex.org/excel/ (archived in MainCode/fsi-2012.xlsx),thesis_archived_workbook
Thailand,2013,90.000000,75.100000,7.800000,8.800000,8.100000,3.500000,6.400000,3.500000,6.200000,4.600000,7.300000,7.900000,6.400000,4.600000,https://fragilestatesindex.org/excel/ (archived in MainCode/fsi-2013.xlsx),thesis_archived_workbook
Thailand,2014,80.000000,77.000000,7.900000,9.500000,8.000000,3.600000,6.100000,3.800000,7.100000,4.900000,7.400000,7.600000,6.500000,4.600000,https://fragilestatesindex.org/excel/ (archived in MainCode/fsi-2014.xlsx),thesis_archived_workbook
Thailand,2015,71.000000,79.100000,8.900000,10.000000,8.500000,4.000000,5.800000,4.100000,8.000000,4.900000,7.700000,6.900000,6.000000,4.300000,https://fragilestatesindex.org/excel/ (archived in MainCode/fsi-2015.xlsx),thesis_archived_workbook
Thailand,2016,74.000000,78.800000,9.200000,9.700000,9.000000,3.800000,5.500000,4.400000,7.700000,4.600000,8.200000,6.600000,6.100000,4.000000,https://fragilestatesindex.org/excel/ (archived in MainCode/fsi-2016.xlsx),thesis_archived_workbook
Thailand,2017,82.000000,76.200000,9.000000,9.400000,8.500000,3.300000,5.300000,4.700000,7.500000,4.400000,8.000000,6.400000,5.900000,3.800000,https://fragilestatesindex.org/excel/ (archived in MainCode/fsi-2017.xlsx),thesis_archived_workbook
Thailand,2018,77.000000,74.980031,8.700000,9.400000,8.200000,3.415737,5.000000,5.000000,7.572675,4.100000,7.991620,6.500000,5.600000,3.500000,https://fragilestatesindex.org/excel/ (archived in MainCode/fsi-2018.xlsx),thesis_archived_workbook
Thailand,2019,77.000000,73.100000,8.400000,9.400000,7.900000,3.200000,4.700000,4.700000,7.800000,3.800000,8.100000,6.200000,5.700000,3.200000,https://fragilestatesindex.org/excel/ (archived in MainCode/fsi-2019.xlsx),thesis_archived_workbook
Thailand,2020,82.000000,70.813580,8.100000,9.682000,7.600000,3.300000,4.600000,4.400000,7.607868,3.523712,7.800000,5.900000,5.400000,2.900000,https://fragilestatesindex.org/excel/ (archived in MainCode/fsi-2020.xlsx),thesis_archived_workbook
Thailand,2021,87.000000,70.900000,8.200000,9.700000,7.300000,3.900000,4.500000,4.100000,7.700000,4.000000,7.900000,5.900000,5.100000,2.600000,https://fragilestatesindex.org/wp-content/uploads/2021/05/fsi-2021.xlsx,publisher_workbook
Thailand,2022,86.000000,70.000000,8.300000,9.700000,7.000000,3.600000,4.600000,3.800000,7.800000,3.700000,7.600000,6.400000,5.200000,2.300000,https://fragilestatesindex.org/wp-content/uploads/2022/07/fsi-2022-download.xlsx,publisher_workbook
Thailand,2023,91.000000,68.000000,8.000000,9.700000,7.100000,3.500000,4.300000,3.700000,7.500000,3.500000,7.700000,6.100000,4.900000,2.000000,https://fragilestatesindex.org/wp-content/uploads/2023/06/FSI-2023-DOWNLOAD.xlsx,publisher_workbook
Timor-Leste,2007,20.000000,94.900000,9.000000,8.800000,7.100000,8.500000,6.500000,5.300000,9.500000,7.900000,6.900000,8.100000,8.500000,8.800000,https://fragilestatesindex.org/excel/ (archived in MainCode/fsi-2007.xlsx),thesis_archived_workbook
Timor-Leste,2008,25.000000,93.800000,8.800000,8.500000,7.100000,8.200000,6.500000,5.300000,9.000000,8.000000,6.900000,8.100000,8.600000,8.800000,https://fragilestatesindex.org/excel/ (archived in MainCode/fsi-2008.xlsx),thesis_archived_workbook
Timor-Leste,2009,20.000000,97.200000,9.000000,8.800000,7.300000,8.400000,6.800000,5.700000,9.400000,8.400000,7.000000,8.400000,9.000000,9.000000,https://fragilestatesindex.org/excel/ (archived in MainCode/fsi-2009.xlsx),thesis_archived_workbook
Timor-Leste,2010,18.000000,98.200000,8.800000,8.700000,7.500000,8.400000,7.000000,6.100000,9.100000,8.700000,7.000000,8.600000,9.100000,9.200000,https://fragilestatesindex.org/excel/ (archived in MainCode/fsi-2010.xlsx),thesis_archived_workbook
Timor-Leste,2011,23.000000,94.900000,8.300000,8.300000,7.100000,7.900000,7.300000,5.800000,8.800000,8.700000,6.800000,8.500000,8.000000,9.300000,https://fragilestatesindex.org/excel/ (archived in MainCode/fsi-2011.xlsx),thesis_archived_workbook
Timor-Leste,2012,28.000000,92.700000,8.300000,8.300000,6.800000,8.000000,7.000000,6.100000,8.500000,8.400000,6.300000,8.400000,7.700000,8.900000,https://fragilestatesindex.org/excel/ (archived in MainCode/fsi-2012.xlsx),thesis_archived_workbook
Timor-Leste,2013,32.000000,91.500000,8.300000,8.300000,6.800000,7.900000,6.700000,6.400000,8.000000,8.500000,6.000000,8.700000,7.400000,8.500000,https://fragilestatesindex.org/excel/ (archived in MainCode/fsi-2013.xlsx),thesis_archived_workbook
Timor-Leste,2014,31.000000,91.000000,8.000000,8.300000,6.800000,8.200000,6.400000,6.700000,7.700000,8.500000,5.700000,8.800000,7.100000,8.800000,https://fragilestatesindex.org/excel/ (archived in MainCode/fsi-2014.xlsx),thesis_archived_workbook
Timor-Leste,2015,35.000000,90.500000,7.700000,8.300000,6.500000,8.400000,6.700000,7.000000,7.400000,8.400000,5.800000,8.900000,6.800000,8.700000,https://fragilestatesindex.org/excel/ (archived in MainCode/fsi-2015.xlsx),thesis_archived_workbook
Timor-Leste,2016,35.000000,90.800000,7.400000,8.300000,6.700000,8.100000,7.000000,7.300000,7.100000,8.700000,5.500000,9.200000,6.500000,9.000000,https://fragilestatesindex.org/excel/ (archived in MainCode/fsi-2016.xlsx),thesis_archived_workbook
Timor-Leste,2017,35.000000,90.500000,7.200000,8.300000,6.500000,7.900000,6.800000,7.600000,6.900000,8.500000,5.300000,9.700000,6.300000,9.500000,https://fragilestatesindex.org/excel/ (archived in MainCode/fsi-2017.xlsx),thesis_archived_workbook
Timor-Leste,2018,38.000000,88.256831,6.900000,8.300000,6.200000,7.600000,7.100000,7.900000,6.400000,8.200000,5.000000,9.456831,6.000000,9.200000,https://fragilestatesindex.org/excel/ (archived in MainCode/fsi-2018.xlsx),thesis_archived_workbook
Timor-Leste,2019,41.000000,85.500000,6.600000,8.300000,5.900000,7.500000,6.800000,7.600000,6.100000,7.900000,4.700000,9.200000,5.700000,9.200000,https://fragilestatesindex.org/excel/ (archived in MainCode/fsi-2019.xlsx),thesis_archived_workbook
Timor-Leste,2020,47.000000,82.663114,6.463114,8.300000,5.600000,7.200000,6.500000,7.300000,5.800000,7.600000,4.400000,8.900000,5.700000,8.900000,https://fragilestatesindex.org/excel/ (archived in MainCode/fsi-2020.xlsx),thesis_archived_workbook
Timor-Leste,2021,52.000000,80.900000,6.200000,8.300000,5.300000,7.700000,6.200000,7.000000,5.500000,7.600000,4.200000,8.900000,5.400000,8.600000,https://fragilestatesindex.org/wp-content/uploads/2021/05/fsi-2021.xlsx,publisher_workbook
Timor-Leste,2022,56.000000,79.300000,5.900000,8.300000,5.300000,7.400000,6.100000,6.900000,5.200000,7.300000,4.200000,9.000000,5.400000,8.300000,https://fragilestatesindex.org/wp-content/uploads/2022/07/fsi-2022-download.xlsx,publisher_workbook
Timor-Leste,2023,63.000000,77.500000,5.600000,8.300000,5.000000,7.100000,5.900000,6.600000,4.900000,7.200000,4.500000,8.700000,5.700000,8.000000,https://fragilestatesindex.org/wp-content/uploads/2023/06/FSI-2023-DOWNLOAD.xlsx,publisher_workbook
Togo,2006,37.000000,88.300000,8.100000,7.800000,6.000000,8.000000,7.500000,6.500000,8.700000,8.100000,8.100000,7.000000,5.800000,6.700000,https://fragilestatesindex.org/excel/ (archived in MainCode/fsi-2006.xlsx),thesis_archived_workbook
Togo,2007,46.000000,86.600000,7.800000,7.600000,6.000000,8.200000,7.500000,6.500000,7.700000,8.000000,7.800000,7.500000,5.400000,6.600000,https://fragilestatesindex.org/excel/ (archived in MainCode/fsi-2007.xlsx),thesis_archived_workbook
Togo,2008,45.000000,86.800000,7.800000,7.500000,6.000000,8.200000,7.500000,6.500000,7.200000,8.000000,7.900000,7.700000,5.600000,6.900000,https://fragilestatesindex.org/excel/ (archived in MainCode/fsi-2008.xlsx),thesis_archived_workbook
Togo,2009,50.000000,87.200000,7.400000,7.300000,5.800000,8.200000,7.500000,6.900000,7.500000,8.300000,7.600000,7.900000,6.000000,6.800000,https://fragilestatesindex.org/excel/ (archived in MainCode/fsi-2009.xlsx),thesis_archived_workbook
Togo,2010,47.000000,88.100000,7.600000,7.600000,5.600000,8.000000,7.600000,7.000000,7.500000,8.400000,7.700000,8.000000,6.200000,6.900000,https://fragilestatesindex.org/excel/ (archived in MainCode/fsi-2010.xlsx),thesis_archived_workbook
Togo,2011,36.000000,89.400000,7.300000,7.800000,5.400000,8.000000,7.900000,7.000000,8.000000,8.500000,7.700000,8.100000,6.500000,7.100000,https://fragilestatesindex.org/excel/ (archived in MainCode/fsi-2011.xlsx),thesis_archived_workbook
Togo,2012,39.000000,87.500000,7.300000,7.500000,5.100000,7.700000,7.600000,6.900000,8.200000,8.200000,7.400000,8.100000,6.800000,6.800000,https://fragilestatesindex.org/excel/ (archived in MainCode/fsi-2012.xlsx),thesis_archived_workbook
Togo,2013,42.000000,87.800000,7.400000,7.500000,4.800000,7.400000,7.600000,6.800000,8.300000,8.300000,7.800000,8.200000,7.100000,6.500000,https://fragilestatesindex.org/excel/ (archived in MainCode/fsi-2013.xlsx),thesis_archived_workbook
Togo,2014,41.000000,87.800000,7.100000,7.600000,4.800000,7.100000,7.800000,7.100000,8.400000,8.300000,7.500000,7.900000,7.400000,6.800000,https://fragilestatesindex.org/excel/ (archived in MainCode/fsi-2014.xlsx),thesis_archived_workbook
Togo,2015,47.000000,86.800000,7.000000,7.600000,4.500000,6.800000,8.100000,7.300000,8.100000,8.600000,7.200000,8.000000,7.100000,6.500000,https://fragilestatesindex.org/excel/ (archived in MainCode/fsi-2015.xlsx),thesis_archived_workbook
Togo,2016,51.000000,85.800000,6.700000,7.600000,4.800000,6.500000,8.400000,7.600000,8.000000,8.300000,6.900000,8.000000,6.800000,6.200000,https://fragilestatesindex.org/excel/ (archived in MainCode/fsi-2016.xlsx),thesis_archived_workbook
Togo,2017,56.000000,83.900000,6.500000,7.600000,4.600000,6.400000,8.200000,7.500000,7.800000,8.200000,6.700000,7.800000,6.600000,6.000000,https://fragilestatesindex.org/excel/ (archived in MainCode/fsi-2017.xlsx),thesis_archived_workbook
Togo,2018,49.000000,85.158845,6.800000,7.600000,4.900000,6.700000,8.171954,7.472604,8.100000,8.500000,6.800000,7.514287,6.900000,5.700000,https://fragilestatesindex.org/excel/ (archived in MainCode/fsi-2018.xlsx),thesis_archived_workbook
Togo,2019,38.000000,87.400000,7.000000,7.600000,5.400000,7.000000,8.300000,7.500000,8.500000,8.500000,7.200000,7.500000,6.900000,6.000000,https://fragilestatesindex.org/excel/ (archived in MainCode/fsi-2019.xlsx),thesis_archived_workbook
Togo,2020,38.000000,85.841431,6.700000,7.600000,5.700000,6.700000,8.445843,7.200000,8.500000,8.200000,6.900000,7.530351,6.600000,5.765237,https://fragilestatesindex.org/excel/ (archived in MainCode/fsi-2020.xlsx),thesis_archived_workbook
Togo,2021,38.000000,85.100000,6.400000,7.600000,6.000000,7.200000,8.300000,6.900000,8.200000,8.500000,6.700000,7.500000,6.300000,5.500000,https://fragilestatesindex.org/wp-content/uploads/2021/05/fsi-2021.xlsx,publisher_workbook
Togo,2022,42.000000,83.600000,6.100000,7.600000,6.300000,7.000000,8.200000,6.800000,7.900000,8.200000,6.500000,7.400000,6.000000,5.600000,https://fragilestatesindex.org/wp-content/uploads/2022/07/fsi-2022-download.xlsx,publisher_workbook
Togo,2023,47.000000,82.100000,5.800000,7.600000,6.600000,7.000000,8.100000,6.500000,7.600000,8.100000,6.400000,7.400000,5.700000,5.300000,https://fragilestatesindex.org/wp-content/uploads/2023/06/FSI-2023-DOWNLOAD.xlsx,publisher_workbook
Trinidad and Tobago,2007,115.000000,67.600000,5.700000,5.700000,5.200000,3.800000,8.100000,6.400000,6.400000,5.800000,5.400000,5.900000,3.800000,5.400000,https://fragilestatesindex.org/excel/ (archived in MainCode/fsi-2007.xlsx),thesis_archived_workbook
Trinidad and Tobago,2008,119.000000,67.000000,5.700000,5.900000,5.200000,4.000000,7.700000,6.700000,6.400000,5.500000,5.400000,5.500000,3.600000,5.400000,https://fragilestatesindex.org/excel/ (archived in MainCode/fsi-2008.xlsx),thesis_archived_workbook
Trinidad and Tobago,2009,123.000000,66.700000,5.700000,5.600000,4.900000,4.500000,7.600000,7.100000,6.100000,5.400000,5.600000,5.800000,3.100000,5.300000,https://fragilestatesindex.org/excel/ (archived in MainCode/fsi-2009.xlsx),thesis_archived_workbook
Trinidad and Tobago,2010,124.000000,66.100000,6.000000,5.600000,4.900000,4.800000,7.200000,7.300000,5.900000,5.200000,5.400000,5.600000,3.100000,5.100000,https://fragilestatesindex.org/excel/ (archived in MainCode/fsi-2010.xlsx),thesis_archived_workbook
Trinidad and Tobago,2011,124.000000,63.700000,5.500000,5.600000,4.700000,4.500000,6.900000,7.700000,5.500000,4.900000,5.100000,5.300000,3.200000,4.800000,https://fragilestatesindex.org/excel/ (archived in MainCode/fsi-2011.xlsx),thesis_archived_workbook
Trinidad and Tobago,2012,122.000000,64.400000,6.000000,5.600000,4.400000,4.700000,6.600000,7.700000,5.900000,5.100000,5.500000,5.500000,2.900000,4.500000,https://fragilestatesindex.org/excel/ (archived in MainCode/fsi-2012.xlsx),thesis_archived_workbook
Trinidad and Tobago,2013,125.000000,62.600000,5.700000,5.600000,4.400000,4.600000,6.100000,7.800000,5.600000,5.200000,5.200000,5.300000,3.000000,4.200000,https://fragilestatesindex.org/excel/ (archived in MainCode/fsi-2013.xlsx),thesis_archived_workbook
Trinidad and Tobago,2014,126.000000,61.300000,5.400000,5.600000,4.400000,4.600000,5.800000,7.800000,5.300000,5.100000,4.900000,5.200000,3.300000,3.900000,https://fragilestatesindex.org/excel/ (archived in MainCode/fsi-2014.xlsx),thesis_archived_workbook
Trinidad and Tobago,2015,126.000000,58.700000,5.700000,5.600000,4.100000,4.300000,5.500000,7.500000,5.000000,4.800000,4.600000,5.000000,3.000000,3.600000,https://fragilestatesindex.org/excel/ (archived in MainCode/fsi-2015.xlsx),thesis_archived_workbook
Trinidad and Tobago,2016,127.000000,57.800000,6.000000,5.600000,4.400000,4.600000,5.100000,7.800000,4.700000,4.500000,4.300000,4.700000,2.800000,3.300000,https://fragilestatesindex.org/excel/ (archived in MainCode/fsi-2016.xlsx),thesis_archived_workbook
Trinidad and Tobago,2017,128.000000,56.700000,6.300000,5.600000,4.200000,4.400000,4.900000,8.100000,4.500000,4.300000,4.100000,4.500000,2.700000,3.100000,https://fragilestatesindex.org/excel/ (archived in MainCode/fsi-2017.xlsx),thesis_archived_workbook
Trinidad and Tobago,2018,131.000000,54.605740,6.499421,5.600000,3.900000,4.500000,4.600000,7.923257,4.200000,4.000000,3.800000,4.200000,2.583062,2.800000,https://fragilestatesindex.org/excel/ (archived in MainCode/fsi-2018.xlsx),thesis_archived_workbook
Trinidad and Tobago,2019,131.000000,53.000000,6.500000,5.600000,3.600000,4.300000,4.700000,7.800000,3.900000,3.700000,3.600000,3.900000,2.300000,3.100000,https://fragilestatesindex.org/excel/ (archived in MainCode/fsi-2019.xlsx),thesis_archived_workbook
Trinidad and Tobago,2020,129.000000,51.945141,6.588957,5.600000,3.300000,4.000000,4.700000,7.500000,3.600000,3.533283,3.522900,3.600000,2.600000,3.400000,https://fragilestatesindex.org/excel/ (archived in MainCode/fsi-2020.xlsx),thesis_archived_workbook
Trinidad and Tobago,2021,129.000000,52.900000,6.900000,5.600000,3.000000,4.400000,4.500000,7.200000,3.300000,4.500000,3.700000,3.900000,2.500000,3.400000,https://fragilestatesindex.org/wp-content/uploads/2021/05/fsi-2021.xlsx,publisher_workbook
Trinidad and Tobago,2022,129.000000,52.400000,7.000000,5.600000,3.300000,4.100000,4.400000,6.900000,3.000000,4.600000,3.400000,4.000000,2.800000,3.300000,https://fragilestatesindex.org/wp-content/uploads/2022/07/fsi-2022-download.xlsx,publisher_workbook
Trinidad and Tobago,2023,130.000000,52.900000,7.300000,5.600000,3.400000,3.900000,4.700000,6.800000,3.500000,4.300000,3.500000,4.100000,2.500000,3.300000,https://fragilestatesindex.org/wp-content/uploads/2023/06/FSI-2023-DOWNLOAD.xlsx,publisher_workbook
Tunisia,2006,100.000000,65.400000,6.000000,6.000000,5.000000,3.600000,7.500000,5.000000,6.500000,6.000000,7.500000,5.700000,3.600000,3.000000,https://fragilestatesindex.org/excel/ (archived in MainCode/fsi-2006.xlsx),thesis_archived_workbook
Tunisia,2007,121.000000,65.600000,5.900000,6.200000,5.100000,4.300000,7.400000,5.100000,6.400000,5.900000,7.300000,5.600000,3.400000,3.000000,https://fragilestatesindex.org/excel/ (archived in MainCode/fsi-2007.xlsx),thesis_archived_workbook
Tunisia,2008,122.000000,65.600000,5.900000,6.200000,5.100000,4.300000,7.200000,5.100000,6.600000,5.900000,7.300000,5.600000,3.400000,3.000000,https://fragilestatesindex.org/excel/ (archived in MainCode/fsi-2008.xlsx),thesis_archived_workbook
Tunisia,2009,121.000000,67.600000,6.200000,6.000000,5.400000,4.900000,7.200000,5.300000,6.600000,6.100000,7.400000,5.900000,3.200000,3.400000,https://fragilestatesindex.org/excel/ (archived in MainCode/fsi-2009.xlsx),thesis_archived_workbook
Tunisia,2010,118.000000,67.500000,6.500000,6.000000,5.400000,5.000000,7.000000,5.200000,6.400000,5.700000,7.500000,5.700000,3.400000,3.700000,https://fragilestatesindex.org/excel/ (archived in MainCode/fsi-2010.xlsx),thesis_archived_workbook
Tunisia,2011,108.000000,70.100000,7.000000,6.800000,5.600000,5.000000,6.600000,5.200000,7.200000,5.300000,7.700000,5.500000,3.400000,4.800000,https://fragilestatesindex.org/excel/ (archived in MainCode/fsi-2011.xlsx),thesis_archived_workbook
Tunisia,2012,94.000000,74.200000,7.500000,7.800000,5.600000,5.500000,6.300000,5.200000,7.800000,5.000000,8.300000,5.200000,4.000000,6.000000,https://fragilestatesindex.org/excel/ (archived in MainCode/fsi-2012.xlsx),thesis_archived_workbook
Tunisia,2013,83.000000,76.500000,7.200000,7.800000,7.800000,6.000000,6.000000,5.000000,7.900000,5.000000,8.400000,4.900000,4.200000,6.300000,https://fragilestatesindex.org/excel/ (archived in MainCode/fsi-2013.xlsx),thesis_archived_workbook
Tunisia,2014,78.000000,77.500000,7.300000,8.100000,7.800000,6.300000,5.700000,5.300000,8.000000,5.200000,8.100000,4.700000,4.400000,6.600000,https://fragilestatesindex.org/excel/ (archived in MainCode/fsi-2014.xlsx),thesis_archived_workbook
Tunisia,2015,86.000000,75.700000,7.800000,8.100000,7.800000,6.600000,5.400000,5.500000,7.000000,4.900000,7.000000,4.700000,4.100000,6.900000,https://fragilestatesindex.org/excel/ (archived in MainCode/fsi-2015.xlsx),thesis_archived_workbook
Tunisia,2016,88.000000,74.600000,7.900000,7.800000,7.900000,6.900000,5.100000,5.800000,6.700000,4.600000,6.700000,4.400000,4.200000,6.600000,https://fragilestatesindex.org/excel/ (archived in MainCode/fsi-2016.xlsx),thesis_archived_workbook
Tunisia,2017,89.000000,74.200000,8.300000,7.800000,7.700000,6.700000,4.900000,6.100000,6.500000,4.400000,6.500000,4.200000,4.700000,6.400000,https://fragilestatesindex.org/excel/ (archived in MainCode/fsi-2017.xlsx),thesis_archived_workbook
Tunisia,2018,92.000000,72.070675,8.000000,7.800000,7.400000,6.600000,5.000000,5.970675,6.600000,4.100000,6.200000,3.900000,4.400000,6.100000,https://fragilestatesindex.org/excel/ (archived in MainCode/fsi-2018.xlsx),thesis_archived_workbook
Tunisia,2019,95.000000,70.100000,7.700000,7.800000,7.100000,6.700000,4.900000,5.900000,6.700000,4.000000,5.900000,3.600000,4.100000,5.800000,https://fragilestatesindex.org/excel/ (archived in MainCode/fsi-2019.xlsx),thesis_archived_workbook
Tunisia,2020,95.000000,68.125913,7.400000,7.800000,6.800000,7.200000,4.600000,5.900000,6.200000,4.014629,5.600000,3.311284,3.800000,5.500000,https://fragilestatesindex.org/excel/ (archived in MainCode/fsi-2020.xlsx),thesis_archived_workbook
Tunisia,2021,94.000000,69.200000,7.100000,7.500000,7.100000,7.800000,4.500000,5.800000,5.900000,5.000000,5.500000,4.300000,3.500000,5.200000,https://fragilestatesindex.org/wp-content/uploads/2021/05/fsi-2021.xlsx,publisher_workbook
Tunisia,2022,93.000000,68.200000,7.200000,7.200000,7.200000,7.900000,4.400000,5.500000,6.000000,4.700000,5.400000,4.600000,3.200000,4.900000,https://fragilestatesindex.org/wp-content/uploads/2022/07/fsi-2022-download.xlsx,publisher_workbook
Tunisia,2023,97.000000,66.400000,6.900000,7.500000,6.900000,8.000000,4.100000,5.600000,5.700000,4.400000,5.500000,4.300000,2.900000,4.600000,https://fragilestatesindex.org/wp-content/uploads/2023/06/FSI-2023-DOWNLOAD.xlsx,publisher_workbook
Turkey,2006,82.000000,74.400000,6.400000,6.900000,7.300000,4.100000,8.600000,5.000000,6.100000,5.700000,5.000000,7.200000,6.100000,6.000000,https://fragilestatesindex.org/excel/ (archived in MainCode/fsi-2006.xlsx),thesis_archived_workbook
Turkey,2007,91.000000,74.900000,6.700000,7.100000,7.400000,4.700000,8.700000,5.000000,6.100000,5.400000,5.100000,6.900000,5.800000,6.000000,https://fragilestatesindex.org/excel/ (archived in MainCode/fsi-2007.xlsx),thesis_archived_workbook
Turkey,2008,92.000000,75.400000,6.700000,7.500000,7.600000,4.600000,8.200000,5.000000,6.000000,5.200000,5.500000,6.700000,6.200000,6.200000,https://fragilestatesindex.org/excel/ (archived in MainCode/fsi-2008.xlsx),thesis_archived_workbook
Turkey,2009,85.000000,78.200000,7.000000,7.800000,7.700000,5.300000,8.000000,5.000000,6.500000,5.300000,6.000000,6.800000,6.600000,6.200000,https://fragilestatesindex.org/excel/ (archived in MainCode/fsi-2009.xlsx),thesis_archived_workbook
Turkey,2010,89.000000,77.100000,7.400000,7.800000,8.000000,5.800000,7.800000,4.800000,6.000000,5.400000,5.500000,6.300000,6.300000,6.000000,https://fragilestatesindex.org/excel/ (archived in MainCode/fsi-2010.xlsx),thesis_archived_workbook
Turkey,2011,95.000000,74.900000,7.400000,7.500000,8.300000,5.500000,7.400000,4.500000,5.900000,5.700000,5.200000,5.900000,6.000000,5.600000,https://fragilestatesindex.org/excel/ (archived in MainCode/fsi-2011.xlsx),thesis_archived_workbook
Turkey,2012,85.000000,76.600000,7.700000,7.500000,8.600000,5.600000,7.100000,4.200000,6.200000,6.000000,5.300000,6.000000,6.500000,5.900000,https://fragilestatesindex.org/excel/ (archived in MainCode/fsi-2012.xlsx),thesis_archived_workbook
Turkey,2013,86.000000,75.900000,7.900000,7.300000,9.000000,5.300000,6.800000,3.900000,5.900000,5.500000,5.500000,5.700000,7.400000,5.600000,https://fragilestatesindex.org/excel/ (archived in MainCode/fsi-2013.xlsx),thesis_archived_workbook
Turkey,2014,93.000000,74.100000,7.400000,7.300000,9.000000,5.300000,6.500000,3.700000,6.000000,5.200000,5.900000,5.400000,7.100000,5.300000,https://fragilestatesindex.org/excel/ (archived in MainCode/fsi-2014.xlsx),thesis_archived_workbook
Turkey,2015,89.000000,74.600000,7.700000,7.300000,9.000000,5.000000,6.200000,3.700000,6.300000,4.900000,6.400000,5.500000,7.500000,5.000000,https://fragilestatesindex.org/excel/ (archived in MainCode/fsi-2015.xlsx),thesis_archived_workbook
Turkey,2016,79.000000,77.300000,7.800000,7.600000,9.500000,4.800000,5.900000,3.600000,6.600000,4.600000,7.400000,5.100000,8.800000,5.600000,https://fragilestatesindex.org/excel/ (archived in MainCode/fsi-2016.xlsx),thesis_archived_workbook
Turkey,2017,64.000000,80.800000,8.300000,9.100000,10.000000,4.600000,5.700000,3.900000,7.600000,4.400000,7.700000,4.900000,9.200000,5.400000,https://fragilestatesindex.org/excel/ (archived in MainCode/fsi-2017.xlsx),thesis_archived_workbook
Turkey,2018,58.000000,82.219036,8.003111,9.100000,10.000000,4.500000,5.400000,4.900000,7.700000,4.900000,7.815925,5.200000,9.300000,5.400000,https://fragilestatesindex.org/excel/ (archived in MainCode/fsi-2018.xlsx),thesis_archived_workbook
Turkey,2019,59.000000,80.300000,7.700000,8.800000,10.000000,4.600000,5.300000,4.700000,7.500000,4.600000,8.100000,4.900000,9.000000,5.100000,https://fragilestatesindex.org/excel/ (archived in MainCode/fsi-2019.xlsx),thesis_archived_workbook
Turkey,2020,59.000000,79.147394,7.466498,8.800000,9.959587,4.613824,5.000000,4.400000,7.522168,4.389689,8.295627,4.600000,8.700000,5.400000,https://fragilestatesindex.org/excel/ (archived in MainCode/fsi-2020.xlsx),thesis_archived_workbook
Turkey,2021,57.000000,79.700000,7.200000,8.800000,9.700000,5.300000,4.700000,4.100000,7.300000,5.400000,8.000000,5.100000,8.400000,5.700000,https://fragilestatesindex.org/wp-content/uploads/2021/05/fsi-2021.xlsx,publisher_workbook
Turkey,2022,62.000000,78.100000,6.900000,8.800000,9.400000,4.900000,4.600000,3.900000,7.300000,5.100000,8.100000,5.000000,8.100000,6.000000,https://fragilestatesindex.org/wp-content/uploads/2022/07/fsi-2022-download.xlsx,publisher_workbook
Turkey,2023,52.000000,81.200000,6.600000,8.800000,9.500000,6.900000,6.600000,3.700000,7.300000,4.800000,8.000000,4.500000,8.200000,6.300000,https://fragilestatesindex.org/wp-content/uploads/2023/06/FSI-2023-DOWNLOAD.xlsx,publisher_workbook
Turkmenistan,2006,45.000000,86.100000,8.500000,8.000000,5.200000,8.000000,7.200000,6.000000,9.100000,7.200000,9.700000,7.000000,4.200000,6.000000,https://fragilestatesindex.org/excel/ (archived in MainCode/fsi-2006.xlsx),thesis_archived_workbook
Turkmenistan,2007,43.000000,87.500000,8.500000,8.200000,6.200000,7.400000,7.300000,5.600000,9.000000,7.700000,9.600000,7.000000,4.500000,6.500000,https://fragilestatesindex.org/excel/ (archived in MainCode/fsi-2007.xlsx),thesis_archived_workbook
Turkmenistan,2008,46.000000,86.200000,8.300000,7.900000,6.200000,7.100000,7.300000,5.600000,8.700000,7.700000,9.600000,7.000000,4.500000,6.300000,https://fragilestatesindex.org/excel/ (archived in MainCode/fsi-2008.xlsx),thesis_archived_workbook
Turkmenistan,2009,59.000000,84.300000,7.600000,7.700000,6.500000,6.900000,7.600000,5.600000,8.500000,7.200000,8.900000,7.000000,4.800000,6.000000,https://fragilestatesindex.org/excel/ (archived in MainCode/fsi-2009.xlsx),thesis_archived_workbook
Turkmenistan,2010,65.000000,82.500000,7.700000,7.700000,6.300000,6.600000,7.400000,5.400000,8.400000,7.000000,9.000000,6.800000,4.600000,5.600000,https://fragilestatesindex.org/excel/ (archived in MainCode/fsi-2010.xlsx),thesis_archived_workbook
Turkmenistan,2011,75.000000,79.700000,7.500000,7.700000,6.600000,6.000000,7.100000,5.100000,8.400000,6.700000,8.700000,6.500000,4.200000,5.200000,https://fragilestatesindex.org/excel/ (archived in MainCode/fsi-2011.xlsx),thesis_archived_workbook
Turkmenistan,2012,81.000000,77.400000,7.200000,7.700000,6.400000,5.700000,6.800000,4.800000,9.000000,6.400000,8.400000,6.200000,3.900000,4.900000,https://fragilestatesindex.org/excel/ (archived in MainCode/fsi-2012.xlsx),thesis_archived_workbook
Turkmenistan,2013,81.000000,76.700000,7.100000,7.700000,6.700000,5.400000,6.500000,4.900000,9.300000,6.100000,8.700000,5.900000,3.900000,4.600000,https://fragilestatesindex.org/excel/ (archived in MainCode/fsi-2013.xlsx),thesis_archived_workbook
Turkmenistan,2014,74.000000,78.200000,6.800000,7.800000,6.900000,5.300000,6.700000,5.100000,9.600000,6.400000,8.500000,6.000000,4.200000,4.900000,https://fragilestatesindex.org/excel/ (archived in MainCode/fsi-2014.xlsx),thesis_archived_workbook
Turkmenistan,2015,78.000000,77.400000,6.800000,7.800000,7.100000,5.000000,6.900000,5.100000,9.700000,6.100000,8.800000,5.700000,3.900000,4.600000,https://fragilestatesindex.org/excel/ (archived in MainCode/fsi-2015.xlsx),thesis_archived_workbook
Turkmenistan,2016,83.000000,76.000000,6.500000,7.800000,6.800000,5.100000,6.900000,4.800000,9.800000,5.800000,8.900000,5.600000,3.700000,4.300000,https://fragilestatesindex.org/excel/ (archived in MainCode/fsi-2016.xlsx),thesis_archived_workbook
Turkmenistan,2017,86.000000,74.400000,6.300000,7.800000,6.600000,4.900000,6.700000,5.100000,9.700000,5.600000,8.700000,5.400000,3.500000,4.100000,https://fragilestatesindex.org/excel/ (archived in MainCode/fsi-2017.xlsx),thesis_archived_workbook
Turkmenistan,2018,86.000000,72.621115,6.000000,7.800000,6.300000,4.765778,6.700000,4.971753,9.671757,5.300000,8.700000,5.411826,3.200000,3.800000,https://fragilestatesindex.org/excel/ (archived in MainCode/fsi-2018.xlsx),thesis_archived_workbook
Turkmenistan,2019,85.000000,71.400000,5.700000,7.800000,6.000000,5.300000,6.400000,5.100000,9.700000,5.000000,8.900000,5.100000,2.900000,3.500000,https://fragilestatesindex.org/excel/ (archived in MainCode/fsi-2019.xlsx),thesis_archived_workbook
Turkmenistan,2020,90.000000,69.058142,5.400000,7.800000,5.700000,5.000000,6.100000,4.800000,9.707489,4.700000,8.600000,4.850653,3.200000,3.200000,https://fragilestatesindex.org/excel/ (archived in MainCode/fsi-2020.xlsx),thesis_archived_workbook
Turkmenistan,2021,97.000000,68.200000,5.100000,7.800000,5.600000,4.900000,6.000000,4.500000,9.800000,4.700000,8.600000,5.400000,2.900000,2.900000,https://fragilestatesindex.org/wp-content/uploads/2021/05/fsi-2021.xlsx,publisher_workbook
Turkmenistan,2022,102.000000,66.500000,4.800000,7.800000,5.400000,4.600000,5.900000,4.400000,9.800000,4.400000,8.300000,5.900000,2.600000,2.600000,https://fragilestatesindex.org/wp-content/uploads/2022/07/fsi-2022-download.xlsx,publisher_workbook
Turkmenistan,2023,104.000000,64.500000,4.500000,7.800000,5.300000,5.100000,5.600000,4.100000,9.800000,4.100000,8.000000,5.600000,2.300000,2.300000,https://fragilestatesindex.org/wp-content/uploads/2023/06/FSI-2023-DOWNLOAD.xlsx,publisher_workbook
Uganda,2006,21.000000,94.500000,8.500000,7.900000,7.800000,7.500000,8.400000,5.700000,8.000000,8.000000,8.000000,8.000000,9.200000,7.500000,https://fragilestatesindex.org/excel/ (archived in MainCode/fsi-2006.xlsx),thesis_archived_workbook
Uganda,2007,15.000000,96.400000,8.300000,7.800000,8.500000,7.500000,8.500000,6.000000,8.500000,8.200000,8.200000,8.100000,9.400000,7.400000,https://fragilestatesindex.org/excel/ (archived in MainCode/fsi-2007.xlsx),thesis_archived_workbook
Uganda,2008,16.000000,96.100000,8.100000,7.800000,8.300000,7.600000,8.500000,6.000000,8.300000,7.900000,7.900000,8.700000,9.300000,7.700000,https://fragilestatesindex.org/excel/ (archived in MainCode/fsi-2008.xlsx),thesis_archived_workbook
Uganda,2009,21.000000,96.900000,8.200000,8.200000,8.000000,7.600000,8.700000,6.500000,8.000000,8.000000,7.700000,8.700000,9.300000,8.000000,https://fragilestatesindex.org/excel/ (archived in MainCode/fsi-2009.xlsx),thesis_archived_workbook
Uganda,2010,21.000000,97.500000,8.700000,8.600000,8.500000,7.200000,8.400000,6.900000,7.900000,8.200000,7.600000,8.700000,8.900000,7.900000,https://fragilestatesindex.org/excel/ (archived in MainCode/fsi-2010.xlsx),thesis_archived_workbook
Uganda,2011,21.000000,96.300000,8.600000,8.600000,8.000000,7.500000,8.400000,6.600000,7.700000,8.300000,7.500000,8.800000,8.000000,8.200000,https://fragilestatesindex.org/excel/ (archived in MainCode/fsi-2011.xlsx),thesis_archived_workbook
Uganda,2012,20.000000,96.500000,8.300000,8.700000,7.700000,7.500000,8.100000,6.900000,8.000000,8.600000,7.800000,8.800000,8.200000,7.900000,https://fragilestatesindex.org/excel/ (archived in MainCode/fsi-2012.xlsx),thesis_archived_workbook
Uganda,2013,22.000000,96.600000,8.200000,8.600000,8.000000,7.400000,7.800000,6.700000,8.100000,8.300000,7.900000,9.100000,8.400000,8.200000,https://fragilestatesindex.org/excel/ (archived in MainCode/fsi-2013.xlsx),thesis_archived_workbook
Uganda,2014,22.000000,96.000000,7.900000,8.900000,8.300000,7.300000,7.600000,6.900000,7.800000,8.300000,7.600000,8.700000,8.700000,8.000000,https://fragilestatesindex.org/excel/ (archived in MainCode/fsi-2014.xlsx),thesis_archived_workbook
Uganda,2015,23.000000,97.000000,7.600000,8.900000,8.700000,7.000000,7.300000,7.300000,8.000000,8.300000,7.900000,8.900000,8.800000,8.300000,https://fragilestatesindex.org/excel/ (archived in MainCode/fsi-2015.xlsx),thesis_archived_workbook
Uganda,2016,23.000000,97.700000,7.300000,8.900000,9.000000,6.700000,7.600000,7.600000,8.300000,8.500000,8.000000,8.700000,9.100000,8.000000,https://fragilestatesindex.org/excel/ (archived in MainCode/fsi-2016.xlsx),thesis_archived_workbook
Uganda,2017,24.000000,96.000000,7.100000,8.600000,8.500000,5.500000,7.400000,7.600000,8.600000,8.300000,7.800000,9.000000,9.300000,8.300000,https://fragilestatesindex.org/excel/ (archived in MainCode/fsi-2017.xlsx),thesis_archived_workbook
Uganda,2018,24.000000,95.143796,7.140183,8.600000,8.600000,6.000000,7.324177,7.607844,8.300000,8.000000,7.900000,8.871592,9.000000,7.800000,https://fragilestatesindex.org/excel/ (archived in MainCode/fsi-2018.xlsx),thesis_archived_workbook
Uganda,2019,20.000000,95.300000,7.500000,8.900000,8.300000,6.300000,7.000000,7.300000,8.600000,7.800000,8.000000,9.000000,9.100000,7.500000,https://fragilestatesindex.org/excel/ (archived in MainCode/fsi-2019.xlsx),thesis_archived_workbook
Uganda,2020,24.000000,92.770368,7.200000,8.900000,8.000000,6.000000,6.750276,7.000000,8.300000,7.300000,7.700000,9.220092,8.800000,7.600000,https://fragilestatesindex.org/excel/ (archived in MainCode/fsi-2020.xlsx),thesis_archived_workbook
Uganda,2021,24.000000,92.900000,6.900000,8.900000,7.800000,6.200000,7.000000,6.700000,8.400000,8.000000,7.400000,9.200000,9.100000,7.300000,https://fragilestatesindex.org/wp-content/uploads/2021/05/fsi-2021.xlsx,publisher_workbook
Uganda,2022,25.000000,92.100000,6.600000,8.900000,7.900000,6.200000,7.100000,6.400000,8.500000,8.300000,7.100000,8.900000,9.200000,7.000000,https://fragilestatesindex.org/wp-content/uploads/2022/07/fsi-2022-download.xlsx,publisher_workbook
Uganda,2023,26.000000,91.500000,6.300000,8.900000,7.600000,6.400000,7.400000,6.100000,8.200000,8.000000,7.200000,9.200000,8.900000,7.300000,https://fragilestatesindex.org/wp-content/uploads/2023/06/FSI-2023-DOWNLOAD.xlsx,publisher_workbook
Ukraine,2006,86.000000,72.900000,3.000000,7.500000,7.200000,4.500000,7.000000,7.500000,7.000000,5.500000,5.900000,7.000000,3.800000,7.000000,https://fragilestatesindex.org/excel/ (archived in MainCode/fsi-2006.xlsx),thesis_archived_workbook
Ukraine,2007,105.000000,71.400000,3.000000,7.900000,7.000000,5.000000,7.000000,7.500000,7.500000,4.500000,5.900000,6.500000,3.600000,6.000000,https://fragilestatesindex.org/excel/ (archived in MainCode/fsi-2007.xlsx),thesis_archived_workbook
Ukraine,2008,108.000000,70.800000,3.000000,7.900000,7.200000,5.000000,6.700000,7.300000,7.300000,4.500000,5.900000,6.500000,3.200000,6.300000,https://fragilestatesindex.org/excel/ (archived in MainCode/fsi-2008.xlsx),thesis_archived_workbook
Ukraine,2009,110.000000,69.700000,3.300000,7.900000,6.900000,5.500000,6.400000,7.100000,7.200000,4.200000,5.500000,6.100000,3.000000,6.600000,https://fragilestatesindex.org/excel/ (archived in MainCode/fsi-2009.xlsx),thesis_archived_workbook
Ukraine,2010,109.000000,69.500000,3.800000,7.900000,6.900000,6.300000,6.200000,6.600000,7.200000,4.000000,5.300000,5.600000,3.100000,6.600000,https://fragilestatesindex.org/excel/ (archived in MainCode/fsi-2010.xlsx),thesis_archived_workbook
Ukraine,2011,110.000000,69.000000,4.000000,8.000000,6.500000,6.000000,5.900000,6.300000,7.400000,4.100000,5.500000,5.300000,3.100000,6.800000,https://fragilestatesindex.org/excel/ (archived in MainCode/fsi-2011.xlsx),thesis_archived_workbook
Ukraine,2012,113.000000,67.200000,4.300000,8.000000,6.200000,5.700000,5.600000,6.000000,7.700000,3.900000,5.400000,5.000000,2.900000,6.500000,https://fragilestatesindex.org/excel/ (archived in MainCode/fsi-2012.xlsx),thesis_archived_workbook
Ukraine,2013,117.000000,65.900000,4.400000,8.000000,5.900000,5.400000,5.300000,5.700000,7.800000,3.600000,5.700000,4.700000,3.200000,6.200000,https://fragilestatesindex.org/excel/ (archived in MainCode/fsi-2013.xlsx),thesis_archived_workbook
Ukraine,2014,113.000000,67.200000,4.700000,8.000000,6.400000,5.500000,5.000000,5.400000,8.000000,3.900000,6.100000,4.500000,3.400000,6.300000,https://fragilestatesindex.org/excel/ (archived in MainCode/fsi-2014.xlsx),thesis_archived_workbook
Ukraine,2015,84.000000,76.300000,7.900000,8.000000,7.000000,6.500000,4.700000,5.500000,8.500000,3.800000,6.400000,4.500000,4.400000,9.100000,https://fragilestatesindex.org/excel/ (archived in MainCode/fsi-2015.xlsx),thesis_archived_workbook
Ukraine,2016,85.000000,75.500000,7.800000,8.000000,6.900000,7.000000,4.400000,5.400000,8.400000,3.900000,6.200000,4.400000,4.300000,8.800000,https://fragilestatesindex.org/excel/ (archived in MainCode/fsi-2016.xlsx),thesis_archived_workbook
Ukraine,2017,90.000000,74.000000,7.600000,8.000000,6.700000,6.800000,4.200000,5.200000,8.200000,3.700000,6.200000,4.200000,4.600000,8.600000,https://fragilestatesindex.org/excel/ (archived in MainCode/fsi-2017.xlsx),thesis_archived_workbook
Ukraine,2018,86.000000,72.561612,7.401955,8.000000,6.400000,6.561231,3.900000,4.900000,7.900000,3.898427,6.500000,3.900000,4.900000,8.300000,https://fragilestatesindex.org/excel/ (archived in MainCode/fsi-2018.xlsx),thesis_archived_workbook
Ukraine,2019,91.000000,71.000000,7.100000,8.000000,6.100000,6.500000,3.600000,5.200000,7.600000,3.800000,6.600000,3.600000,4.700000,8.400000,https://fragilestatesindex.org/excel/ (archived in MainCode/fsi-2019.xlsx),thesis_archived_workbook
Ukraine,2020,92.000000,69.007042,6.977216,8.000000,5.800000,6.200000,3.300000,5.503776,7.100000,4.026050,6.300000,3.300000,4.400000,8.100000,https://fragilestatesindex.org/excel/ (archived in MainCode/fsi-2020.xlsx),thesis_archived_workbook
Ukraine,2021,91.000000,69.800000,6.700000,8.000000,5.700000,6.800000,3.200000,5.800000,6.800000,4.500000,6.000000,4.300000,4.200000,7.800000,https://fragilestatesindex.org/wp-content/uploads/2021/05/fsi-2021.xlsx,publisher_workbook
Ukraine,2022,92.000000,68.600000,6.400000,8.000000,5.800000,6.500000,2.900000,5.900000,6.500000,4.300000,5.800000,4.800000,4.200000,7.500000,https://fragilestatesindex.org/wp-content/uploads/2022/07/fsi-2022-download.xlsx,publisher_workbook
Ukraine,2023,18.000000,95.900000,10.000000,8.000000,6.800000,8.500000,4.900000,8.900000,6.400000,7.300000,7.800000,7.300000,10.000000,10.000000,https://fragilestatesindex.org/wp-content/uploads/2023/06/FSI-2023-DOWNLOAD.xlsx,publisher_workbook
United Arab Emirates,2007,137.000000,51.600000,2.100000,3.600000,4.000000,2.600000,5.200000,3.700000,7.000000,4.100000,6.100000,5.600000,3.600000,4.000000,https://fragilestatesindex.org/excel/ (archived in MainCode/fsi-2007.xlsx),thesis_archived_workbook
United Arab Emirates,2008,138.000000,51.200000,1.900000,3.800000,4.300000,2.600000,5.500000,3.400000,7.000000,3.900000,5.900000,5.000000,3.600000,4.300000,https://fragilestatesindex.org/excel/ (archived in MainCode/fsi-2008.xlsx),thesis_archived_workbook
United Arab Emirates,2009,139.000000,51.800000,2.300000,4.000000,4.700000,3.200000,5.700000,3.300000,6.700000,3.600000,5.800000,4.600000,3.400000,4.500000,https://fragilestatesindex.org/excel/ (archived in MainCode/fsi-2009.xlsx),thesis_archived_workbook
United Arab Emirates,2010,137.000000,52.400000,2.700000,4.000000,4.700000,3.900000,5.700000,3.300000,6.700000,3.400000,5.900000,4.400000,3.200000,4.500000,https://fragilestatesindex.org/excel/ (archived in MainCode/fsi-2010.xlsx),thesis_archived_workbook
United Arab Emirates,2011,138.000000,50.400000,3.000000,3.600000,4.600000,4.200000,5.400000,3.000000,6.500000,3.300000,5.700000,4.100000,2.800000,4.100000,https://fragilestatesindex.org/excel/ (archived in MainCode/fsi-2011.xlsx),thesis_archived_workbook
United Arab Emirates,2012,140.000000,48.900000,3.200000,3.600000,4.300000,3.900000,5.100000,2.700000,6.400000,3.100000,5.900000,4.100000,2.800000,3.800000,https://fragilestatesindex.org/excel/ (archived in MainCode/fsi-2012.xlsx),thesis_archived_workbook
United Arab Emirates,2013,142.000000,47.300000,2.900000,3.600000,4.300000,3.500000,4.800000,2.400000,6.500000,2.900000,6.400000,3.900000,2.500000,3.500000,https://fragilestatesindex.org/excel/ (archived in MainCode/fsi-2013.xlsx),thesis_archived_workbook
United Arab Emirates,2014,143.000000,47.600000,3.100000,3.600000,4.000000,3.400000,4.500000,2.700000,6.700000,3.200000,6.500000,4.200000,2.500000,3.200000,https://fragilestatesindex.org/excel/ (archived in MainCode/fsi-2014.xlsx),thesis_archived_workbook
United Arab Emirates,2015,144.000000,46.200000,3.100000,3.600000,3.900000,2.900000,4.200000,2.500000,6.600000,2.700000,7.100000,4.500000,2.200000,2.900000,https://fragilestatesindex.org/excel/ (archived in MainCode/fsi-2015.xlsx),thesis_archived_workbook
United Arab Emirates,2016,145.000000,44.500000,2.800000,3.600000,3.600000,2.600000,3.900000,2.200000,6.900000,2.400000,7.500000,4.200000,2.200000,2.600000,https://fragilestatesindex.org/excel/ (archived in MainCode/fsi-2016.xlsx),thesis_archived_workbook
United Arab Emirates,2017,147.000000,43.700000,3.100000,3.600000,3.400000,2.400000,3.400000,2.500000,6.700000,2.200000,7.800000,4.000000,2.200000,2.400000,https://fragilestatesindex.org/excel/ (archived in MainCode/fsi-2017.xlsx),thesis_archived_workbook
United Arab Emirates,2018,146.000000,42.829245,3.400000,3.600000,3.100000,2.500000,3.100000,2.770966,6.618284,1.900000,7.900000,3.700000,2.139994,2.100000,https://fragilestatesindex.org/excel/ (archived in MainCode/fsi-2018.xlsx),thesis_archived_workbook
United Arab Emirates,2019,149.000000,40.100000,3.100000,3.600000,2.800000,2.200000,2.800000,2.500000,6.600000,1.600000,7.600000,3.400000,1.800000,2.100000,https://fragilestatesindex.org/excel/ (archived in MainCode/fsi-2019.xlsx),thesis_archived_workbook
United Arab Emirates,2020,152.000000,38.099225,2.800000,3.600000,2.500000,1.900000,2.800000,2.200000,6.524939,1.374286,7.300000,3.100000,1.900000,2.100000,https://fragilestatesindex.org/excel/ (archived in MainCode/fsi-2020.xlsx),thesis_archived_workbook
United Arab Emirates,2021,151.000000,40.300000,2.500000,3.600000,2.800000,2.400000,3.300000,2.200000,6.400000,2.900000,7.000000,3.600000,1.800000,1.800000,https://fragilestatesindex.org/wp-content/uploads/2021/05/fsi-2021.xlsx,publisher_workbook
United Arab Emirates,2022,152.000000,39.100000,2.600000,3.600000,2.500000,1.900000,3.000000,2.200000,6.400000,2.400000,7.100000,3.900000,1.700000,1.800000,https://fragilestatesindex.org/wp-content/uploads/2022/07/fsi-2022-download.xlsx,publisher_workbook
United Arab Emirates,2023,156.000000,37.000000,2.300000,3.600000,2.200000,1.600000,3.100000,2.100000,6.400000,2.100000,6.800000,3.600000,1.400000,1.800000,https://fragilestatesindex.org/wp-content/uploads/2023/06/FSI-2023-DOWNLOAD.xlsx,publisher_workbook
United Kingdom,2006,130.000000,34.200000,2.500000,3.000000,5.000000,1.000000,5.000000,2.000000,2.500000,1.800000,2.000000,3.500000,3.900000,2.000000,https://fragilestatesindex.org/excel/ (archived in MainCode/fsi-2006.xlsx),thesis_archived_workbook
United Kingdom,2007,156.000000,34.100000,3.000000,2.700000,4.200000,1.400000,4.700000,2.000000,2.200000,1.800000,2.600000,3.400000,4.000000,2.100000,https://fragilestatesindex.org/excel/ (archived in MainCode/fsi-2007.xlsx),thesis_archived_workbook
United Kingdom,2008,160.000000,32.900000,3.000000,2.700000,4.500000,1.700000,4.500000,2.000000,2.000000,1.800000,2.600000,3.000000,3.000000,2.100000,https://fragilestatesindex.org/excel/ (archived in MainCode/fsi-2008.xlsx),thesis_archived_workbook
United Kingdom,2009,161.000000,33.600000,2.600000,2.900000,4.300000,2.500000,4.700000,1.900000,1.800000,2.200000,2.300000,3.200000,2.800000,2.400000,https://fragilestatesindex.org/excel/ (archived in MainCode/fsi-2009.xlsx),thesis_archived_workbook
United Kingdom,2010,161.000000,33.900000,2.700000,3.200000,4.100000,3.000000,4.500000,1.800000,1.600000,2.300000,2.300000,3.200000,3.000000,2.200000,https://fragilestatesindex.org/excel/ (archived in MainCode/fsi-2010.xlsx),thesis_archived_workbook
United Kingdom,2011,159.000000,34.100000,2.700000,3.600000,4.400000,3.300000,4.200000,2.100000,1.400000,2.200000,2.000000,2.900000,3.300000,1.900000,https://fragilestatesindex.org/excel/ (archived in MainCode/fsi-2011.xlsx),thesis_archived_workbook
United Kingdom,2012,158.000000,35.300000,3.000000,3.600000,4.700000,3.700000,3.900000,2.400000,1.900000,2.600000,2.100000,2.800000,3.000000,1.600000,https://fragilestatesindex.org/excel/ (archived in MainCode/fsi-2012.xlsx),thesis_archived_workbook
United Kingdom,2013,160.000000,33.200000,2.700000,3.500000,5.000000,4.100000,3.600000,2.100000,1.600000,2.300000,1.800000,2.500000,2.700000,1.300000,https://fragilestatesindex.org/excel/ (archived in MainCode/fsi-2013.xlsx),thesis_archived_workbook
United Kingdom,2014,161.000000,34.300000,2.800000,3.500000,5.300000,4.000000,3.400000,2.100000,1.700000,2.400000,2.100000,2.800000,2.700000,1.500000,https://fragilestatesindex.org/excel/ (archived in MainCode/fsi-2014.xlsx),thesis_archived_workbook
United Kingdom,2015,161.000000,33.400000,2.500000,3.500000,5.600000,3.900000,3.700000,2.100000,2.000000,2.100000,1.800000,2.600000,2.400000,1.200000,https://fragilestatesindex.org/excel/ (archived in MainCode/fsi-2015.xlsx),thesis_archived_workbook
United Kingdom,2016,162.000000,32.400000,2.400000,3.500000,5.900000,3.800000,3.800000,1.800000,1.700000,1.800000,1.900000,2.600000,2.200000,1.000000,https://fragilestatesindex.org/excel/ (archived in MainCode/fsi-2016.xlsx),thesis_archived_workbook
United Kingdom,2017,160.000000,33.200000,2.700000,4.500000,6.400000,3.600000,3.600000,2.100000,1.500000,1.600000,1.700000,2.400000,2.100000,1.000000,https://fragilestatesindex.org/excel/ (archived in MainCode/fsi-2017.xlsx),thesis_archived_workbook
United Kingdom,2018,159.000000,34.298822,3.200000,5.000000,6.400000,3.600000,3.700000,2.421626,1.800000,1.347211,1.783620,2.100000,1.946365,1.000000,https://fragilestatesindex.org/excel/ (archived in MainCode/fsi-2018.xlsx),thesis_archived_workbook
United Kingdom,2019,155.000000,36.700000,3.500000,5.500000,6.400000,3.900000,4.000000,2.500000,2.300000,1.500000,1.500000,1.900000,1.600000,2.000000,https://fragilestatesindex.org/excel/ (archived in MainCode/fsi-2019.xlsx),thesis_archived_workbook
United Kingdom,2020,149.000000,38.260475,3.800000,5.800000,6.400000,4.400000,3.700000,2.499534,2.900000,1.606295,1.800000,1.620938,1.733709,2.000000,https://fragilestatesindex.org/excel/ (archived in MainCode/fsi-2020.xlsx),thesis_archived_workbook
United Kingdom,2021,150.000000,41.500000,3.500000,5.800000,6.100000,5.200000,3.500000,2.500000,3.200000,2.600000,2.100000,3.600000,1.700000,1.700000,https://fragilestatesindex.org/wp-content/uploads/2021/05/fsi-2021.xlsx,publisher_workbook
United Kingdom,2022,150.000000,40.600000,3.200000,5.800000,6.100000,4.700000,3.200000,2.400000,3.300000,2.300000,2.400000,3.900000,1.900000,1.400000,https://fragilestatesindex.org/wp-content/uploads/2022/07/fsi-2022-download.xlsx,publisher_workbook
United Kingdom,2023,148.000000,41.900000,2.900000,5.800000,6.100000,5.000000,3.700000,2.400000,3.600000,2.600000,2.700000,3.400000,2.400000,1.300000,https://fragilestatesindex.org/wp-content/uploads/2023/06/FSI-2023-DOWNLOAD.xlsx,publisher_workbook
United States,2006,128.000000,34.500000,1.000000,1.500000,3.000000,1.500000,6.000000,1.000000,2.500000,1.000000,5.000000,5.000000,6.000000,1.000000,https://fragilestatesindex.org/excel/ (archived in MainCode/fsi-2006.xlsx),thesis_archived_workbook
United States,2007,159.000000,33.600000,1.300000,1.700000,3.200000,1.800000,5.800000,1.000000,2.800000,1.400000,4.600000,3.500000,5.500000,1.000000,https://fragilestatesindex.org/excel/ (archived in MainCode/fsi-2007.xlsx),thesis_archived_workbook
United States,2008,161.000000,32.800000,1.300000,2.000000,3.200000,2.300000,5.500000,1.000000,3.000000,1.800000,4.200000,3.500000,4.000000,1.000000,https://fragilestatesindex.org/excel/ (archived in MainCode/fsi-2008.xlsx),thesis_archived_workbook
United States,2009,159.000000,34.000000,1.400000,2.500000,3.300000,2.900000,5.300000,1.000000,3.000000,2.300000,4.000000,3.100000,3.700000,1.500000,https://fragilestatesindex.org/excel/ (archived in MainCode/fsi-2009.xlsx),thesis_archived_workbook
United States,2010,158.000000,35.300000,1.600000,3.300000,3.400000,4.000000,5.400000,1.100000,2.500000,2.500000,3.700000,3.100000,3.200000,1.500000,https://fragilestatesindex.org/excel/ (archived in MainCode/fsi-2010.xlsx),thesis_archived_workbook
United States,2011,158.000000,34.800000,1.600000,3.600000,3.600000,3.700000,5.400000,1.100000,2.200000,2.700000,3.300000,3.400000,2.900000,1.300000,https://fragilestatesindex.org/excel/ (archived in MainCode/fsi-2011.xlsx),thesis_archived_workbook
United States,2012,159.000000,34.800000,1.900000,3.600000,3.900000,3.400000,5.100000,1.300000,2.600000,2.700000,3.500000,3.300000,2.600000,1.000000,https://fragilestatesindex.org/excel/ (archived in MainCode/fsi-2012.xlsx),thesis_archived_workbook
United States,2013,159.000000,33.500000,2.200000,3.900000,4.200000,3.200000,4.800000,1.000000,2.300000,2.400000,3.200000,3.000000,2.300000,1.000000,https://fragilestatesindex.org/excel/ (archived in MainCode/fsi-2013.xlsx),thesis_archived_workbook
United States,2014,159.000000,35.400000,2.700000,4.000000,4.500000,3.100000,4.500000,1.200000,2.400000,2.500000,3.500000,3.300000,2.400000,1.300000,https://fragilestatesindex.org/excel/ (archived in MainCode/fsi-2014.xlsx),thesis_archived_workbook
United States,2015,158.000000,35.400000,2.800000,4.000000,5.000000,2.800000,4.800000,1.500000,2.400000,2.100000,3.700000,3.000000,2.100000,1.100000,https://fragilestatesindex.org/excel/ (archived in MainCode/fsi-2015.xlsx),thesis_archived_workbook
United States,2016,159.000000,34.000000,2.900000,4.300000,5.100000,2.500000,4.500000,1.400000,2.100000,1.800000,3.400000,3.000000,2.100000,0.900000,https://fragilestatesindex.org/excel/ (archived in MainCode/fsi-2016.xlsx),thesis_archived_workbook
United States,2017,158.000000,35.600000,3.200000,5.300000,6.000000,2.400000,4.300000,1.700000,1.900000,1.600000,3.200000,2.800000,2.000000,1.200000,https://fragilestatesindex.org/excel/ (archived in MainCode/fsi-2017.xlsx),thesis_archived_workbook
United States,2018,154.000000,37.700000,3.464329,5.800000,6.100000,2.258378,4.000000,2.184960,2.400000,1.300000,3.291625,3.300000,2.100000,1.500000,https://fragilestatesindex.org/excel/ (archived in MainCode/fsi-2018.xlsx),thesis_archived_workbook
United States,2019,153.000000,38.000000,3.500000,5.800000,6.100000,2.100000,3.700000,1.900000,2.600000,1.200000,3.800000,3.300000,2.400000,1.600000,https://fragilestatesindex.org/excel/ (archived in MainCode/fsi-2019.xlsx),thesis_archived_workbook
United States,2020,149.000000,38.272758,3.800000,6.800000,6.200000,1.841120,3.400000,1.818509,2.900000,1.213129,3.900000,3.000000,2.100000,1.300000,https://fragilestatesindex.org/excel/ (archived in MainCode/fsi-2020.xlsx),thesis_archived_workbook
United States,2021,143.000000,44.600000,4.300000,7.300000,6.500000,2.100000,3.700000,1.800000,3.500000,2.700000,4.400000,5.000000,2.300000,1.000000,https://fragilestatesindex.org/wp-content/uploads/2021/05/fsi-2021.xlsx,publisher_workbook
United States,2022,140.000000,46.600000,5.000000,7.300000,6.800000,1.800000,3.700000,1.800000,4.500000,2.500000,4.500000,5.500000,2.500000,0.700000,https://fragilestatesindex.org/wp-content/uploads/2022/07/fsi-2022-download.xlsx,publisher_workbook
United States,2023,141.000000,45.300000,4.700000,7.300000,6.500000,2.100000,4.000000,1.700000,4.200000,2.200000,4.200000,5.200000,2.200000,1.000000,https://fragilestatesindex.org/wp-content/uploads/2023/06/FSI-2023-DOWNLOAD.xlsx,publisher_workbook
Uruguay,2006,120.000000,41.200000,3.000000,2.500000,2.000000,3.500000,5.000000,6.000000,3.000000,4.000000,2.500000,5.000000,1.000000,3.700000,https://fragilestatesindex.org/excel/ (archived in MainCode/fsi-2006.xlsx),thesis_archived_workbook
Uruguay,2007,150.000000,40.900000,3.000000,2.300000,2.000000,3.500000,5.100000,5.900000,2.900000,4.000000,2.500000,5.100000,1.100000,3.500000,https://fragilestatesindex.org/excel/ (archived in MainCode/fsi-2007.xlsx),thesis_archived_workbook
Uruguay,2008,151.000000,41.400000,3.000000,2.300000,2.000000,3.700000,5.100000,5.900000,2.900000,4.000000,2.500000,5.100000,1.100000,3.800000,https://fragilestatesindex.org/excel/ (archived in MainCode/fsi-2008.xlsx),thesis_archived_workbook
Uruguay,2009,154.000000,41.200000,3.300000,2.500000,2.000000,4.100000,5.200000,5.800000,2.800000,3.600000,2.500000,4.700000,1.000000,3.700000,https://fragilestatesindex.org/excel/ (archived in MainCode/fsi-2009.xlsx),thesis_archived_workbook
Uruguay,2010,153.000000,41.300000,3.400000,3.000000,2.000000,4.000000,5.000000,5.600000,2.600000,3.400000,2.500000,4.300000,1.300000,4.200000,https://fragilestatesindex.org/excel/ (archived in MainCode/fsi-2010.xlsx),thesis_archived_workbook
Uruguay,2011,154.000000,40.400000,3.700000,2.700000,2.400000,3.800000,4.700000,5.300000,2.500000,3.300000,2.500000,3.900000,1.700000,3.900000,https://fragilestatesindex.org/excel/ (archived in MainCode/fsi-2011.xlsx),thesis_archived_workbook
Uruguay,2012,154.000000,40.500000,4.000000,2.700000,2.700000,3.800000,4.600000,5.000000,2.200000,3.400000,2.600000,4.100000,1.800000,3.700000,https://fragilestatesindex.org/excel/ (archived in MainCode/fsi-2012.xlsx),thesis_archived_workbook
Uruguay,2013,155.000000,38.400000,3.700000,2.700000,2.800000,3.600000,4.400000,4.700000,1.700000,3.400000,2.300000,3.800000,1.900000,3.500000,https://fragilestatesindex.org/excel/ (archived in MainCode/fsi-2013.xlsx),thesis_archived_workbook
Uruguay,2014,155.000000,37.900000,3.400000,2.700000,2.700000,3.500000,4.500000,4.400000,1.600000,3.700000,2.200000,3.800000,2.200000,3.200000,https://fragilestatesindex.org/excel/ (archived in MainCode/fsi-2014.xlsx),thesis_archived_workbook
Uruguay,2015,155.000000,36.400000,3.700000,2.700000,3.000000,3.200000,4.200000,4.400000,1.400000,3.400000,2.200000,3.500000,1.900000,2.900000,https://fragilestatesindex.org/excel/ (archived in MainCode/fsi-2015.xlsx),thesis_archived_workbook
Uruguay,2016,155.000000,36.200000,3.500000,2.700000,2.700000,3.300000,4.300000,4.100000,1.100000,3.100000,2.500000,4.000000,2.200000,2.700000,https://fragilestatesindex.org/excel/ (archived in MainCode/fsi-2016.xlsx),thesis_archived_workbook
Uruguay,2017,157.000000,36.800000,3.800000,2.700000,2.500000,3.600000,4.100000,4.400000,1.000000,2.900000,2.800000,3.800000,2.500000,2.700000,https://fragilestatesindex.org/excel/ (archived in MainCode/fsi-2017.xlsx),thesis_archived_workbook
Uruguay,2018,157.000000,35.444748,4.100000,2.700000,2.291803,3.500000,3.800000,4.100000,0.700000,2.778225,3.089856,3.500000,2.427210,2.457654,https://fragilestatesindex.org/excel/ (archived in MainCode/fsi-2018.xlsx),thesis_archived_workbook
Uruguay,2019,158.000000,34.000000,4.300000,2.700000,2.200000,3.800000,3.300000,3.800000,0.700000,2.700000,2.900000,3.200000,2.100000,2.300000,https://fragilestatesindex.org/excel/ (archived in MainCode/fsi-2019.xlsx),thesis_archived_workbook
Uruguay,2020,157.000000,33.405777,4.503200,2.700000,2.118165,3.730805,3.000000,3.868642,0.484637,2.757467,2.654726,2.900000,2.200000,2.488137,https://fragilestatesindex.org/excel/ (archived in MainCode/fsi-2020.xlsx),thesis_archived_workbook
Uruguay,2021,158.000000,35.900000,4.200000,2.700000,2.400000,4.400000,3.300000,3.600000,0.500000,3.800000,3.000000,3.400000,1.900000,2.700000,https://fragilestatesindex.org/wp-content/uploads/2021/05/fsi-2021.xlsx,publisher_workbook
Uruguay,2022,157.000000,35.200000,3.900000,2.700000,2.300000,4.300000,3.200000,3.400000,0.400000,3.500000,3.300000,3.700000,2.100000,2.400000,https://fragilestatesindex.org/wp-content/uploads/2022/07/fsi-2022-download.xlsx,publisher_workbook
Uruguay,2023,157.000000,34.400000,3.600000,2.700000,2.300000,4.100000,3.300000,3.400000,0.400000,3.200000,3.600000,3.400000,1.800000,2.600000,https://fragilestatesindex.org/wp-content/uploads/2023/06/FSI-2023-DOWNLOAD.xlsx,publisher_workbook
Uzbekistan,2006,22.000000,94.400000,9.100000,9.100000,7.500000,7.000000,8.100000,7.500000,9.300000,7.000000,9.300000,7.700000,5.800000,7.000000,https://fragilestatesindex.org/excel/ (archived in MainCode/fsi-2006.xlsx),thesis_archived_workbook
Uzbekistan,2007,22.000000,93.500000,8.900000,9.200000,7.100000,7.500000,8.600000,7.100000,9.200000,6.800000,9.000000,7.700000,5.400000,7.000000,https://fragilestatesindex.org/excel/ (archived in MainCode/fsi-2007.xlsx),thesis_archived_workbook
Uzbekistan,2008,26.000000,93.400000,9.000000,9.200000,7.100000,7.700000,8.600000,7.100000,9.300000,6.800000,9.200000,7.700000,5.400000,6.300000,https://fragilestatesindex.org/excel/ (archived in MainCode/fsi-2008.xlsx),thesis_archived_workbook
Uzbekistan,2009,31.000000,92.800000,9.000000,9.000000,7.400000,7.200000,8.700000,7.000000,9.000000,6.600000,9.200000,7.900000,5.300000,6.500000,https://fragilestatesindex.org/excel/ (archived in MainCode/fsi-2009.xlsx),thesis_archived_workbook
Uzbekistan,2010,36.000000,90.500000,8.800000,9.000000,7.400000,7.000000,8.500000,6.600000,8.500000,6.400000,9.300000,7.700000,5.100000,6.200000,https://fragilestatesindex.org/excel/ (archived in MainCode/fsi-2010.xlsx),thesis_archived_workbook
Uzbekistan,2011,39.000000,88.300000,8.500000,8.700000,7.400000,6.800000,8.200000,6.300000,8.400000,6.000000,9.000000,7.300000,5.700000,6.000000,https://fragilestatesindex.org/excel/ (archived in MainCode/fsi-2011.xlsx),thesis_archived_workbook
Uzbekistan,2012,39.000000,87.500000,8.200000,8.700000,7.700000,7.100000,7.900000,6.000000,8.700000,5.700000,9.100000,7.000000,5.700000,5.700000,https://fragilestatesindex.org/excel/ (archived in MainCode/fsi-2012.xlsx),thesis_archived_workbook
Uzbekistan,2013,44.000000,86.900000,7.900000,8.700000,7.500000,7.200000,7.600000,6.300000,9.000000,5.400000,9.200000,6.700000,6.000000,5.400000,https://fragilestatesindex.org/excel/ (archived in MainCode/fsi-2013.xlsx),thesis_archived_workbook
Uzbekistan,2014,48.000000,86.300000,7.600000,8.800000,7.400000,7.100000,7.300000,6.600000,9.300000,5.400000,9.300000,6.400000,5.700000,5.400000,https://fragilestatesindex.org/excel/ (archived in MainCode/fsi-2014.xlsx),thesis_archived_workbook
Uzbekistan,2015,52.000000,85.300000,7.600000,8.800000,7.600000,6.800000,7.000000,6.300000,9.600000,5.400000,9.100000,6.100000,6.000000,5.100000,https://fragilestatesindex.org/excel/ (archived in MainCode/fsi-2015.xlsx),thesis_archived_workbook
Uzbekistan,2016,60.000000,83.500000,7.300000,8.800000,7.300000,6.500000,7.100000,6.000000,9.700000,5.100000,9.400000,5.800000,5.700000,4.800000,https://fragilestatesindex.org/excel/ (archived in MainCode/fsi-2016.xlsx),thesis_archived_workbook
Uzbekistan,2017,63.000000,81.500000,7.100000,8.800000,7.100000,6.300000,6.900000,6.000000,9.500000,4.900000,9.200000,5.600000,5.500000,4.600000,https://fragilestatesindex.org/excel/ (archived in MainCode/fsi-2017.xlsx),thesis_archived_workbook
Uzbekistan,2018,67.000000,79.100000,7.100000,8.800000,6.900000,6.100000,6.700000,5.800000,9.500000,4.700000,8.700000,5.400000,5.300000,4.100000,https://fragilestatesindex.org/excel/ (archived in MainCode/fsi-2018.xlsx),thesis_archived_workbook
Uzbekistan,2019,70.000000,75.700000,6.800000,8.800000,6.600000,5.800000,6.200000,5.500000,9.500000,4.400000,7.900000,5.100000,5.000000,4.100000,https://fragilestatesindex.org/excel/ (archived in MainCode/fsi-2019.xlsx),thesis_archived_workbook
Uzbekistan,2020,74.000000,73.103887,6.500000,8.800000,6.300000,5.500000,5.900000,5.200000,9.440512,4.100000,7.600000,4.800000,4.700000,4.263376,https://fragilestatesindex.org/excel/ (archived in MainCode/fsi-2020.xlsx),thesis_archived_workbook
Uzbekistan,2021,80.000000,72.000000,6.200000,8.800000,6.000000,5.400000,5.700000,5.200000,9.300000,4.600000,7.600000,4.800000,4.400000,4.000000,https://fragilestatesindex.org/wp-content/uploads/2021/05/fsi-2021.xlsx,publisher_workbook
Uzbekistan,2022,88.000000,69.600000,5.900000,8.800000,5.700000,5.100000,5.600000,5.100000,9.200000,4.300000,7.600000,4.500000,4.100000,3.700000,https://fragilestatesindex.org/wp-content/uploads/2022/07/fsi-2022-download.xlsx,publisher_workbook
Uzbekistan,2023,95.000000,66.800000,5.600000,8.800000,5.400000,5.100000,5.300000,4.800000,9.000000,4.000000,7.300000,4.300000,3.800000,3.400000,https://fragilestatesindex.org/wp-content/uploads/2023/06/FSI-2023-DOWNLOAD.xlsx,publisher_workbook
Venezuela,2006,63.000000,81.200000,7.500000,7.300000,6.800000,4.000000,8.000000,7.000000,7.500000,7.000000,7.800000,7.500000,4.800000,6.000000,https://fragilestatesindex.org/excel/ (archived in MainCode/fsi-2006.xlsx),thesis_archived_workbook
Venezuela,2007,73.000000,79.800000,6.900000,7.500000,6.800000,4.000000,8.200000,6.900000,7.500000,6.300000,7.900000,6.900000,5.200000,5.700000,https://fragilestatesindex.org/excel/ (archived in MainCode/fsi-2007.xlsx),thesis_archived_workbook
Venezuela,2008,79.000000,77.900000,6.600000,7.500000,6.800000,4.600000,8.000000,6.900000,7.100000,6.300000,7.400000,6.500000,5.000000,5.200000,https://fragilestatesindex.org/excel/ (archived in MainCode/fsi-2008.xlsx),thesis_archived_workbook
Venezuela,2009,77.000000,79.500000,6.900000,7.700000,7.000000,5.300000,8.000000,6.900000,7.200000,5.900000,7.300000,6.800000,5.000000,5.500000,https://fragilestatesindex.org/excel/ (archived in MainCode/fsi-2009.xlsx),thesis_archived_workbook
Venezuela,2010,82.000000,78.700000,6.700000,7.500000,6.800000,5.800000,7.600000,6.700000,7.200000,6.100000,7.200000,6.300000,5.100000,5.700000,https://fragilestatesindex.org/excel/ (archived in MainCode/fsi-2010.xlsx),thesis_archived_workbook
Venezuela,2011,80.000000,78.200000,7.000000,7.300000,7.000000,6.100000,7.300000,6.400000,7.500000,5.800000,7.400000,6.000000,4.800000,5.500000,https://fragilestatesindex.org/excel/ (archived in MainCode/fsi-2011.xlsx),thesis_archived_workbook
Venezuela,2012,82.000000,77.300000,6.700000,7.300000,6.700000,5.900000,7.200000,6.100000,7.900000,6.300000,7.700000,5.700000,4.500000,5.200000,https://fragilestatesindex.org/excel/ (archived in MainCode/fsi-2012.xlsx),thesis_archived_workbook
Venezuela,2013,89.000000,75.300000,6.500000,7.300000,6.400000,5.400000,6.900000,5.800000,7.600000,6.500000,7.700000,5.400000,4.800000,4.900000,https://fragilestatesindex.org/excel/ (archived in MainCode/fsi-2013.xlsx),thesis_archived_workbook
Venezuela,2014,83.000000,76.700000,6.200000,7.700000,6.800000,5.500000,6.900000,5.500000,7.700000,7.500000,7.800000,5.400000,5.100000,4.600000,https://fragilestatesindex.org/excel/ (archived in MainCode/fsi-2014.xlsx),thesis_archived_workbook
Venezuela,2015,74.000000,78.700000,6.500000,8.100000,7.300000,6.500000,6.700000,5.200000,8.600000,7.200000,8.300000,5.100000,4.800000,4.300000,https://fragilestatesindex.org/excel/ (archived in MainCode/fsi-2015.xlsx),thesis_archived_workbook
Venezuela,2016,63.000000,81.600000,6.800000,8.200000,7.400000,7.000000,6.900000,5.200000,8.700000,7.200000,8.600000,5.200000,4.800000,5.600000,https://fragilestatesindex.org/excel/ (archived in MainCode/fsi-2016.xlsx),thesis_archived_workbook
Venezuela,2017,58.000000,82.900000,7.300000,8.200000,7.200000,7.300000,6.700000,5.500000,8.500000,7.700000,8.900000,5.600000,4.600000,5.400000,https://fragilestatesindex.org/excel/ (archived in MainCode/fsi-2017.xlsx),thesis_archived_workbook
Venezuela,2018,46.000000,86.206925,7.378925,8.528000,7.300000,8.300000,6.600000,6.000000,9.000000,7.800000,9.000000,5.700000,5.100000,5.500000,https://fragilestatesindex.org/excel/ (archived in MainCode/fsi-2018.xlsx),thesis_archived_workbook
Venezuela,2019,32.000000,89.300000,7.400000,8.800000,7.600000,8.600000,6.900000,6.100000,9.300000,8.300000,9.000000,6.200000,5.600000,5.500000,https://fragilestatesindex.org/excel/ (archived in MainCode/fsi-2019.xlsx),thesis_archived_workbook
Venezuela,2020,28.000000,91.157591,7.244253,9.152000,7.300000,8.700000,6.600000,6.350284,9.311054,8.400000,9.000000,6.500000,6.600000,6.000000,https://fragilestatesindex.org/excel/ (archived in MainCode/fsi-2020.xlsx),thesis_archived_workbook
Venezuela,2021,25.000000,92.600000,7.300000,9.300000,7.000000,9.800000,6.700000,6.500000,9.500000,8.900000,9.100000,6.500000,6.300000,5.700000,https://fragilestatesindex.org/wp-content/uploads/2021/05/fsi-2021.xlsx,publisher_workbook
Venezuela,2022,26.000000,91.600000,7.000000,9.400000,6.700000,9.900000,6.800000,6.600000,9.600000,8.600000,8.800000,6.800000,6.000000,5.400000,https://fragilestatesindex.org/wp-content/uploads/2022/07/fsi-2022-download.xlsx,publisher_workbook
Venezuela,2023,29.000000,90.500000,6.700000,9.400000,6.400000,9.400000,6.900000,6.500000,9.600000,8.300000,8.600000,6.500000,6.500000,5.700000,https://fragilestatesindex.org/wp-content/uploads/2023/06/FSI-2023-DOWNLOAD.xlsx,publisher_workbook
Vietnam,2006,70.000000,78.600000,7.500000,7.000000,5.300000,5.600000,6.200000,7.000000,7.000000,6.600000,7.000000,7.000000,6.500000,5.900000,https://fragilestatesindex.org/excel/ (archived in MainCode/fsi-2006.xlsx),thesis_archived_workbook
Vietnam,2007,78.000000,77.800000,7.400000,7.000000,5.300000,6.200000,6.200000,7.000000,7.000000,6.500000,6.900000,6.500000,5.900000,5.900000,https://fragilestatesindex.org/excel/ (archived in MainCode/fsi-2007.xlsx),thesis_archived_workbook
Vietnam,2008,95.000000,74.600000,6.400000,6.900000,5.300000,6.100000,6.200000,6.000000,7.200000,6.000000,7.000000,6.600000,5.000000,5.900000,https://fragilestatesindex.org/excel/ (archived in MainCode/fsi-2008.xlsx),thesis_archived_workbook
Vietnam,2009,94.000000,76.900000,6.200000,7.100000,5.500000,6.700000,6.500000,6.000000,7.300000,6.300000,7.200000,6.800000,5.300000,6.000000,https://fragilestatesindex.org/excel/ (archived in MainCode/fsi-2009.xlsx),thesis_archived_workbook
Vietnam,2010,95.000000,76.600000,6.000000,7.000000,5.300000,6.600000,6.500000,5.900000,7.300000,6.400000,7.300000,6.900000,5.200000,6.200000,https://fragilestatesindex.org/excel/ (archived in MainCode/fsi-2010.xlsx),thesis_archived_workbook
Vietnam,2011,88.000000,76.100000,6.000000,6.900000,5.700000,6.100000,6.200000,5.700000,7.500000,6.400000,7.700000,6.700000,5.000000,6.100000,https://fragilestatesindex.org/excel/ (archived in MainCode/fsi-2011.xlsx),thesis_archived_workbook
Vietnam,2012,96.000000,74.000000,5.700000,6.900000,6.000000,6.100000,5.900000,6.000000,7.500000,6.100000,7.400000,6.100000,4.400000,5.900000,https://fragilestatesindex.org/excel/ (archived in MainCode/fsi-2012.xlsx),thesis_archived_workbook
Vietnam,2013,97.000000,73.100000,5.400000,6.900000,5.700000,6.200000,5.800000,5.700000,7.800000,5.800000,7.500000,5.900000,4.700000,5.600000,https://fragilestatesindex.org/excel/ (archived in MainCode/fsi-2013.xlsx),thesis_archived_workbook
Vietnam,2014,98.000000,72.700000,5.100000,6.900000,6.000000,5.700000,5.800000,5.500000,8.000000,5.500000,7.600000,6.200000,5.000000,5.400000,https://fragilestatesindex.org/excel/ (archived in MainCode/fsi-2014.xlsx),thesis_archived_workbook
Vietnam,2015,97.000000,72.400000,5.100000,6.900000,6.500000,5.800000,5.500000,5.600000,8.100000,5.200000,7.800000,6.100000,4.700000,5.100000,https://fragilestatesindex.org/excel/ (archived in MainCode/fsi-2015.xlsx),thesis_archived_workbook
Vietnam,2016,106.000000,70.700000,4.800000,6.900000,6.200000,5.300000,5.200000,5.900000,8.400000,4.900000,7.500000,5.800000,4.400000,5.400000,https://fragilestatesindex.org/excel/ (archived in MainCode/fsi-2016.xlsx),thesis_archived_workbook
Vietnam,2017,105.000000,70.200000,4.600000,6.900000,6.000000,5.100000,5.000000,6.200000,8.300000,4.700000,7.400000,6.100000,4.700000,5.200000,https://fragilestatesindex.org/excel/ (archived in MainCode/fsi-2017.xlsx),thesis_archived_workbook
Vietnam,2018,107.000000,68.395652,4.300000,6.900000,5.700000,4.800000,4.700000,6.169326,8.326326,4.400000,7.700000,5.800000,4.400000,5.200000,https://fragilestatesindex.org/excel/ (archived in MainCode/fsi-2018.xlsx),thesis_archived_workbook
Vietnam,2019,109.000000,66.100000,4.200000,6.900000,5.800000,4.300000,4.200000,5.900000,8.400000,4.100000,7.800000,5.500000,4.100000,4.900000,https://fragilestatesindex.org/excel/ (archived in MainCode/fsi-2019.xlsx),thesis_archived_workbook
Vietnam,2020,110.000000,63.885397,4.210822,6.900000,5.500000,4.000000,3.900000,5.600000,8.323292,3.800000,7.651283,5.000000,4.400000,4.600000,https://fragilestatesindex.org/excel/ (archived in MainCode/fsi-2020.xlsx),thesis_archived_workbook
Vietnam,2021,114.000000,63.300000,3.900000,6.900000,5.200000,3.900000,3.800000,5.300000,8.400000,4.300000,7.800000,5.000000,4.500000,4.300000,https://fragilestatesindex.org/wp-content/uploads/2021/05/fsi-2021.xlsx,publisher_workbook
Vietnam,2022,115.000000,60.900000,3.800000,6.900000,5.100000,3.600000,3.500000,5.000000,8.300000,4.000000,7.800000,4.700000,4.200000,4.000000,https://fragilestatesindex.org/wp-content/uploads/2022/07/fsi-2022-download.xlsx,publisher_workbook
Vietnam,2023,118.000000,58.300000,3.500000,6.900000,4.800000,3.600000,3.500000,4.700000,8.000000,3.800000,7.500000,4.400000,3.900000,3.700000,https://fragilestatesindex.org/wp-content/uploads/2023/06/FSI-2023-DOWNLOAD.xlsx,publisher_workbook
Yemen,2006,16.000000,96.600000,9.000000,9.400000,7.000000,7.800000,9.000000,8.200000,8.800000,8.200000,7.200000,7.800000,6.700000,7.500000,https://fragilestatesindex.org/excel/ (archived in MainCode/fsi-2006.xlsx),thesis_archived_workbook
Yemen,2007,24.000000,93.200000,8.000000,9.000000,7.300000,8.000000,8.700000,7.200000,7.800000,8.100000,7.200000,8.000000,6.700000,7.200000,https://fragilestatesindex.org/excel/ (archived in MainCode/fsi-2007.xlsx),thesis_archived_workbook
Yemen,2008,21.000000,95.400000,8.200000,8.900000,7.300000,8.200000,8.800000,7.200000,8.000000,8.300000,7.500000,8.600000,7.200000,7.200000,https://fragilestatesindex.org/excel/ (archived in MainCode/fsi-2008.xlsx),thesis_archived_workbook
Yemen,2009,18.000000,98.100000,8.400000,9.000000,7.700000,8.200000,8.900000,7.400000,8.300000,8.500000,7.700000,8.800000,7.900000,7.300000,https://fragilestatesindex.org/excel/ (archived in MainCode/fsi-2009.xlsx),thesis_archived_workbook
Yemen,2010,15.000000,100.000000,8.900000,9.200000,8.200000,7.900000,8.600000,7.200000,8.700000,8.600000,8.000000,8.600000,8.300000,7.800000,https://fragilestatesindex.org/excel/ (archived in MainCode/fsi-2010.xlsx),thesis_archived_workbook
Yemen,2011,13.000000,100.300000,9.300000,9.300000,8.600000,7.700000,8.300000,6.900000,8.600000,8.700000,7.700000,8.700000,8.400000,8.200000,https://fragilestatesindex.org/excel/ (archived in MainCode/fsi-2011.xlsx),thesis_archived_workbook
Yemen,2012,8.000000,104.800000,9.700000,9.800000,9.000000,8.700000,8.400000,7.000000,9.100000,9.000000,8.400000,8.800000,8.700000,8.300000,https://fragilestatesindex.org/excel/ (archived in MainCode/fsi-2012.xlsx),thesis_archived_workbook
Yemen,2013,6.000000,107.000000,9.800000,9.500000,9.000000,9.200000,8.100000,7.400000,9.300000,8.700000,8.700000,9.300000,9.200000,8.700000,https://fragilestatesindex.org/excel/ (archived in MainCode/fsi-2013.xlsx),thesis_archived_workbook
Yemen,2014,8.000000,105.400000,9.500000,9.400000,9.300000,9.100000,7.800000,7.300000,8.900000,8.500000,9.000000,9.100000,9.000000,8.500000,https://fragilestatesindex.org/excel/ (archived in MainCode/fsi-2014.xlsx),thesis_archived_workbook
Yemen,2015,7.000000,108.200000,10.000000,9.400000,9.400000,9.300000,8.100000,7.500000,9.300000,8.200000,9.100000,9.200000,9.100000,9.500000,https://fragilestatesindex.org/excel/ (archived in MainCode/fsi-2015.xlsx),thesis_archived_workbook
Yemen,2016,4.000000,111.500000,10.000000,9.500000,9.500000,9.400000,8.400000,7.500000,9.400000,9.300000,9.400000,9.500000,9.600000,10.000000,https://fragilestatesindex.org/excel/ (archived in MainCode/fsi-2016.xlsx),thesis_archived_workbook
Yemen,2017,4.000000,111.100000,9.800000,9.500000,9.300000,9.300000,8.200000,7.300000,9.700000,9.600000,9.700000,9.300000,9.400000,10.000000,https://fragilestatesindex.org/excel/ (archived in MainCode/fsi-2017.xlsx),thesis_archived_workbook
Yemen,2018,3.000000,112.671504,9.900000,10.000000,9.500000,9.600000,8.200000,7.180662,9.728508,9.700000,9.762334,9.600000,9.500000,10.000000,https://fragilestatesindex.org/excel/ (archived in MainCode/fsi-2018.xlsx),thesis_archived_workbook
Yemen,2019,1.000000,113.500000,10.000000,10.000000,9.600000,9.700000,8.100000,7.300000,9.800000,9.800000,9.900000,9.700000,9.600000,10.000000,https://fragilestatesindex.org/excel/ (archived in MainCode/fsi-2019.xlsx),thesis_archived_workbook
Yemen,2020,1.000000,112.438694,9.700000,10.000000,9.698870,9.400000,7.800000,7.000000,9.889823,9.500000,9.950000,9.800000,9.700000,10.000000,https://fragilestatesindex.org/excel/ (archived in MainCode/fsi-2020.xlsx),thesis_archived_workbook
Yemen,2021,1.000000,111.700000,9.400000,10.000000,9.400000,9.800000,7.700000,6.700000,9.900000,9.800000,9.700000,9.800000,9.800000,9.700000,https://fragilestatesindex.org/wp-content/uploads/2021/05/fsi-2021.xlsx,publisher_workbook
Yemen,2022,1.000000,111.700000,9.100000,10.000000,9.100000,9.900000,8.000000,6.700000,9.900000,9.900000,9.900000,9.900000,9.900000,9.400000,https://fragilestatesindex.org/wp-content/uploads/2022/07/fsi-2022-download.xlsx,publisher_workbook
Yemen,2023,2.000000,108.900000,8.600000,9.900000,8.800000,9.900000,7.900000,6.400000,9.800000,9.600000,9.600000,9.600000,9.600000,9.200000,https://fragilestatesindex.org/wp-content/uploads/2023/06/FSI-2023-DOWNLOAD.xlsx,publisher_workbook
Zambia,2006,66.000000,79.600000,6.000000,5.200000,5.200000,7.600000,7.300000,6.700000,7.500000,7.800000,5.800000,9.200000,5.200000,6.100000,https://fragilestatesindex.org/excel/ (archived in MainCode/fsi-2006.xlsx),thesis_archived_workbook
Zambia,2007,69.000000,80.600000,5.500000,5.200000,5.200000,7.900000,7.400000,6.700000,7.600000,7.900000,5.800000,9.100000,6.200000,6.100000,https://fragilestatesindex.org/excel/ (archived in MainCode/fsi-2007.xlsx),thesis_archived_workbook
Zambia,2008,63.000000,81.600000,5.500000,5.500000,5.200000,8.100000,7.400000,6.700000,7.800000,7.900000,5.800000,8.800000,6.400000,6.500000,https://fragilestatesindex.org/excel/ (archived in MainCode/fsi-2008.xlsx),thesis_archived_workbook
Zambia,2009,60.000000,84.200000,5.200000,5.700000,5.300000,8.500000,7.100000,7.000000,7.800000,8.400000,5.600000,9.000000,7.100000,7.500000,https://fragilestatesindex.org/excel/ (archived in MainCode/fsi-2009.xlsx),thesis_archived_workbook
Zambia,2010,56.000000,83.900000,5.000000,6.100000,5.400000,8.000000,7.300000,7.100000,7.500000,8.000000,5.900000,9.000000,7.300000,7.300000,https://fragilestatesindex.org/excel/ (archived in MainCode/fsi-2010.xlsx),thesis_archived_workbook
Zambia,2011,55.000000,83.800000,5.300000,5.800000,5.700000,7.700000,7.300000,6.800000,7.600000,7.800000,6.100000,8.900000,7.600000,7.300000,https://fragilestatesindex.org/excel/ (archived in MainCode/fsi-2011.xlsx),thesis_archived_workbook
Zambia,2012,44.000000,85.900000,5.300000,6.000000,6.300000,8.100000,7.700000,7.100000,8.000000,7.700000,6.400000,9.100000,7.300000,7.000000,https://fragilestatesindex.org/excel/ (archived in MainCode/fsi-2012.xlsx),thesis_archived_workbook
Zambia,2013,45.000000,86.600000,5.000000,5.700000,6.000000,8.300000,8.000000,7.400000,8.000000,7.600000,6.700000,9.300000,7.400000,7.200000,https://fragilestatesindex.org/excel/ (archived in MainCode/fsi-2013.xlsx),thesis_archived_workbook
Zambia,2014,49.000000,86.200000,4.700000,5.700000,6.000000,8.000000,8.300000,7.700000,7.700000,7.900000,6.800000,9.300000,7.200000,6.900000,https://fragilestatesindex.org/excel/ (archived in MainCode/fsi-2014.xlsx),thesis_archived_workbook
Zambia,2015,53.000000,85.100000,5.000000,5.700000,5.700000,7.700000,8.600000,7.800000,7.400000,7.600000,6.800000,9.400000,6.900000,6.600000,https://fragilestatesindex.org/excel/ (archived in MainCode/fsi-2015.xlsx),thesis_archived_workbook
Zambia,2016,49.000000,86.300000,4.700000,5.700000,5.400000,8.100000,8.900000,8.100000,7.200000,8.100000,7.100000,9.500000,6.600000,6.900000,https://fragilestatesindex.org/excel/ (archived in MainCode/fsi-2016.xlsx),thesis_archived_workbook
Zambia,2017,46.000000,87.800000,4.600000,6.200000,5.900000,7.900000,9.200000,7.900000,7.700000,7.900000,7.400000,9.500000,6.400000,7.200000,https://fragilestatesindex.org/excel/ (archived in MainCode/fsi-2017.xlsx),thesis_archived_workbook
Zambia,2018,41.000000,87.224050,4.900000,5.900000,5.600000,7.800000,9.300000,7.621894,8.000000,7.600000,7.700000,9.502155,6.400000,6.900000,https://fragilestatesindex.org/excel/ (archived in MainCode/fsi-2018.xlsx),thesis_archived_workbook
Zambia,2019,40.000000,85.700000,5.100000,5.900000,5.300000,7.500000,9.400000,7.300000,8.100000,7.300000,7.400000,9.200000,6.100000,7.000000,https://fragilestatesindex.org/excel/ (archived in MainCode/fsi-2019.xlsx),thesis_archived_workbook
Zambia,2020,41.000000,84.474129,4.800000,5.900000,5.000000,7.802659,9.421157,7.000000,7.800000,7.721490,7.100000,9.428822,5.800000,6.700000,https://fragilestatesindex.org/excel/ (archived in MainCode/fsi-2020.xlsx),thesis_archived_workbook
Zambia,2021,42.000000,84.900000,4.500000,5.900000,5.300000,8.800000,9.300000,6.900000,7.500000,8.000000,7.000000,9.400000,5.500000,6.800000,https://fragilestatesindex.org/wp-content/uploads/2021/05/fsi-2021.xlsx,publisher_workbook
Zambia,2022,42.000000,83.600000,4.200000,5.900000,5.600000,8.700000,9.200000,6.800000,7.200000,7.800000,7.200000,9.300000,5.200000,6.500000,https://fragilestatesindex.org/wp-content/uploads/2022/07/fsi-2022-download.xlsx,publisher_workbook
Zambia,2023,48.000000,81.800000,3.900000,5.600000,5.900000,8.200000,9.100000,6.300000,6.700000,8.100000,7.500000,9.400000,4.900000,6.200000,https://fragilestatesindex.org/wp-content/uploads/2023/06/FSI-2023-DOWNLOAD.xlsx,publisher_workbook
Zimbabwe,2006,5.000000,108.900000,9.400000,8.500000,8.500000,9.800000,9.200000,9.000000,8.900000,9.500000,9.500000,9.700000,8.900000,8.000000,https://fragilestatesindex.org/excel/ (archived in MainCode/fsi-2006.xlsx),thesis_archived_workbook
Zimbabwe,2007,4.000000,110.100000,9.500000,9.000000,8.800000,10.000000,9.500000,9.100000,9.500000,9.600000,9.700000,9.700000,8.700000,7.000000,https://fragilestatesindex.org/excel/ (archived in MainCode/fsi-2007.xlsx),thesis_archived_workbook
Zimbabwe,2008,3.000000,112.500000,9.500000,9.300000,9.500000,10.000000,9.600000,10.000000,9.500000,9.600000,9.800000,9.700000,9.000000,7.000000,https://fragilestatesindex.org/excel/ (archived in MainCode/fsi-2008.xlsx),thesis_archived_workbook
Zimbabwe,2009,2.000000,114.000000,9.700000,9.500000,9.100000,10.000000,9.700000,10.000000,9.800000,9.800000,9.900000,9.800000,9.100000,7.600000,https://fragilestatesindex.org/excel/ (archived in MainCode/fsi-2009.xlsx),thesis_archived_workbook
Zimbabwe,2010,4.000000,110.200000,9.200000,9.500000,8.800000,9.600000,9.400000,9.700000,9.600000,9.400000,9.500000,9.400000,8.600000,7.500000,https://fragilestatesindex.org/excel/ (archived in MainCode/fsi-2010.xlsx),thesis_archived_workbook
Zimbabwe,2011,6.000000,107.900000,9.000000,9.600000,9.000000,9.000000,9.200000,9.300000,9.300000,9.000000,9.200000,9.300000,8.200000,7.800000,https://fragilestatesindex.org/excel/ (archived in MainCode/fsi-2011.xlsx),thesis_archived_workbook
Zimbabwe,2012,5.000000,106.300000,8.700000,9.800000,8.700000,8.900000,8.900000,9.000000,9.400000,9.100000,8.900000,9.000000,8.400000,7.500000,https://fragilestatesindex.org/excel/ (archived in MainCode/fsi-2012.xlsx),thesis_archived_workbook
Zimbabwe,2013,10.000000,105.200000,8.400000,9.700000,8.400000,8.600000,8.600000,8.600000,9.200000,9.100000,8.900000,9.200000,8.700000,7.800000,https://fragilestatesindex.org/excel/ (archived in MainCode/fsi-2013.xlsx),thesis_archived_workbook
Zimbabwe,2014,11.000000,102.800000,8.100000,10.000000,8.100000,8.300000,8.300000,8.300000,9.300000,8.800000,8.600000,8.900000,8.400000,7.700000,https://fragilestatesindex.org/excel/ (archived in MainCode/fsi-2014.xlsx),thesis_archived_workbook
Zimbabwe,2015,16.000000,100.000000,7.900000,9.700000,7.800000,8.000000,8.100000,8.000000,9.000000,8.500000,8.300000,8.700000,8.400000,7.600000,https://fragilestatesindex.org/excel/ (archived in MainCode/fsi-2015.xlsx),thesis_archived_workbook
Zimbabwe,2016,16.000000,100.500000,7.800000,9.800000,7.500000,8.300000,8.200000,8.100000,8.900000,8.500000,8.400000,8.600000,8.700000,7.700000,https://fragilestatesindex.org/excel/ (archived in MainCode/fsi-2016.xlsx),thesis_archived_workbook
Zimbabwe,2017,13.000000,101.600000,8.100000,9.800000,7.300000,8.600000,8.500000,7.900000,9.200000,8.900000,8.200000,9.100000,8.500000,7.500000,https://fragilestatesindex.org/excel/ (archived in MainCode/fsi-2017.xlsx),thesis_archived_workbook
Zimbabwe,2018,10.000000,102.293753,9.100000,10.000000,7.000000,8.600000,8.200000,7.600000,9.700000,8.900000,8.500000,8.893753,8.200000,7.600000,https://fragilestatesindex.org/excel/ (archived in MainCode/fsi-2018.xlsx),thesis_archived_workbook
Zimbabwe,2019,10.000000,99.500000,8.800000,10.000000,6.700000,8.100000,7.900000,7.300000,9.400000,8.600000,8.200000,9.000000,8.200000,7.300000,https://fragilestatesindex.org/excel/ (archived in MainCode/fsi-2019.xlsx),thesis_archived_workbook
Zimbabwe,2020,10.000000,99.220857,8.500000,10.000000,6.400000,8.600000,7.600000,7.000000,9.100000,8.679234,8.300000,9.300000,8.500000,7.241623,https://fragilestatesindex.org/excel/ (archived in MainCode/fsi-2020.xlsx),thesis_archived_workbook
Zimbabwe,2021,10.000000,99.100000,8.600000,10.000000,6.100000,9.400000,7.700000,7.100000,8.800000,9.000000,8.000000,9.300000,8.200000,6.900000,https://fragilestatesindex.org/wp-content/uploads/2021/05/fsi-2021.xlsx,publisher_workbook
Zimbabwe,2022,15.000000,97.800000,8.700000,9.900000,5.800000,9.100000,7.700000,7.000000,8.900000,8.700000,8.100000,9.000000,7.900000,7.000000,https://fragilestatesindex.org/wp-content/uploads/2022/07/fsi-2022-download.xlsx,publisher_workbook
Zimbabwe,2023,16.000000,96.900000,8.400000,10.000000,5.900000,9.200000,7.800000,7.100000,8.900000,8.800000,7.800000,8.700000,7.600000,6.700000,https://fragilestatesindex.org/wp-content/uploads/2023/06/FSI-2023-DOWNLOAD.xlsx,publisher_workbook
